Marital status,Application mode,Application order,Course,Daytime/evening attendance,Previous qualification,Previous qualification (grade),Nationality,Mother qualification,Father qualification,Mother occupation,Father occupation,Admission grade,Displaced,Educational special needs,Debtor,Tuition fees up to date,Gender,Scholarship holder,Age at enrollment,International,Curricular units 1st sem (credited),Curricular units 1st sem (enrolled),Curricular units 1st sem (evaluations),Curricular units 1st sem (approved),Curricular units 1st sem (grade),Curricular units 1st sem (without evaluations),Curricular units 2nd sem (credited),Curricular units 2nd sem (enrolled),Curricular units 2nd sem (evaluations),Curricular units 2nd sem (approved),Curricular units 2nd sem (grade),Curricular units 2nd sem (without evaluations),Unemployment rate,Inflation rate,GDP,Target
1,17,5,171,1,1,122,1,Basic,Secondary,Clerical/service,Low-skilled,127.3,1,0,0,1,1,0,20,0,0,0,0,0,0,0,0,0,0,0,0,0,10.8,1.4,1.74,Not on time
1,15,1,9254,1,1,160,1,Secondary,Higher,High-skilled,High-skilled,142.5,1,0,0,0,1,0,19,0,0,6,6,6,14,0,0,6,6,6,13.666666666666700,0,13.9,-0.3,0.79,Graduate
1,1,5,9070,1,1,122,1,Basic,Basic,Low-skilled,Low-skilled,124.8,1,0,0,0,1,0,19,0,0,6,0,0,0,0,0,6,0,0,0,0,10.8,1.4,1.74,Not on time
1,17,2,9773,1,1,122,1,Basic,Basic,Clerical/service,High-skilled,119.6,1,0,0,1,0,0,20,0,0,6,8,6,13.428571428571400,0,0,6,10,5,12.4,0,9.4,-0.8,-3.12,Graduate
2,39,1,8014,0,1,100,1,Basic,Basic,Low-skilled,Low-skilled,141.5,0,0,0,1,0,0,45,0,0,6,9,5,12.333333333333300,0,0,6,6,6,13,0,13.9,-0.3,0.79,Graduate
2,39,1,9991,0,19,133.1,1,Basic,Basic,Low-skilled,Manual skilled,114.8,0,0,1,1,1,0,50,0,0,5,10,5,11.857142857142900,0,0,5,17,5,11.5,5,16.2,0.3,-0.92,Graduate
1,1,1,9500,1,1,142,1,Basic,Basic,Manual skilled,Other/unknown,128.4,1,0,0,1,0,1,18,0,0,7,9,7,13.3,0,0,8,8,8,14.345,0,15.5,2.8,-4.06,Graduate
1,18,4,9254,1,1,119,1,Basic,Basic,Low-skilled,Low-skilled,113.1,1,0,0,0,1,0,22,0,0,5,5,0,0,0,0,5,5,0,0,0,15.5,2.8,-4.06,Not on time
1,1,3,9238,1,1,137,62,Secondary,Secondary,Low-skilled,Low-skilled,129.3,0,0,0,1,0,1,21,1,0,6,8,6,13.875,0,0,6,7,6,14.142857142857100,0,16.2,0.3,-0.92,Graduate
1,1,1,9238,1,1,138,1,Secondary,Basic,Clerical/service,Manual skilled,123,1,0,1,0,0,0,18,0,0,6,9,5,11.4,0,0,6,14,2,13.5,0,8.9,1.4,3.51,Not on time
1,1,1,9670,1,1,139,1,Basic,Basic,Clerical/service,Manual skilled,130.6,1,0,0,1,0,0,18,0,0,6,6,6,12.333333333333300,0,0,6,7,5,14.2,0,13.9,-0.3,0.79,Graduate
1,1,1,9500,1,1,136,1,Basic,Basic,Low-skilled,Low-skilled,119.3,1,0,0,1,0,1,18,0,0,8,8,7,13.214285714285700,0,0,8,8,7,13.214285714285700,0,12.7,3.7,-1.7,Graduate
1,1,2,9853,1,1,133,1,Basic,Basic,Clerical/service,Low-skilled,130.2,1,0,0,1,0,0,19,0,0,6,6,0,0,0,0,6,0,0,0,0,12.7,3.7,-1.7,Not on time
1,53,1,9254,1,42,110,1,Secondary,Secondary,Clerical/service,Manual skilled,111.8,1,0,0,1,0,1,21,0,0,6,7,6,10.571428571428600,0,0,6,8,5,11,0,8.9,1.4,3.51,Graduate
1,1,1,9085,1,1,149,1,Basic,Basic,Clerical/service,Clerical/service,137.1,1,0,0,1,0,1,18,0,0,5,7,4,13.25,0,0,5,5,5,12,0,10.8,1.4,1.74,Graduate
1,1,1,9773,1,1,127,1,Basic,Basic,Low-skilled,High-skilled,120.7,1,0,0,1,0,0,20,0,0,6,6,5,13.2,0,0,6,7,0,0,0,15.5,2.8,-4.06,Not on time
1,18,1,9238,1,1,137,1,Basic,Basic,Clerical/service,Manual skilled,137.4,1,0,0,1,0,0,18,0,0,6,10,1,12,0,0,6,14,2,11,0,10.8,1.4,1.74,Not on time
1,17,2,9500,1,1,135,1,Basic,Secondary,Clerical/service,Clerical/service,127.3,1,0,0,1,0,0,18,0,0,7,8,7,13.30625,0,0,8,8,8,14.545,0,15.5,2.8,-4.06,Graduate
1,1,1,9130,1,1,137,1,Higher,Basic,High-skilled,Clerical/service,136.3,1,0,0,1,0,0,20,0,0,5,8,4,12.5,1,0,5,8,4,12.25,2,10.8,1.4,1.74,Graduate
1,1,1,9853,1,1,140,1,Basic,Basic,Manual skilled,Manual skilled,124.6,1,0,0,1,0,0,18,0,0,7,7,6,11.666666666666700,0,0,7,8,6,13.5,0,16.2,0.3,-0.92,Not on time
1,1,3,171,1,1,122,1,Secondary,Secondary,Low-skilled,Manual skilled,120.3,0,0,0,1,0,1,21,0,0,0,0,0,0,0,0,0,0,0,0,0,11.1,0.6,2.02,Graduate
1,18,4,9556,1,1,127,1,Secondary,Basic,Clerical/service,Manual skilled,121.8,1,0,0,1,0,0,20,0,0,7,14,7,11.4375,0,0,8,9,8,11.425,0,12.7,3.7,-1.7,Not on time
1,1,4,9500,1,1,142,1,Basic,Basic,High-skilled,High-skilled,125.5,1,0,0,1,0,0,18,0,0,8,12,7,12.857142857142900,0,0,8,12,7,12.857142857142900,0,12.7,3.7,-1.7,Graduate
1,1,4,9670,1,1,125,1,Secondary,Basic,Clerical/service,Manual skilled,114.9,1,0,0,1,0,1,19,0,0,6,8,6,13.375,0,0,6,7,6,12.285714285714300,0,11.1,0.6,2.02,Graduate
1,1,1,9500,1,1,126,1,Basic,Basic,High-skilled,Manual skilled,123.9,0,0,0,1,0,0,19,0,0,7,8,6,13.296666666666700,0,0,8,9,7,14.114285714285700,0,11.1,0.6,2.02,Graduate
1,1,1,9238,1,1,151,1,Basic,Basic,Low-skilled,Low-skilled,157,1,0,1,1,0,1,18,0,0,6,8,5,11.6,0,0,6,12,4,11,0,7.6,2.6,0.32,Not on time
1,17,2,9238,1,1,115,1,Basic,Basic,Manual skilled,Manual skilled,116.4,1,0,0,1,0,0,21,0,0,6,9,6,11.375,0,0,6,9,6,13.285714285714300,0,16.2,0.3,-0.92,Graduate
1,1,1,9085,1,1,138,1,Basic,Basic,High-skilled,High-skilled,131,1,0,0,1,0,0,18,0,0,5,9,5,12.666666666666700,2,0,5,7,4,13,0,9.4,-0.8,-3.12,Not on time
1,1,1,9147,1,1,135,1,Basic,Secondary,Low-skilled,Low-skilled,122.1,1,0,0,1,0,0,20,0,0,5,6,5,12,0,0,5,6,5,12.333333333333300,0,16.2,0.3,-0.92,Graduate
1,17,2,9500,1,1,127,1,Higher,Higher,High-skilled,Other/unknown,118.8,1,0,0,1,1,0,19,0,0,7,9,6,12.933333333333300,0,0,7,7,6,13.716666666666700,0,16.2,0.3,-0.92,Not on time
1,44,1,9003,1,39,150,1,Higher,Higher,Clerical/service,High-skilled,150,0,0,0,1,1,0,21,0,0,6,15,5,11.857142857142900,0,0,6,17,5,10.571428571428600,0,16.2,0.3,-0.92,Not on time
1,51,1,9070,1,1,125,1,Higher,Higher,High-skilled,High-skilled,130,1,0,0,1,1,0,20,0,2,6,7,6,12.833333333333300,0,0,6,9,4,13.4,0,8.9,1.4,3.51,Graduate
1,1,1,9147,1,1,143,1,Secondary,Secondary,Clerical/service,Manual skilled,138.8,0,0,0,0,1,0,18,0,0,5,9,3,11.333333333333300,0,0,5,8,2,13.5,0,8.9,1.4,3.51,Not on time
1,18,1,8014,0,1,138,1,Basic,Secondary,Low-skilled,Clerical/service,134.5,1,0,0,1,0,0,19,0,0,6,6,6,12.666666666666700,0,0,6,8,6,14.375,0,12.4,0.5,1.79,Graduate
1,1,1,9991,0,1,130,1,Higher,Basic,High-skilled,Low-skilled,131.4,0,0,0,1,1,0,34,0,0,5,6,5,12.4,0,0,5,9,5,13.428571428571400,0,13.9,-0.3,0.79,Graduate
1,39,1,33,1,1,130,1,Basic,Basic,Low-skilled,Manual skilled,102.5,0,0,1,0,1,0,37,0,0,7,7,0,0,0,0,7,7,1,10,0,8.9,1.4,3.51,Not on time
1,39,1,9119,1,10,133.1,1,Unknown,Basic,Other/unknown,Other/unknown,128.8,1,0,0,1,1,0,43,0,0,5,0,0,0,0,0,5,0,0,0,0,7.6,2.6,0.32,Not on time
1,43,1,9147,1,1,140,1,Basic,Basic,Manual skilled,Manual skilled,122.9,0,0,0,1,0,0,55,0,0,5,10,1,10,0,0,5,8,2,12,2,16.2,0.3,-0.92,Not on time
4,39,1,9991,0,1,120,1,Basic,Basic,Low-skilled,High-skilled,113.9,1,0,0,1,0,0,39,0,0,5,8,5,11,0,0,5,5,5,11.6,0,7.6,2.6,0.32,Graduate
1,44,1,9130,1,39,120,6,Higher,Higher,High-skilled,Manual skilled,120,0,0,1,0,0,0,20,1,2,6,13,3,11.666666666666700,0,1,6,11,3,12,0,12.4,0.5,1.79,Not on time
1,1,5,9773,1,1,126,1,Higher,Higher,High-skilled,High-skilled,121.1,0,0,1,1,0,0,18,0,0,6,6,4,12.75,0,0,5,5,0,0,0,12.7,3.7,-1.7,Not on time
1,1,2,9147,1,1,133,1,Higher,Basic,High-skilled,Manual skilled,120.4,1,0,0,1,0,0,22,0,0,5,5,5,14.8,0,0,5,5,5,15.8,0,8.9,1.4,3.51,Graduate
1,1,6,9500,1,1,103,1,Secondary,Higher,High-skilled,High-skilled,100.6,1,1,0,1,0,0,22,0,0,7,9,5,13.928,0,0,8,9,7,14.342857142857100,0,11.1,0.6,2.02,Graduate
1,17,1,9773,1,1,120,1,Secondary,Basic,Clerical/service,Clerical/service,121.4,0,0,0,0,0,0,20,0,0,6,7,4,13,0,0,6,7,5,13.8,0,12.4,0.5,1.79,Not on time
1,39,1,9991,0,1,133.1,1,Basic,Basic,Low-skilled,Low-skilled,109.7,0,0,0,1,0,0,29,0,0,5,0,0,0,0,0,5,0,0,0,0,16.2,0.3,-0.92,Not on time
1,17,1,9991,0,1,154,1,Basic,Basic,Clerical/service,Clerical/service,134.1,0,0,0,1,0,0,24,0,0,5,9,2,11.5,0,0,5,11,3,14.333333333333300,1,7.6,2.6,0.32,Not on time
1,17,2,9238,1,1,130,1,Basic,Basic,Low-skilled,Low-skilled,127.6,1,0,0,1,0,0,18,0,0,6,6,6,11.666666666666700,0,0,6,8,5,13.2,0,11.1,0.6,2.02,Graduate
1,17,6,9500,1,1,132,1,Basic,Basic,Manual skilled,Manual skilled,132.4,1,0,0,1,0,1,22,0,0,7,8,6,13.516666666666700,0,0,8,9,7,13.771428571428600,0,11.1,0.6,2.02,Graduate
1,44,1,8014,0,39,130,1,Secondary,Basic,Low-skilled,Low-skilled,133.4,0,0,0,1,0,1,21,0,3,6,6,6,11.5,0,2,6,7,6,13.285714285714300,0,12.4,0.5,1.79,Graduate
1,1,1,9238,1,1,139,1,Basic,Basic,Low-skilled,Low-skilled,126.1,0,0,0,1,0,1,19,0,0,6,7,5,12.333333333333300,0,0,6,7,6,12.833333333333300,0,12.7,3.7,-1.7,Graduate
1,39,1,9254,1,1,130,1,Basic,Basic,Low-skilled,Manual skilled,113.5,0,0,0,1,0,1,24,0,0,6,6,6,13.666666666666700,0,0,6,6,6,14.166666666666700,0,12.4,0.5,1.79,Graduate
1,1,1,9500,1,1,139,1,Basic,Basic,Manual skilled,Manual skilled,121.3,1,0,0,1,0,1,19,0,0,8,10,6,11.833333333333300,0,0,8,10,6,11.833333333333300,0,9.4,-0.8,-3.12,Not on time
1,1,1,9773,1,1,127,1,Secondary,Basic,Manual skilled,Manual skilled,121.8,1,0,0,1,0,1,20,0,0,6,11,4,14,0,0,6,12,3,11,0,9.4,-0.8,-3.12,Not on time
1,1,3,9130,1,1,167,1,Basic,Basic,Other/unknown,Other/unknown,159.3,0,0,0,1,0,0,19,0,0,5,7,5,14.714285714285700,0,0,5,5,5,15.8,0,7.6,2.6,0.32,Graduate
1,39,1,9991,0,1,130,1,Basic,Basic,Low-skilled,Low-skilled,120,0,0,0,1,0,0,27,0,0,5,12,5,10.6,0,0,5,10,5,11,0,9.4,-0.8,-3.12,Not on time
1,1,1,9500,1,1,130,1,Secondary,Basic,Clerical/service,Clerical/service,129.1,1,0,0,1,0,0,18,0,0,7,9,7,13.044444444444400,0,0,8,10,8,13.595,0,15.5,2.8,-4.06,Graduate
2,7,1,9254,1,3,130,1,Secondary,Higher,Clerical/service,High-skilled,130,0,0,0,1,0,0,39,0,0,6,10,0,0,0,0,6,6,0,0,0,12.4,0.5,1.79,Not on time
1,39,1,9130,1,40,129,1,Higher,Higher,High-skilled,High-skilled,155.3,1,0,0,1,0,0,27,0,0,6,9,5,13,0,5,11,13,10,12.9,0,12.4,0.5,1.79,Not on time
1,17,1,9500,1,1,141,1,Basic,Basic,Manual skilled,Other/unknown,139.8,1,0,0,1,0,0,18,0,0,8,8,8,14.935,0,0,8,8,8,14.935,0,9.4,-0.8,-3.12,Graduate
1,1,3,171,1,1,125,1,Basic,Basic,Clerical/service,Low-skilled,115.2,1,0,0,1,0,0,18,0,0,0,0,0,0,0,0,0,0,0,0,0,7.6,2.6,0.32,Not on time
1,1,2,9500,1,1,125,1,Basic,Basic,Low-skilled,Low-skilled,114.9,0,0,0,1,0,0,18,0,0,7,8,6,13.133333333333300,0,0,8,12,7,12.221428571428600,0,16.2,0.3,-0.92,Graduate
1,44,1,9238,1,39,130,1,Basic,Secondary,Low-skilled,Low-skilled,131.9,0,0,0,1,0,1,21,0,3,6,7,6,12,0,2,6,7,6,12,0,13.9,-0.3,0.79,Graduate
1,17,3,171,1,1,133,1,Secondary,Basic,Clerical/service,Manual skilled,126,1,0,0,1,1,1,19,0,0,0,0,0,0,0,0,0,0,0,0,0,10.8,1.4,1.74,Not on time
1,17,1,9070,1,1,127,1,Secondary,Secondary,High-skilled,Clerical/service,130.2,1,0,0,1,1,0,19,0,0,6,6,5,11.4,0,0,6,8,1,10,0,10.8,1.4,1.74,Not on time
1,43,1,9070,1,1,116,1,Secondary,Secondary,High-skilled,High-skilled,120.9,0,0,0,1,1,0,24,0,0,6,6,0,0,0,0,6,6,0,0,0,12.7,3.7,-1.7,Not on time
4,42,1,9500,1,19,133.1,1,Secondary,Secondary,Clerical/service,Clerical/service,126,1,0,0,1,1,0,29,0,2,7,10,5,11.9,0,1,8,10,5,11,0,13.9,-0.3,0.79,Not on time
1,1,3,171,1,1,139,1,Basic,Basic,Clerical/service,High-skilled,128.2,1,0,0,1,1,1,19,0,0,0,0,0,0,0,0,0,0,0,0,0,10.8,1.4,1.74,Graduate
1,44,1,9003,1,39,130,1,Basic,Basic,Low-skilled,Low-skilled,130,1,0,0,1,1,0,23,0,0,6,8,6,12.571428571428600,0,0,6,7,6,12.428571428571400,0,8.9,1.4,3.51,Graduate
1,1,3,9147,1,1,125,1,Secondary,Basic,Manual skilled,Manual skilled,120.1,0,0,1,1,1,0,19,0,0,5,8,5,11.2,0,0,5,10,4,10.75,3,16.2,0.3,-0.92,Not on time
1,39,1,9254,1,1,160,1,Basic,Basic,Manual skilled,Other/unknown,100,0,0,0,1,1,0,26,0,0,6,7,6,12,0,0,6,8,5,10.8,0,12.7,3.7,-1.7,Not on time
1,17,1,9147,1,1,148,1,Basic,Basic,Clerical/service,Clerical/service,134,0,0,0,1,1,0,18,0,0,5,9,0,0,0,0,5,5,0,0,0,7.6,2.6,0.32,Not on time
1,17,1,9500,1,1,150,1,Basic,Basic,Manual skilled,Clerical/service,130.8,0,0,0,1,1,0,24,0,0,7,8,7,11.975,0,0,8,8,8,13.75,0,13.9,-0.3,0.79,Graduate
1,1,1,171,1,1,141,1,Basic,Basic,Clerical/service,Other/unknown,135.8,1,0,0,1,1,0,19,0,0,0,0,0,0,0,0,0,0,0,0,0,15.5,2.8,-4.06,Not on time
1,17,4,9254,1,1,118,1,Basic,Basic,Clerical/service,Manual skilled,111.7,1,0,0,1,1,0,18,0,0,6,12,3,11.666666666666700,0,0,6,12,1,12,0,12.4,0.5,1.79,Not on time
1,1,2,9773,1,1,142,1,Basic,Basic,Low-skilled,Low-skilled,132.9,1,0,0,1,1,0,18,0,0,6,8,6,12.333333333333300,0,0,6,11,3,12.333333333333300,0,10.8,1.4,1.74,Graduate
1,17,3,9147,1,1,120,1,Basic,Basic,Clerical/service,Manual skilled,115.5,1,0,1,1,1,0,18,0,0,5,8,3,10.333333333333300,0,0,5,11,3,10.857142857142900,0,10.8,1.4,1.74,Not on time
1,18,4,9254,1,1,106,1,Basic,Basic,Manual skilled,Manual skilled,106,1,0,0,1,1,1,21,0,0,6,8,4,10.5,0,0,6,11,1,11,0,9.4,-0.8,-3.12,Not on time
1,17,4,9773,1,1,121,1,Secondary,Basic,Low-skilled,Manual skilled,120.3,1,0,1,1,1,1,19,0,0,6,6,6,13.666666666666700,0,0,6,6,6,13.333333333333300,0,8.9,1.4,3.51,Graduate
1,17,4,9500,1,1,150,1,Basic,Basic,Low-skilled,Low-skilled,130.8,0,0,0,1,1,1,22,0,0,7,7,7,14.842857142857100,0,0,8,9,8,15.055555555555600,0,16.2,0.3,-0.92,Graduate
2,39,1,8014,0,1,120,1,Basic,Basic,Low-skilled,Manual skilled,117,0,0,0,1,1,0,33,0,0,6,8,6,12,0,0,6,6,6,11.666666666666700,0,10.8,1.4,1.74,Graduate
1,1,6,9853,1,1,114,1,Basic,Basic,Low-skilled,Low-skilled,110.2,1,0,0,1,1,0,20,0,0,6,8,5,12.2,0,0,6,7,5,12.2,0,10.8,1.4,1.74,Not on time
1,39,1,9991,0,2,140,1,Higher,Higher,High-skilled,High-skilled,155.7,1,0,0,1,1,0,35,0,0,1,1,0,0,1,0,5,0,0,0,0,10.8,1.4,1.74,Not on time
1,39,1,9003,1,4,160,1,Higher,Higher,Clerical/service,High-skilled,180.4,0,0,1,1,1,0,24,0,6,12,17,6,12.166666666666700,0,7,12,14,10,13.3,0,12.4,0.5,1.79,Not on time
1,17,1,9254,1,1,120,1,Basic,Basic,Clerical/service,Clerical/service,125.5,0,0,0,1,1,0,18,0,0,5,6,5,12,0,0,5,8,3,11.333333333333300,0,12.7,3.7,-1.7,Not on time
2,39,1,8014,0,1,130,1,Basic,Basic,Low-skilled,Manual skilled,110,1,0,0,1,0,0,33,0,0,6,7,6,11,0,0,6,11,5,11,0,9.4,-0.8,-3.12,Graduate
1,42,1,9500,1,1,160,1,Basic,Basic,Low-skilled,Manual skilled,161,1,0,0,1,0,1,22,0,0,8,8,7,13.08,0,0,8,8,7,13.08,0,10.8,1.4,1.74,Graduate
1,39,1,9670,1,1,120,1,Secondary,Basic,Clerical/service,Clerical/service,100,0,0,0,1,0,1,25,0,0,5,7,4,10.5,0,0,5,7,5,11.6,0,9.4,-0.8,-3.12,Graduate
1,17,1,9070,1,1,124,1,Basic,Basic,Clerical/service,Other/unknown,117.6,1,0,0,1,1,0,20,0,0,6,9,6,10.666666666666700,1,0,6,6,5,11.2,0,7.6,2.6,0.32,Graduate
1,1,6,9147,1,1,143,1,Basic,Basic,Low-skilled,Low-skilled,128.7,1,0,0,1,1,0,23,0,0,5,6,4,14,0,0,5,5,5,13.8,0,11.1,0.6,2.02,Not on time
1,43,2,9119,1,1,115,1,Basic,Basic,Low-skilled,Manual skilled,112.2,1,0,1,1,1,0,18,0,0,5,9,2,10,0,0,5,9,0,0,0,15.5,2.8,-4.06,Not on time
1,39,1,9500,1,1,133.1,1,Secondary,Secondary,Clerical/service,Other/unknown,100.8,0,0,0,1,1,0,24,0,0,7,18,0,0,0,0,7,7,0,0,0,13.9,-0.3,0.79,Not on time
1,17,2,9773,1,1,133.1,41,Basic,Secondary,Low-skilled,Low-skilled,105,1,0,0,0,0,0,21,1,0,6,6,6,14,0,0,6,6,6,13.5,0,8.9,1.4,3.51,Graduate
1,15,1,9130,1,1,133.1,41,Secondary,Secondary,Clerical/service,Clerical/service,100,0,0,0,1,0,0,26,1,0,6,7,2,12,1,0,6,6,0,0,0,8.9,1.4,3.51,Not on time
2,39,1,9853,1,10,133.1,1,Basic,Unknown,Other/unknown,Other/unknown,115.5,0,0,0,1,0,0,39,0,0,6,12,3,12.666666666666700,0,0,6,14,0,0,1,7.6,2.6,0.32,Not on time
2,39,1,8014,0,1,133.1,1,Basic,Basic,Low-skilled,Low-skilled,114,0,0,0,1,0,0,44,0,2,8,11,8,11.875,0,0,6,7,6,12.333333333333300,0,12.7,3.7,-1.7,Graduate
1,15,1,9119,1,1,130,26,Basic,Higher,Low-skilled,High-skilled,137,1,0,0,1,1,0,19,1,0,5,9,5,14,0,0,5,11,3,13.25,0,13.9,-0.3,0.79,Not on time
1,1,5,9773,1,1,135,1,Basic,Secondary,Clerical/service,Clerical/service,124.9,1,0,0,1,0,0,18,0,0,6,6,6,13.666666666666700,0,0,6,6,6,13.333333333333300,0,8.9,1.4,3.51,Graduate
1,1,5,9500,1,1,132,1,Basic,Basic,Manual skilled,Manual skilled,120.3,1,0,0,1,0,1,18,0,0,7,7,7,13.75,0,0,8,9,8,14.47777777777780,0,12.4,0.5,1.79,Graduate
1,1,1,9085,1,1,135,1,Secondary,Higher,Low-skilled,High-skilled,134.3,1,0,0,1,0,0,19,0,0,5,7,5,14.2,2,0,5,7,5,13.8,0,12.7,3.7,-1.7,Not on time
1,1,4,9500,1,1,115,1,Higher,Higher,High-skilled,High-skilled,111.5,1,0,1,0,0,0,19,0,0,7,10,4,11.96,0,0,7,7,0,0,0,13.9,-0.3,0.79,Not on time
1,53,1,9085,1,42,130,1,Basic,Basic,Low-skilled,Low-skilled,128.8,0,0,0,1,0,0,21,0,7,10,12,8,12.875,0,4,9,14,5,13.4,0,8.9,1.4,3.51,Not on time
1,1,4,171,1,1,133.1,1,Secondary,Secondary,Low-skilled,Other/unknown,110,1,0,0,1,0,0,20,0,0,0,0,0,0,0,0,0,0,0,0,0,16.2,0.3,-0.92,Graduate
2,39,1,8014,0,1,130,1,Basic,Basic,Manual skilled,Clerical/service,113.5,1,0,0,1,0,0,36,0,0,6,0,0,0,0,0,6,0,0,0,0,9.4,-0.8,-3.12,Not on time
4,39,1,9003,1,12,133.1,1,Basic,Basic,Low-skilled,Manual skilled,160,0,0,0,1,0,0,43,0,13,18,19,18,14.63157894736840,0,10,13,14,13,14.23076923076920,1,15.5,2.8,-4.06,Graduate
1,18,1,9853,1,1,123,1,Basic,Basic,Low-skilled,Manual skilled,117.4,1,0,0,1,0,0,19,0,0,6,0,0,0,0,0,6,0,0,0,0,11.1,0.6,2.02,Not on time
1,51,1,9070,1,1,130,1,Higher,Secondary,High-skilled,Manual skilled,122.2,0,0,1,1,0,0,20,0,4,10,12,10,13,0,5,11,11,11,12.272727272727300,0,11.1,0.6,2.02,Graduate
1,1,2,9238,1,1,122,1,Basic,Basic,Clerical/service,Manual skilled,118.2,1,0,0,1,0,0,19,0,0,6,0,0,0,0,0,6,0,0,0,0,16.2,0.3,-0.92,Not on time
1,1,1,9085,1,1,113,1,Secondary,Secondary,Clerical/service,Clerical/service,106.7,1,0,0,1,0,0,20,0,0,6,15,4,14.2,0,0,6,17,4,13.25,0,15.5,2.8,-4.06,Not on time
1,1,5,9500,1,1,111,1,Higher,Higher,Clerical/service,High-skilled,108.2,1,0,0,1,0,0,20,0,2,7,9,6,13.266666666666700,0,0,7,10,5,12.3,0,12.4,0.5,1.79,Not on time
1,17,2,9853,1,1,133.1,1,Basic,Secondary,Low-skilled,High-skilled,107,1,0,0,1,0,0,20,0,0,7,12,6,11.666666666666700,0,0,7,10,3,13,0,16.2,0.3,-0.92,Not on time
1,1,1,9238,1,1,142,1,Basic,Basic,Manual skilled,Manual skilled,136.1,1,0,0,1,0,0,18,0,0,6,8,6,13.857142857142900,0,0,6,6,6,15,0,13.9,-0.3,0.79,Graduate
1,17,2,9147,1,1,123,1,Secondary,Basic,Clerical/service,Manual skilled,115.3,1,0,0,1,0,1,18,0,0,5,9,3,13,0,0,5,11,3,11,0,8.9,1.4,3.51,Not on time
1,1,1,9085,1,1,131,1,Basic,Basic,Low-skilled,Low-skilled,139.8,1,0,0,1,0,0,19,0,0,5,6,5,13.4,0,0,5,5,5,12.8,0,10.8,1.4,1.74,Graduate
1,1,3,9773,1,1,158,1,Secondary,Basic,Clerical/service,Manual skilled,157,1,0,0,1,0,0,18,0,0,6,6,6,12.666666666666700,0,0,6,7,6,12.571428571428600,0,10.8,1.4,1.74,Graduate
1,17,2,9500,1,1,122,1,Basic,Basic,Low-skilled,Low-skilled,131,1,0,0,1,0,0,18,0,0,7,7,6,12.516666666666700,1,0,7,7,6,12.516666666666700,1,7.6,2.6,0.32,Not on time
1,43,1,9500,1,1,130,1,Basic,Basic,Low-skilled,Clerical/service,100,0,0,0,1,0,0,20,0,0,7,11,6,11.616666666666700,0,0,7,7,7,13,0,13.9,-0.3,0.79,Not on time
1,17,1,9238,1,1,154,1,Basic,Basic,Low-skilled,Manual skilled,140.4,1,0,0,1,0,1,20,0,0,6,13,2,10,0,0,6,12,4,10.75,0,7.6,2.6,0.32,Not on time
1,17,1,9147,1,1,120,1,Basic,Basic,High-skilled,High-skilled,113.4,0,0,0,1,0,0,20,0,0,5,11,3,10.333333333333300,0,0,5,10,3,10.666666666666700,0,12.4,0.5,1.79,Not on time
1,1,2,9085,1,1,140,1,Basic,Basic,Low-skilled,Manual skilled,137,0,0,0,1,0,0,18,0,0,5,12,5,13.142857142857100,2,0,5,6,5,11.4,0,9.4,-0.8,-3.12,Graduate
1,1,1,9147,1,1,127,1,Higher,Basic,Clerical/service,Clerical/service,121.8,0,0,0,1,0,0,18,0,0,5,5,5,12.6,0,0,5,5,5,14,0,11.1,0.6,2.02,Graduate
1,17,1,9254,1,1,133.1,1,Secondary,Secondary,Clerical/service,Clerical/service,131,1,0,0,1,0,0,21,0,0,6,12,3,11,0,0,6,12,2,11,0,9.4,-0.8,-3.12,Not on time
1,1,2,9147,1,1,120,1,Basic,Basic,Low-skilled,Manual skilled,118.6,1,0,0,1,0,0,19,0,0,5,8,5,10.8,0,0,5,9,4,11.25,2,16.2,0.3,-0.92,Graduate
1,1,1,171,1,1,137,1,Higher,Basic,High-skilled,Low-skilled,122.3,0,0,0,1,0,0,19,0,0,0,0,0,0,0,0,0,0,0,0,0,10.8,1.4,1.74,Not on time
1,1,1,9670,1,1,131,1,Basic,Basic,Low-skilled,Low-skilled,127.9,0,0,0,1,0,1,19,0,0,5,5,5,12.8,0,0,5,5,5,14.2,0,9.4,-0.8,-3.12,Graduate
1,1,1,9085,1,1,130,1,Basic,Basic,Clerical/service,Manual skilled,121.3,1,0,0,1,0,0,19,0,0,6,15,6,14.166666666666700,0,0,6,13,6,12.2,0,15.5,2.8,-4.06,Graduate
1,17,6,9556,1,1,122,1,Secondary,Secondary,Clerical/service,Clerical/service,117.1,1,0,0,1,0,0,19,0,0,7,12,5,12.1,0,0,7,0,0,0,0,13.9,-0.3,0.79,Not on time
1,44,1,9085,1,39,160,1,Basic,Basic,Low-skilled,Low-skilled,160,1,0,0,1,0,0,20,0,1,6,7,6,14.166666666666700,0,1,6,17,5,13.77777777777780,0,12.4,0.5,1.79,Graduate
1,1,1,9853,1,1,146,1,Basic,Basic,Low-skilled,High-skilled,145.3,1,0,0,1,0,1,18,0,0,6,8,5,12.8,0,0,6,7,5,13.4,0,9.4,-0.8,-3.12,Not on time
1,17,3,9238,1,1,131,1,Secondary,Secondary,Clerical/service,High-skilled,122.6,1,0,0,1,0,0,18,0,0,6,7,6,13,0,0,6,6,6,13.666666666666700,0,12.4,0.5,1.79,Graduate
1,17,6,9500,1,1,132,1,Secondary,Basic,Manual skilled,Low-skilled,128,1,0,0,1,0,0,19,0,0,7,7,7,13.467142857142900,0,0,8,9,8,15.011111111111100,0,12.4,0.5,1.79,Graduate
1,1,3,9500,1,1,138,1,Basic,Basic,Clerical/service,Manual skilled,124.9,1,0,0,1,0,1,18,0,0,7,9,7,13.2375,0,0,8,9,7,13.742857142857100,0,13.9,-0.3,0.79,Not on time
1,17,2,9070,1,1,130,1,Basic,Basic,Low-skilled,Low-skilled,123.7,1,0,0,1,0,0,18,0,0,6,6,6,12.333333333333300,0,0,6,6,6,13,0,7.6,2.6,0.32,Graduate
1,1,4,9147,1,1,126,1,Secondary,Basic,Clerical/service,Manual skilled,120.1,1,0,0,1,0,0,19,0,0,5,7,5,12.4,0,0,5,5,5,14.6,0,8.9,1.4,3.51,Graduate
1,17,6,9500,1,1,148,1,Secondary,Basic,High-skilled,High-skilled,131.7,1,0,0,1,0,0,19,0,0,7,8,5,14,0,0,7,7,0,0,0,13.9,-0.3,0.79,Not on time
1,43,1,9238,1,1,130,1,Basic,Basic,Low-skilled,Manual skilled,133.2,0,0,0,1,0,0,20,0,5,9,15,9,11.666666666666700,0,2,7,8,7,11.714285714285700,0,7.6,2.6,0.32,Graduate
1,1,1,9670,1,1,117,1,Secondary,Basic,High-skilled,Low-skilled,109.3,0,0,1,0,0,1,19,0,0,6,7,5,12,0,0,6,9,4,12.5,0,12.4,0.5,1.79,Not on time
1,17,1,9670,1,1,120,1,Basic,Basic,Clerical/service,Clerical/service,113,1,0,0,1,0,0,20,0,0,5,7,4,12.2,0,0,5,5,4,11.5,0,7.6,2.6,0.32,Graduate
1,1,1,9773,1,1,153,1,Secondary,Secondary,Clerical/service,Manual skilled,157.9,0,0,1,1,0,1,18,0,0,6,6,6,14.833333333333300,0,0,6,6,6,14.833333333333300,0,8.9,1.4,3.51,Graduate
1,1,2,9500,1,1,117,1,Basic,Secondary,Clerical/service,Manual skilled,112.1,0,0,0,1,0,1,20,0,0,7,9,5,13.188,0,0,8,9,7,12.892857142857100,0,11.1,0.6,2.02,Not on time
1,18,1,9500,1,1,178,1,Basic,Secondary,Clerical/service,Manual skilled,174.7,0,0,0,1,0,0,18,0,0,7,8,7,17.125,0,0,8,8,8,17.5875,0,13.9,-0.3,0.79,Graduate
1,1,5,9500,1,1,129,1,Basic,Basic,Low-skilled,Low-skilled,128.8,1,0,0,1,0,0,19,0,0,7,7,6,12.666666666666700,0,0,7,7,6,12.666666666666700,0,7.6,2.6,0.32,Graduate
1,1,6,9773,1,1,116,1,Basic,Secondary,Clerical/service,Clerical/service,110.1,1,0,0,1,0,1,19,0,0,6,8,6,12.666666666666700,0,0,6,10,5,12,0,12.4,0.5,1.79,Graduate
1,51,1,9147,1,1,99,1,Higher,Secondary,High-skilled,High-skilled,99.7,1,0,1,0,0,0,22,0,0,5,8,0,0,0,0,5,7,0,0,0,8.9,1.4,3.51,Not on time
1,1,3,9238,1,1,135,1,Secondary,Secondary,Low-skilled,Other/unknown,121,1,0,0,1,0,1,19,0,0,6,7,6,11.333333333333300,0,0,6,6,6,11.5,0,12.4,0.5,1.79,Graduate
1,1,3,9500,1,1,141,1,Basic,Basic,Low-skilled,Manual skilled,131.7,1,0,0,1,0,1,19,0,0,7,10,7,13.605,0,0,8,11,8,12.33125,0,15.5,2.8,-4.06,Graduate
1,17,5,9853,1,1,132,1,Basic,Basic,Clerical/service,Manual skilled,119.1,1,0,0,1,0,1,19,0,0,6,10,5,12,0,0,6,9,5,10.8,0,9.4,-0.8,-3.12,Graduate
1,1,4,9254,1,1,132,1,Secondary,Basic,Low-skilled,Low-skilled,124.7,1,0,0,1,0,0,19,0,0,5,10,0,0,0,0,5,10,0,0,0,7.6,2.6,0.32,Not on time
1,17,1,9254,1,1,113,1,Secondary,Basic,Low-skilled,Other/unknown,117.2,1,0,0,1,0,0,20,0,0,6,8,5,11.2,0,0,6,12,3,11.666666666666700,0,7.6,2.6,0.32,Not on time
1,1,1,9147,1,1,134,1,Higher,Basic,High-skilled,Other/unknown,128.8,0,0,0,1,0,0,18,0,0,5,10,5,13.375,0,0,5,9,5,14.166666666666700,0,13.9,-0.3,0.79,Graduate
1,1,1,9500,1,1,136,1,Secondary,Basic,Low-skilled,Low-skilled,131.5,0,0,0,1,0,1,20,0,0,7,8,6,13.863333333333300,0,0,8,9,7,14.178571428571400,0,11.1,0.6,2.02,Graduate
1,1,1,171,1,1,136,1,Higher,Basic,High-skilled,Manual skilled,121.7,1,0,0,1,0,0,18,0,0,0,0,0,0,0,0,0,0,0,0,0,9.4,-0.8,-3.12,Not on time
1,1,1,9085,1,1,129,1,Secondary,Basic,Clerical/service,Manual skilled,123.4,0,0,0,1,0,0,19,0,0,5,6,5,12.4,0,0,5,6,5,13.4,0,7.6,2.6,0.32,Graduate
1,17,1,9853,1,1,138,1,Basic,Basic,Manual skilled,Manual skilled,124.7,1,0,0,1,0,0,18,0,0,6,11,3,12.333333333333300,0,0,6,10,5,10.833333333333300,0,9.4,-0.8,-3.12,Not on time
1,1,1,9853,1,1,137,1,Basic,Basic,Low-skilled,Low-skilled,132.8,1,0,0,1,0,0,18,0,0,6,7,6,13.333333333333300,0,0,6,8,5,11.8,0,7.6,2.6,0.32,Graduate
1,43,1,9853,1,1,115,1,Higher,Basic,High-skilled,Clerical/service,108.7,1,0,0,1,0,0,21,0,0,6,10,3,12.666666666666700,0,0,6,12,3,10,0,9.4,-0.8,-3.12,Not on time
1,1,1,9853,1,1,129,1,Basic,Basic,Manual skilled,Manual skilled,138.1,0,0,0,1,0,0,19,0,0,6,8,6,12,0,0,6,10,4,11.5,0,7.6,2.6,0.32,Not on time
1,1,1,9147,1,1,131,1,Basic,Basic,Low-skilled,Low-skilled,126.5,0,0,0,1,0,1,18,0,0,5,5,5,10.6,0,0,5,5,5,11.8,0,12.4,0.5,1.79,Graduate
1,17,2,9238,1,1,133,1,Secondary,Basic,Manual skilled,Low-skilled,127.4,1,0,0,1,0,1,18,0,0,6,8,6,12.25,0,0,6,7,6,11.857142857142900,0,12.7,3.7,-1.7,Graduate
1,1,3,9238,1,1,125,1,Basic,Secondary,Low-skilled,Other/unknown,123.6,1,0,0,1,0,0,20,0,0,6,10,4,11,0,0,6,9,6,11.833333333333300,0,9.4,-0.8,-3.12,Graduate
1,39,1,8014,0,1,120,1,Secondary,Basic,Manual skilled,Manual skilled,122,0,0,0,1,0,1,24,0,0,6,11,5,11,0,0,6,9,5,12.6,0,11.1,0.6,2.02,Graduate
1,1,1,9670,1,1,128,1,Basic,Secondary,Clerical/service,High-skilled,118.2,0,0,0,1,0,0,19,0,0,6,6,6,13.166666666666700,0,0,6,9,6,13,0,10.8,1.4,1.74,Not on time
1,1,1,9500,1,1,127,1,Basic,Basic,Low-skilled,Manual skilled,123.9,1,0,0,1,0,1,18,0,0,7,9,7,12.855555555555600,0,0,8,12,7,12.761111111111100,0,15.5,2.8,-4.06,Graduate
1,1,2,9500,1,1,134,1,Basic,Basic,Low-skilled,Low-skilled,125.8,1,0,0,1,0,0,18,0,0,7,8,7,14.91875,0,0,8,8,8,15.355,0,15.5,2.8,-4.06,Graduate
1,17,5,9853,1,1,132,1,Secondary,Secondary,Clerical/service,Clerical/service,123.3,1,0,0,1,0,0,21,0,0,6,13,4,11.5,0,0,6,10,3,11,0,10.8,1.4,1.74,Not on time
1,17,2,9670,1,1,124,1,Secondary,Basic,Clerical/service,Clerical/service,124.4,0,0,0,1,0,0,19,0,0,5,5,5,14.2,0,0,5,5,5,14.2,0,7.6,2.6,0.32,Graduate
1,17,1,9773,1,1,133.1,1,Basic,Basic,Manual skilled,Manual skilled,126,0,0,0,1,0,1,19,0,0,6,6,6,12.5,0,0,6,7,6,13,0,15.5,2.8,-4.06,Graduate
3,39,1,9003,1,1,170,1,Secondary,Basic,Manual skilled,Manual skilled,170,0,0,1,1,0,0,47,0,0,1,1,0,0,0,0,6,0,0,0,0,8.9,1.4,3.51,Not on time
1,17,3,9238,1,1,125,1,Basic,Basic,Manual skilled,Manual skilled,121.5,0,0,0,1,0,0,19,0,0,6,10,5,11.666666666666700,0,0,6,12,4,11,0,13.9,-0.3,0.79,Graduate
1,39,1,9500,1,3,130,1,Higher,Higher,High-skilled,High-skilled,130,0,0,0,1,0,0,29,0,1,8,8,7,14.257142857142900,0,1,8,8,7,14.257142857142900,0,12.7,3.7,-1.7,Graduate
1,43,1,9238,1,1,125,1,Basic,Basic,Clerical/service,Manual skilled,117,1,0,0,1,0,0,21,0,0,6,13,3,12,0,0,6,12,2,11.333333333333300,0,16.2,0.3,-0.92,Not on time
1,39,1,9085,1,1,130,1,Basic,Basic,Low-skilled,Manual skilled,130,1,0,0,1,0,0,28,0,0,5,13,4,11.25,1,0,5,11,4,10.5,0,12.7,3.7,-1.7,Not on time
1,17,2,9556,1,1,133.1,1,Basic,Basic,High-skilled,Other/unknown,108,0,0,0,1,0,0,20,0,0,7,8,7,12.457142857142900,0,0,8,8,8,13.5625,0,15.5,2.8,-4.06,Graduate
1,17,1,9500,1,1,131,1,Higher,Basic,Clerical/service,Clerical/service,132.3,1,0,0,1,0,0,19,0,0,7,7,6,11.683333333333300,0,0,7,7,6,11.683333333333300,0,7.6,2.6,0.32,Graduate
1,42,1,8014,0,1,150,1,Basic,Higher,Clerical/service,Manual skilled,148,0,0,0,1,0,0,26,0,0,6,10,3,11.666666666666700,0,0,6,8,5,12,0,9.4,-0.8,-3.12,Graduate
1,17,2,9254,1,1,125,1,Basic,Basic,Low-skilled,Manual skilled,122.6,1,0,1,0,0,0,20,0,0,6,8,4,11.75,0,0,6,6,6,13.166666666666700,0,11.1,0.6,2.02,Not on time
1,1,1,9670,1,1,131,1,Basic,Basic,Low-skilled,Low-skilled,123,1,0,0,1,0,1,18,0,0,5,6,3,11.666666666666700,0,0,5,6,4,13.5,0,7.6,2.6,0.32,Not on time
1,39,1,9853,1,1,130,1,Basic,Basic,Low-skilled,Clerical/service,102.5,0,0,0,1,0,0,27,0,0,6,9,5,13.2,0,0,6,10,5,12,0,7.6,2.6,0.32,Graduate
1,1,2,9500,1,1,123,1,Unknown,Unknown,Other/unknown,Other/unknown,113.3,1,0,0,1,0,0,20,0,0,7,8,4,11.95,0,0,7,8,4,11.95,0,7.6,2.6,0.32,Not on time
1,1,5,9853,1,1,141,1,Basic,Basic,Low-skilled,Clerical/service,133,1,0,0,1,0,0,18,0,0,6,8,5,12.4,0,0,6,12,5,10.4,0,9.4,-0.8,-3.12,Not on time
1,7,1,9500,1,3,140,1,Secondary,Secondary,Low-skilled,Clerical/service,140,0,0,0,1,0,0,33,0,2,7,8,6,14.35,0,3,8,10,6,14.583333333333300,0,16.2,0.3,-0.92,Not on time
1,43,1,9853,1,1,140,1,Higher,Secondary,High-skilled,High-skilled,128.3,1,0,0,1,0,0,35,0,19,21,21,21,12.61904761904760,0,13,19,19,19,12.789473684210500,0,12.4,0.5,1.79,Graduate
1,44,1,9991,0,39,140,1,Basic,Basic,Low-skilled,Manual skilled,140,0,0,0,1,0,1,26,0,2,6,7,6,12.666666666666700,0,2,6,7,6,13.166666666666700,1,9.4,-0.8,-3.12,Not on time
1,39,1,9773,1,19,133.1,1,Basic,Basic,High-skilled,Clerical/service,104,0,0,1,0,0,0,27,0,0,6,6,5,12,0,0,6,6,0,0,0,11.1,0.6,2.02,Not on time
1,18,3,9070,1,1,131,1,Secondary,Basic,Clerical/service,Clerical/service,122.3,1,0,0,0,0,0,19,0,0,6,6,6,12.166666666666700,0,0,6,6,0,0,0,15.5,2.8,-4.06,Not on time
1,17,2,9254,1,1,143,1,Secondary,Basic,Clerical/service,Manual skilled,135,0,0,0,1,0,0,20,0,0,6,0,0,0,0,0,6,0,0,0,0,11.1,0.6,2.02,Not on time
1,18,2,9147,1,1,132,1,Higher,Higher,Clerical/service,Manual skilled,119.1,1,0,1,0,0,0,20,0,0,5,9,3,10,0,0,5,9,3,10.571428571428600,0,10.8,1.4,1.74,Not on time
1,43,1,9238,1,1,143,1,Secondary,Basic,Clerical/service,Low-skilled,126.6,0,0,1,0,0,0,21,0,5,10,18,8,11.5,0,0,6,12,4,10,0,9.4,-0.8,-3.12,Not on time
1,17,3,9500,1,1,141,1,Basic,Secondary,Low-skilled,Clerical/service,129,1,0,0,1,0,1,18,0,0,7,7,6,13.05,0,0,7,7,6,13.05,0,7.6,2.6,0.32,Graduate
1,39,1,9085,1,1,133.1,1,Secondary,Basic,Low-skilled,Low-skilled,162.3,1,0,0,1,0,0,24,0,0,6,10,2,11,0,0,6,6,0,0,0,8.9,1.4,3.51,Not on time
1,17,4,9070,1,1,148,1,Secondary,Higher,Clerical/service,High-skilled,163.4,1,0,0,1,0,0,20,0,0,6,7,6,11.5,0,0,6,6,6,12,0,16.2,0.3,-0.92,Graduate
1,1,1,9254,1,1,125,1,Basic,Basic,Low-skilled,Manual skilled,121.5,0,0,0,1,0,1,21,0,0,6,7,6,12,0,0,6,6,6,12.5,0,13.9,-0.3,0.79,Graduate
1,1,1,8014,0,1,120,1,Secondary,Basic,Manual skilled,High-skilled,122.8,0,0,0,1,0,0,23,0,0,6,13,2,10,0,0,5,12,1,10,0,9.4,-0.8,-3.12,Not on time
1,39,1,9147,1,1,140,1,Secondary,Higher,Clerical/service,High-skilled,118,1,0,0,1,0,0,24,0,0,5,5,0,0,0,0,5,5,0,0,0,7.6,2.6,0.32,Not on time
1,51,1,9853,1,1,139,1,Secondary,Secondary,Clerical/service,Other/unknown,134,0,0,0,1,0,0,21,0,0,6,0,0,0,0,0,6,0,0,0,0,12.4,0.5,1.79,Not on time
1,1,4,9500,1,1,142,1,Basic,Basic,Low-skilled,Manual skilled,129.8,1,0,0,1,0,0,18,0,0,8,8,7,12.242857142857100,0,0,8,8,7,12.242857142857100,0,12.7,3.7,-1.7,Graduate
1,39,1,9991,0,40,130,1,Basic,Secondary,High-skilled,Clerical/service,152,1,0,0,1,0,0,27,0,0,5,0,0,0,0,0,5,0,0,0,0,8.9,1.4,3.51,Not on time
1,18,6,9500,1,1,126,1,Basic,Basic,Clerical/service,Clerical/service,122.8,1,0,0,1,0,0,18,0,0,8,8,8,12.93375,0,0,8,8,8,12.93375,0,9.4,-0.8,-3.12,Graduate
1,7,1,9119,1,3,150,1,Higher,Higher,High-skilled,High-skilled,150,0,0,0,1,0,0,35,0,0,5,0,0,0,0,0,5,0,0,0,0,13.9,-0.3,0.79,Not on time
1,1,1,9853,1,1,130,1,Basic,Basic,High-skilled,Manual skilled,131.8,0,0,0,1,0,0,18,0,0,7,9,7,12.571428571428600,0,0,7,8,7,14.428571428571400,0,11.1,0.6,2.02,Graduate
1,39,1,9500,1,1,120,1,Secondary,Higher,Manual skilled,High-skilled,105.9,0,0,0,1,0,0,35,0,0,3,4,3,11.816666666666700,0,0,3,3,3,11.333333333333300,0,11.1,0.6,2.02,Not on time
1,1,1,9085,1,1,138,1,Secondary,Secondary,Clerical/service,Manual skilled,132.1,1,0,0,1,0,0,19,0,0,5,9,4,13.75,0,0,5,13,4,14.333333333333300,2,10.8,1.4,1.74,Graduate
1,1,4,9238,1,1,127,1,Basic,Basic,Clerical/service,Other/unknown,127.4,1,0,0,1,0,0,20,0,0,6,8,6,11.166666666666700,0,0,6,6,6,11.333333333333300,0,7.6,2.6,0.32,Graduate
1,1,4,9500,1,1,140,1,Basic,Basic,Manual skilled,Manual skilled,129.5,1,0,0,1,0,0,18,0,0,8,8,7,12.324285714285700,0,0,8,8,7,12.324285714285700,0,10.8,1.4,1.74,Graduate
1,44,1,9238,1,39,130,1,Basic,Basic,Clerical/service,Other/unknown,126.7,0,0,1,1,0,0,21,0,3,6,6,6,12.166666666666700,0,2,6,7,6,11.714285714285700,0,13.9,-0.3,0.79,Graduate
1,17,2,9238,1,1,128,1,Basic,Basic,Low-skilled,Manual skilled,116.5,0,0,0,1,0,1,18,0,0,6,11,5,11.142857142857100,0,0,6,11,4,11.25,0,16.2,0.3,-0.92,Graduate
1,1,1,9238,1,1,132,1,Unknown,Unknown,Other/unknown,Other/unknown,119.1,1,0,0,1,0,0,18,0,0,6,9,4,11,0,0,6,9,4,10.75,0,7.6,2.6,0.32,Graduate
1,1,2,9500,1,1,149,1,Basic,Basic,Low-skilled,Low-skilled,126.5,1,0,0,1,0,0,18,0,0,8,8,7,12.914285714285700,0,0,8,8,7,12.914285714285700,0,12.7,3.7,-1.7,Graduate
1,1,4,9773,1,1,155,1,Higher,Basic,High-skilled,Clerical/service,149.8,1,0,0,1,0,1,18,0,0,6,6,6,13.833333333333300,0,0,6,6,6,14.166666666666700,0,16.2,0.3,-0.92,Graduate
1,1,1,9085,1,1,120,1,Basic,Secondary,Manual skilled,Manual skilled,115.1,1,0,0,1,0,0,19,0,0,6,8,6,13.857142857142900,0,0,6,9,5,13.4,0,13.9,-0.3,0.79,Graduate
1,39,1,9254,1,19,133.1,1,Higher,Basic,High-skilled,High-skilled,124.5,0,0,0,1,0,1,36,0,0,6,7,6,13.714285714285700,0,0,6,6,5,12.8,0,16.2,0.3,-0.92,Not on time
1,1,2,9500,1,1,131,1,Basic,Secondary,Manual skilled,Clerical/service,128.3,1,0,0,1,0,1,18,0,0,8,8,7,12.642857142857100,0,0,8,8,7,12.642857142857100,0,12.7,3.7,-1.7,Graduate
1,1,1,9500,1,1,149,1,Basic,Basic,Low-skilled,Low-skilled,136,0,0,0,1,0,1,18,0,0,7,7,6,12.916666666666700,0,0,7,7,6,12.916666666666700,0,7.6,2.6,0.32,Graduate
1,43,1,9130,1,1,140,1,Secondary,Higher,Low-skilled,High-skilled,140,1,0,0,1,0,1,20,0,0,6,8,6,15.625,0,0,6,8,6,15.857142857142900,0,13.9,-0.3,0.79,Graduate
1,39,1,9991,0,1,133.1,1,Basic,Basic,Low-skilled,Low-skilled,126.3,0,0,0,1,0,1,26,0,0,5,7,0,0,0,0,5,8,0,0,0,16.2,0.3,-0.92,Not on time
1,43,1,9773,1,1,122,1,Secondary,Secondary,Clerical/service,Clerical/service,126.9,0,0,0,1,0,0,21,0,0,6,8,6,11.714285714285700,0,0,6,7,6,12,0,7.6,2.6,0.32,Graduate
1,39,1,9556,1,40,130,1,Secondary,Secondary,Clerical/service,Clerical/service,145,0,0,0,1,0,0,25,0,0,7,10,6,12.125,0,0,8,9,8,13.3125,0,15.5,2.8,-4.06,Not on time
1,18,1,9147,1,1,121,1,Basic,Higher,Clerical/service,Clerical/service,115.8,1,0,0,1,0,1,19,0,0,5,7,5,11.6,0,0,5,5,5,11.6,0,12.4,0.5,1.79,Graduate
1,39,1,8014,0,1,120,1,Basic,Basic,Manual skilled,Manual skilled,100,1,0,0,1,0,0,24,0,0,6,11,1,10,0,0,6,6,0,0,6,9.4,-0.8,-3.12,Not on time
1,39,1,8014,0,1,133.1,1,Secondary,Basic,Clerical/service,Clerical/service,102.5,0,0,0,1,0,1,27,0,0,6,16,1,10,0,0,6,13,0,0,0,8.9,1.4,3.51,Not on time
1,17,1,9085,1,1,121,1,Basic,Basic,High-skilled,High-skilled,131.5,0,0,0,1,0,0,21,0,0,5,10,0,0,1,0,5,9,2,13.5,0,7.6,2.6,0.32,Not on time
1,1,1,9147,1,1,133,1,Basic,Basic,Manual skilled,Manual skilled,147,0,0,0,1,0,1,18,0,0,5,7,4,13,0,0,5,8,3,12.333333333333300,0,9.4,-0.8,-3.12,Graduate
2,1,4,9853,1,1,134,1,Basic,Basic,Clerical/service,Manual skilled,122.5,0,1,0,1,0,1,19,0,0,6,6,6,13.333333333333300,0,0,6,6,6,14.5,0,10.8,1.4,1.74,Graduate
1,1,3,9254,1,1,115,1,Secondary,Secondary,High-skilled,High-skilled,117.5,1,0,0,1,0,0,18,0,0,6,9,4,11.25,0,0,6,13,2,12.5,0,9.4,-0.8,-3.12,Not on time
1,51,1,9500,1,1,127,1,Basic,Secondary,Clerical/service,Low-skilled,150,0,0,0,1,0,1,19,0,0,7,9,5,13.85,0,0,8,9,7,12.19285714285710,0,11.1,0.6,2.02,Graduate
1,18,1,9500,1,1,135,1,Secondary,Basic,Clerical/service,Clerical/service,127.5,1,0,0,1,0,1,19,0,0,7,8,6,13.741666666666700,0,0,8,9,7,14.9125,0,16.2,0.3,-0.92,Graduate
2,7,1,9991,0,43,140,1,Higher,Higher,High-skilled,High-skilled,140,0,0,0,1,0,0,33,0,2,6,7,6,15.333333333333300,0,0,5,5,5,15.8,0,11.1,0.6,2.02,Graduate
2,7,1,9147,1,3,130,1,Secondary,Higher,High-skilled,Other/unknown,130,0,0,0,1,0,0,45,0,0,5,6,5,11,0,0,5,5,5,13.8,0,12.4,0.5,1.79,Graduate
1,1,1,9238,1,1,135,1,Secondary,Secondary,Low-skilled,Low-skilled,133.3,0,0,0,1,0,1,20,0,0,6,6,6,12,0,0,6,7,6,12.857142857142900,0,11.1,0.6,2.02,Graduate
1,39,2,9670,1,1,140,1,Unknown,Unknown,Other/unknown,Other/unknown,97,1,0,0,1,0,0,28,0,0,5,5,0,0,0,0,5,5,0,0,0,7.6,2.6,0.32,Not on time
1,43,1,9500,1,1,120,1,Secondary,Secondary,Clerical/service,Manual skilled,112,1,0,0,1,0,1,19,0,0,8,15,7,11.571428571428600,0,0,8,15,7,11.571428571428600,0,12.7,3.7,-1.7,Graduate
1,1,2,9254,1,1,140,1,Secondary,Basic,Clerical/service,Clerical/service,123.6,1,0,0,1,0,0,18,0,0,6,10,6,12.857142857142900,0,0,6,6,3,12.666666666666700,0,12.7,3.7,-1.7,Graduate
1,39,1,9254,1,3,133.1,1,Basic,Basic,Clerical/service,Manual skilled,130.5,0,0,0,1,0,0,38,0,0,6,0,0,0,0,0,6,0,0,0,0,15.5,2.8,-4.06,Not on time
1,1,2,9670,1,1,135,1,Secondary,Higher,Clerical/service,High-skilled,133.3,0,0,0,1,0,0,19,0,0,5,5,5,13,0,0,5,5,5,13.2,0,9.4,-0.8,-3.12,Graduate
1,1,1,9254,1,1,123,1,Secondary,Basic,Low-skilled,Low-skilled,132.1,0,0,0,1,0,1,21,0,0,6,9,5,11,0,0,6,8,5,12,0,15.5,2.8,-4.06,Graduate
1,1,1,9147,1,1,133.1,1,Basic,Secondary,Low-skilled,Other/unknown,100,0,0,0,1,0,0,21,0,0,5,12,3,12,0,0,5,12,1,15,3,16.2,0.3,-0.92,Not on time
1,1,1,9238,1,1,154,1,Basic,Basic,Low-skilled,Low-skilled,140.4,0,0,0,1,0,1,22,0,0,6,6,5,12.6,0,0,6,6,6,13,0,10.8,1.4,1.74,Graduate
1,1,1,9853,1,1,148,1,Basic,Basic,Clerical/service,Manual skilled,141.7,0,0,0,1,0,1,18,0,0,6,8,5,13.4,0,0,6,7,6,13.166666666666700,0,9.4,-0.8,-3.12,Graduate
1,17,2,9238,1,1,133,1,Basic,Basic,High-skilled,Low-skilled,119.7,0,1,0,1,0,1,18,0,0,6,9,6,11.333333333333300,0,0,6,9,6,11.571428571428600,0,15.5,2.8,-4.06,Graduate
1,1,1,9130,1,1,126,1,Basic,Secondary,Low-skilled,Low-skilled,122.5,1,0,0,0,0,0,25,0,0,5,14,4,13.5,2,0,5,10,4,14.25,0,9.4,-0.8,-3.12,Not on time
1,39,1,9085,1,19,133.1,1,Basic,Basic,Low-skilled,Manual skilled,140,0,0,1,0,0,0,24,0,2,6,11,3,11.75,0,1,6,14,3,10.333333333333300,0,16.2,0.3,-0.92,Not on time
1,1,3,9500,1,1,125,1,Higher,Secondary,Clerical/service,Clerical/service,119.4,1,0,0,1,0,0,19,0,0,7,10,6,12.471428571428600,0,0,7,8,7,11.4625,0,12.4,0.5,1.79,Not on time
1,16,1,171,1,1,145,1,Higher,Higher,High-skilled,High-skilled,155,1,0,0,1,0,0,24,0,11,17,19,11,12.909090909090900,0,9,13,15,9,13.555555555555600,0,12.4,0.5,1.79,Not on time
1,1,2,9147,1,1,118,1,Basic,Basic,Clerical/service,Clerical/service,119.1,1,0,0,1,0,1,20,0,0,5,5,5,11.6,0,0,5,5,5,13.6,0,12.4,0.5,1.79,Graduate
1,39,1,9147,1,1,120,1,Basic,Secondary,Low-skilled,High-skilled,122.7,0,0,0,0,0,0,25,0,0,5,5,0,0,0,0,5,9,0,0,0,10.8,1.4,1.74,Not on time
1,1,1,9147,1,1,127,1,Basic,Basic,Low-skilled,Other/unknown,117.9,0,0,0,1,0,1,20,0,5,10,13,9,12.9,0,4,10,12,10,12.363636363636400,0,8.9,1.4,3.51,Graduate
1,7,1,9500,1,3,130,1,Basic,Basic,Clerical/service,High-skilled,130,0,0,0,1,0,0,23,0,0,8,8,8,13.22,0,0,8,8,8,13.22,0,9.4,-0.8,-3.12,Graduate
1,17,3,9500,1,1,129,1,Basic,Basic,Manual skilled,Manual skilled,120,1,0,0,1,0,1,19,0,0,8,8,7,13.151428571428600,0,0,8,8,7,13.151428571428600,0,10.8,1.4,1.74,Graduate
1,44,1,9003,1,39,130,1,Basic,Basic,Low-skilled,Other/unknown,130,0,0,1,0,0,0,29,0,0,6,13,3,12.75,0,0,6,8,3,11.333333333333300,0,13.9,-0.3,0.79,Not on time
1,1,3,9254,1,1,121,1,Basic,Basic,Clerical/service,Manual skilled,116.8,1,0,0,1,0,0,21,0,0,6,8,6,11.333333333333300,0,0,6,8,4,12.25,0,11.1,0.6,2.02,Graduate
1,1,1,9670,1,1,136,1,Basic,Secondary,Low-skilled,Manual skilled,123.4,1,0,0,1,0,1,18,0,0,6,10,6,13.25,0,0,6,13,5,14.142857142857100,0,11.1,0.6,2.02,Graduate
1,1,3,9070,1,1,125,1,Basic,Basic,Low-skilled,Low-skilled,125.4,1,0,0,1,0,0,19,0,0,6,7,5,12.4,0,0,6,6,5,12.4,0,9.4,-0.8,-3.12,Not on time
1,1,3,9773,1,1,131,1,Basic,Basic,Manual skilled,Manual skilled,127.2,1,0,0,1,0,1,18,0,0,6,6,6,15,0,0,6,6,6,12.833333333333300,0,8.9,1.4,3.51,Not on time
1,1,1,9085,1,1,122,1,Secondary,Basic,Other/unknown,Manual skilled,103.4,0,0,0,1,0,0,19,0,0,5,6,5,14.4,0,0,5,6,5,13,0,7.6,2.6,0.32,Graduate
1,1,1,9773,1,1,127,1,Basic,Basic,Low-skilled,Manual skilled,123.2,1,0,0,1,0,0,18,0,0,6,12,1,11,0,0,6,12,0,0,0,9.4,-0.8,-3.12,Not on time
1,17,1,9147,1,1,136,1,Secondary,Secondary,Clerical/service,Clerical/service,124.1,0,0,0,1,0,0,18,0,0,5,8,5,12.4,0,0,5,6,5,10.8,0,8.9,1.4,3.51,Graduate
2,39,1,9556,1,19,133.1,1,Basic,Basic,Manual skilled,Manual skilled,99.5,1,0,1,0,0,1,37,0,0,7,13,1,16,0,0,7,12,0,0,0,8.9,1.4,3.51,Not on time
1,17,1,9991,0,40,127,1,Basic,Basic,Manual skilled,Manual skilled,124.9,0,0,0,1,0,0,29,0,0,5,10,5,13.571428571428600,0,0,5,14,5,12.333333333333300,3,16.2,0.3,-0.92,Graduate
1,17,3,9070,1,1,116,1,Basic,Basic,Low-skilled,Low-skilled,110.8,0,0,0,1,0,0,18,0,0,6,6,6,11.833333333333300,0,0,6,6,6,12.5,0,7.6,2.6,0.32,Not on time
1,1,1,9238,1,1,121,1,Secondary,Secondary,Low-skilled,Manual skilled,118.9,1,0,0,1,0,1,19,0,0,6,8,5,11.666666666666700,0,0,6,9,5,12.666666666666700,0,12.4,0.5,1.79,Graduate
1,43,1,9238,1,1,124,1,Secondary,Secondary,High-skilled,High-skilled,118.8,1,0,1,0,0,0,22,0,6,10,16,6,11.833333333333300,0,2,7,8,2,13,0,16.2,0.3,-0.92,Not on time
1,1,1,9254,1,1,131,1,Basic,Basic,Low-skilled,Manual skilled,137,0,0,0,1,0,1,20,0,0,6,8,6,11.166666666666700,0,0,6,10,5,10.6,0,15.5,2.8,-4.06,Graduate
1,39,1,8014,0,1,100,1,Basic,Basic,Other/unknown,Other/unknown,100,0,0,0,1,0,0,34,0,0,6,0,0,0,0,0,6,0,0,0,0,12.7,3.7,-1.7,Not on time
1,43,1,9119,1,1,130,1,Basic,Basic,Low-skilled,Low-skilled,120,0,0,1,0,0,0,30,0,8,12,17,8,11.75,0,6,12,19,6,12.166666666666700,2,7.6,2.6,0.32,Not on time
1,1,1,9238,1,1,135,1,Secondary,Secondary,Clerical/service,Clerical/service,122.8,0,0,0,1,0,0,18,0,0,6,7,6,14,0,0,6,7,6,14,0,10.8,1.4,1.74,Graduate
1,1,1,9238,1,1,130,1,Basic,Basic,Low-skilled,Clerical/service,121.6,0,0,0,1,0,0,18,0,0,6,6,6,12.833333333333300,0,0,6,6,6,12,0,12.4,0.5,1.79,Graduate
1,1,2,9773,1,1,146,1,Higher,Secondary,High-skilled,High-skilled,149.2,1,0,0,1,0,0,18,0,0,6,11,4,12.25,0,0,6,10,3,11.666666666666700,0,9.4,-0.8,-3.12,Graduate
1,17,4,9500,1,1,146,1,Higher,Secondary,High-skilled,High-skilled,140,1,0,0,1,0,0,18,0,0,8,8,7,14.828571428571400,0,0,8,8,7,14.828571428571400,0,12.7,3.7,-1.7,Graduate
1,1,2,9773,1,1,154,1,Basic,Basic,Low-skilled,Low-skilled,133.4,1,0,0,1,0,1,19,0,0,6,7,5,11.4,0,0,6,8,5,12.8,0,12.7,3.7,-1.7,Graduate
1,1,1,9070,1,1,137,1,Basic,Basic,Low-skilled,Low-skilled,126.2,1,0,0,1,0,1,19,0,0,6,6,6,13,0,0,6,8,6,12.5,0,10.8,1.4,1.74,Graduate
1,1,5,9500,1,1,151,1,Secondary,Secondary,Low-skilled,Low-skilled,127.8,0,0,0,1,0,1,18,0,0,8,8,7,13.671428571428600,0,0,8,8,7,13.671428571428600,0,12.7,3.7,-1.7,Graduate
1,44,1,9003,1,39,150,1,Basic,Basic,Clerical/service,Manual skilled,150,0,0,0,1,0,1,21,0,0,6,9,6,12.666666666666700,0,0,6,8,5,12.8,0,13.9,-0.3,0.79,Graduate
1,1,2,9147,1,1,121,1,Secondary,Basic,Low-skilled,Low-skilled,113.7,1,0,0,0,0,0,20,0,0,5,10,2,10,0,0,5,12,1,13,0,7.6,2.6,0.32,Not on time
1,17,1,9147,1,1,122,1,Secondary,Basic,Clerical/service,Manual skilled,117.8,1,0,0,1,0,0,20,0,0,5,10,5,13.5,0,0,5,8,5,12.333333333333300,0,13.9,-0.3,0.79,Graduate
1,1,1,9500,1,1,143,1,Higher,Secondary,High-skilled,Clerical/service,136.7,0,0,0,1,0,0,19,0,2,7,8,7,12.67,0,1,8,8,8,13.55,0,11.1,0.6,2.02,Graduate
1,1,1,9238,1,1,152,1,Secondary,Basic,Clerical/service,Clerical/service,144.7,0,0,0,1,0,0,20,0,0,6,8,6,14.5,0,0,6,7,6,15.428571428571400,0,16.2,0.3,-0.92,Graduate
1,17,3,9500,1,1,145,1,Secondary,Secondary,Clerical/service,Other/unknown,139.8,1,0,0,1,0,0,18,0,0,7,7,7,13.685714285714300,0,0,8,8,8,15.3875,0,13.9,-0.3,0.79,Graduate
1,42,1,9853,1,1,120,1,Basic,Basic,High-skilled,High-skilled,113.7,0,0,0,1,0,0,20,0,0,6,8,5,11,0,0,6,10,3,10.666666666666700,0,12.7,3.7,-1.7,Not on time
2,7,1,9130,1,3,140,1,Higher,Higher,High-skilled,Other/unknown,140,0,0,1,0,0,0,29,0,7,9,16,7,11.555555555555600,4,5,7,12,5,13.2,2,7.6,2.6,0.32,Not on time
1,1,1,9500,1,1,143,1,Basic,Basic,Clerical/service,Manual skilled,142.3,0,0,0,1,0,1,18,0,0,7,7,7,13.79714285714290,0,0,8,8,8,13.775,0,12.4,0.5,1.79,Not on time
1,1,1,9500,1,1,129,1,Basic,Basic,Clerical/service,Clerical/service,119.6,1,0,0,1,0,1,20,0,0,7,8,7,14.00375,0,0,8,11,7,13.812857142857100,0,15.5,2.8,-4.06,Graduate
1,16,2,9147,1,1,139,1,Basic,Basic,Low-skilled,Low-skilled,123.7,1,0,0,1,0,1,22,0,0,5,8,4,12,0,0,5,8,4,11.4,2,16.2,0.3,-0.92,Graduate
4,1,1,8014,0,1,133.1,1,Secondary,Basic,Clerical/service,Other/unknown,143,1,0,0,1,0,1,47,0,0,6,9,5,14.166666666666700,0,0,6,7,6,14.166666666666700,0,16.2,0.3,-0.92,Graduate
2,51,1,9991,0,1,127,1,Basic,Basic,Manual skilled,Clerical/service,100.1,0,0,0,1,0,0,31,0,1,5,5,5,14,0,0,5,5,5,13.8,0,8.9,1.4,3.51,Graduate
1,1,1,9070,1,1,126,1,Basic,Basic,Manual skilled,Clerical/service,119.4,0,0,0,1,0,1,21,0,0,6,7,5,13.8,0,0,6,6,6,12.833333333333300,0,16.2,0.3,-0.92,Graduate
1,1,1,8014,0,1,128,1,Basic,Basic,Other/unknown,Other/unknown,122.1,0,0,0,1,0,0,21,0,0,6,8,5,12.8,0,0,6,10,6,11.857142857142900,0,7.6,2.6,0.32,Graduate
2,39,1,9773,1,12,100,1,Secondary,Secondary,Clerical/service,Clerical/service,100,0,0,0,1,0,0,24,0,0,6,6,6,12.166666666666700,0,0,6,6,6,13.833333333333300,0,7.6,2.6,0.32,Graduate
1,17,1,9070,1,1,123,1,Higher,Basic,High-skilled,Low-skilled,113.9,0,0,0,1,0,0,18,0,0,6,8,6,12.5,0,0,6,6,6,12.333333333333300,0,15.5,2.8,-4.06,Not on time
1,39,1,8014,0,15,170,1,Unknown,Secondary,Other/unknown,High-skilled,101,0,0,0,1,0,0,32,0,0,6,9,4,12,0,0,6,12,4,11.5,0,7.6,2.6,0.32,Graduate
1,18,2,8014,0,1,117,1,Higher,Secondary,High-skilled,Clerical/service,111.8,1,0,0,1,0,1,19,0,0,6,8,6,10.833333333333300,0,0,6,9,6,11.5,0,10.8,1.4,1.74,Graduate
1,39,1,9500,1,1,140,1,Higher,Higher,High-skilled,High-skilled,140,1,0,0,1,0,0,24,0,0,8,8,8,13.385,0,0,8,8,8,13.385,0,9.4,-0.8,-3.12,Graduate
1,17,4,9085,1,1,123,1,Basic,Basic,Clerical/service,Other/unknown,124.4,1,0,0,1,0,0,19,0,0,6,14,6,15.666666666666700,0,0,6,9,6,14.5,0,15.5,2.8,-4.06,Graduate
1,44,1,9003,1,39,150,1,Basic,Basic,Manual skilled,Manual skilled,150,0,0,1,1,0,1,19,0,0,6,9,6,14.333333333333300,0,0,6,7,6,13.833333333333300,0,13.9,-0.3,0.79,Graduate
1,44,1,9003,1,39,140,1,Basic,Basic,Low-skilled,Clerical/service,140,0,0,0,1,0,0,24,0,0,6,10,6,11.428571428571400,0,0,6,12,5,13,0,12.4,0.5,1.79,Not on time
1,17,4,9238,1,1,123,1,Basic,Basic,Low-skilled,Clerical/service,116,1,0,0,1,0,1,18,0,0,6,9,6,11.666666666666700,0,0,6,8,6,11.666666666666700,0,8.9,1.4,3.51,Graduate
1,1,1,9070,1,1,130,1,Basic,Basic,High-skilled,Manual skilled,135.6,1,0,0,1,0,1,19,0,0,6,9,5,12,0,0,6,10,2,11.333333333333300,0,8.9,1.4,3.51,Not on time
2,1,1,9500,1,1,137,1,Higher,Basic,High-skilled,Clerical/service,121,0,0,0,1,0,1,19,0,0,8,8,7,14.725714285714300,0,0,8,8,7,14.725714285714300,0,10.8,1.4,1.74,Graduate
1,17,2,9773,1,1,126,1,Basic,Basic,Low-skilled,Manual skilled,118.7,1,0,0,1,0,1,18,0,0,6,6,6,14.166666666666700,0,0,6,6,6,13.666666666666700,0,12.4,0.5,1.79,Graduate
1,1,1,9238,1,1,125,1,Secondary,Secondary,High-skilled,High-skilled,125.7,1,0,0,1,0,0,18,0,0,6,10,6,11.571428571428600,0,0,6,8,6,12.333333333333300,0,12.4,0.5,1.79,Graduate
1,17,4,9556,1,1,112,1,Secondary,Secondary,Clerical/service,Other/unknown,107.1,1,0,0,1,0,0,20,0,0,7,7,7,12.5,0,0,8,8,8,13.1375,0,12.4,0.5,1.79,Graduate
1,1,1,9500,1,1,141,1,Basic,Basic,Clerical/service,Manual skilled,125.5,0,0,0,1,0,0,18,0,0,8,10,8,12.86,2,0,8,10,8,12.86,2,9.4,-0.8,-3.12,Graduate
1,17,4,9670,1,1,135,1,Basic,Basic,Low-skilled,Manual skilled,127,1,0,0,1,0,0,18,0,0,6,10,6,12.25,0,0,6,9,6,13.714285714285700,0,11.1,0.6,2.02,Graduate
1,1,2,9085,1,1,117,1,Basic,Basic,Low-skilled,Low-skilled,113.5,1,0,0,1,0,1,21,0,0,5,7,4,12,0,0,5,5,5,12.2,0,10.8,1.4,1.74,Graduate
1,1,1,9500,1,1,160,1,Basic,Basic,Clerical/service,Low-skilled,154.4,0,0,0,1,0,1,18,0,0,7,9,7,15.116666666666700,0,0,8,9,8,16.168888888888900,0,15.5,2.8,-4.06,Graduate
1,51,1,9670,1,1,136,1,Basic,Basic,Clerical/service,Clerical/service,122,0,0,1,0,0,0,18,0,0,5,6,2,12.5,0,0,5,6,4,10.25,0,9.4,-0.8,-3.12,Not on time
1,17,2,9238,1,1,143,1,Secondary,Basic,Clerical/service,High-skilled,128,1,0,0,1,0,0,19,0,0,6,11,0,0,0,0,6,0,0,0,0,9.4,-0.8,-3.12,Not on time
1,1,1,9670,1,1,119,1,Secondary,Basic,Clerical/service,Other/unknown,115.5,1,0,0,1,0,0,19,0,0,6,8,4,11,0,0,6,9,4,11,0,10.8,1.4,1.74,Not on time
1,17,4,9670,1,1,120,1,Secondary,Basic,Clerical/service,Clerical/service,117.2,1,0,0,1,0,0,18,0,0,6,8,6,11.875,0,0,6,11,4,14.6,0,11.1,0.6,2.02,Graduate
1,39,1,9130,1,3,150,1,Higher,Secondary,Other/unknown,Other/unknown,150,1,0,0,1,0,0,34,0,1,5,6,1,11,0,0,5,5,0,0,0,12.7,3.7,-1.7,Not on time
1,1,3,9085,1,1,142,1,Basic,Basic,Other/unknown,Other/unknown,155.3,0,0,0,1,0,0,19,0,0,5,5,5,15.2,0,0,5,6,5,13.2,0,7.6,2.6,0.32,Graduate
1,44,1,9130,1,39,120,1,Basic,Basic,Manual skilled,Manual skilled,120,1,0,1,0,0,0,19,0,2,6,7,5,11.6,0,1,6,12,2,11,0,12.4,0.5,1.79,Not on time
1,51,1,9238,1,1,160,1,Higher,Basic,High-skilled,High-skilled,116.1,0,0,1,1,0,0,26,0,0,6,6,6,14.833333333333300,0,0,6,7,6,15.142857142857100,0,11.1,0.6,2.02,Graduate
1,17,1,9853,1,1,133.1,1,Unknown,Unknown,Other/unknown,Other/unknown,118.9,1,0,0,1,0,0,21,0,0,6,12,3,11.333333333333300,0,0,6,10,3,11.333333333333300,0,7.6,2.6,0.32,Not on time
1,17,2,9147,1,1,142,1,Basic,Basic,Clerical/service,Manual skilled,127.3,0,0,0,1,0,1,18,0,0,5,5,5,11.2,0,0,5,5,5,11.8,0,11.1,0.6,2.02,Graduate
1,17,4,9853,1,1,121,1,Basic,Basic,Clerical/service,Manual skilled,113.7,1,0,0,1,0,1,20,0,0,6,8,5,13.4,0,0,6,9,5,13.666666666666700,0,9.4,-0.8,-3.12,Graduate
1,51,1,9147,1,1,135,1,Secondary,Secondary,Clerical/service,Clerical/service,118.5,0,0,0,1,0,0,25,0,0,5,12,2,10.5,0,0,5,5,0,0,0,11.1,0.6,2.02,Not on time
1,1,1,9147,1,1,153,1,Secondary,Basic,Clerical/service,High-skilled,146.7,0,0,0,1,0,0,18,0,0,5,5,5,16.2,0,0,5,5,5,16.4,0,11.1,0.6,2.02,Graduate
1,1,1,9500,1,1,140,1,Basic,Basic,High-skilled,Manual skilled,124.3,1,0,0,1,0,1,18,0,0,7,7,7,14.542857142857100,0,0,8,11,8,14.88181818181820,0,16.2,0.3,-0.92,Graduate
1,1,1,9500,1,1,152,1,Higher,Basic,High-skilled,Clerical/service,137.8,0,0,0,1,0,0,19,0,0,7,7,7,13.694285714285700,0,0,8,9,8,14.355555555555600,0,11.1,0.6,2.02,Graduate
1,1,1,9238,1,1,120,1,Basic,Basic,Clerical/service,Low-skilled,130.2,0,0,0,1,0,1,18,0,0,6,8,6,11.285714285714300,0,0,6,10,6,11.857142857142900,0,12.4,0.5,1.79,Graduate
1,17,1,9500,1,1,160,1,Basic,Basic,Manual skilled,Manual skilled,147.8,0,0,0,1,0,0,20,0,0,7,11,6,11.757142857142900,0,0,8,12,6,13.083333333333300,0,15.5,2.8,-4.06,Not on time
1,7,1,9085,1,40,150,1,Basic,Basic,Low-skilled,Clerical/service,150,0,0,1,0,0,0,26,0,0,3,3,0,0,0,0,6,0,0,0,0,8.9,1.4,3.51,Not on time
1,42,1,9500,1,1,100,1,Basic,Basic,Manual skilled,Low-skilled,100,1,0,0,1,0,1,19,0,0,8,8,7,13.058571428571400,0,0,8,8,7,13.058571428571400,0,10.8,1.4,1.74,Graduate
1,1,1,9500,1,1,150,1,Secondary,Secondary,Clerical/service,High-skilled,155.6,0,0,0,1,0,0,19,0,0,7,7,7,14.3,0,0,8,9,8,14.055555555555600,0,16.2,0.3,-0.92,Graduate
1,43,4,9147,1,1,124,1,Basic,Basic,Low-skilled,Low-skilled,117.4,0,0,0,1,0,0,19,0,3,10,15,5,11.8,0,4,10,14,8,12,0,7.6,2.6,0.32,Graduate
1,5,3,9085,1,1,141,1,Secondary,Basic,Manual skilled,Clerical/service,128.8,1,0,0,1,0,0,19,0,0,5,9,3,10.333333333333300,1,0,5,8,3,13,0,7.6,2.6,0.32,Not on time
1,1,1,9254,1,1,121,1,Basic,Basic,Clerical/service,Manual skilled,117.5,1,0,0,1,0,0,18,0,0,6,7,6,10.571428571428600,0,0,6,11,3,11.666666666666700,0,16.2,0.3,-0.92,Graduate
1,43,1,9500,1,6,134,1,Secondary,Basic,Low-skilled,Low-skilled,120.4,1,0,0,1,0,0,19,0,0,7,7,6,13.333333333333300,0,0,7,7,6,13.333333333333300,0,7.6,2.6,0.32,Graduate
1,1,1,9238,1,1,134,1,Secondary,Secondary,Low-skilled,Manual skilled,130.9,0,0,1,1,0,0,18,0,0,6,10,6,11.857142857142900,0,0,6,9,5,11,0,13.9,-0.3,0.79,Graduate
1,1,1,9853,1,1,132,1,Higher,Basic,Clerical/service,Clerical/service,125,1,0,0,1,0,0,18,0,0,6,9,5,12.6,0,0,6,8,5,11.4,0,9.4,-0.8,-3.12,Not on time
1,1,1,9085,1,1,135,1,Basic,Basic,Low-skilled,Clerical/service,136.8,1,0,0,1,0,0,18,0,0,5,11,5,14,3,0,5,7,5,11.6,0,9.4,-0.8,-3.12,Not on time
1,1,1,9853,1,1,123,1,Secondary,Basic,Low-skilled,Manual skilled,121.6,1,0,0,1,0,0,18,0,0,7,12,5,12,0,0,7,9,6,12.666666666666700,0,11.1,0.6,2.02,Not on time
1,44,1,9119,1,39,151,1,Basic,Basic,Clerical/service,Manual skilled,151,0,0,1,1,0,0,26,0,0,5,6,0,0,0,0,5,5,0,0,0,16.2,0.3,-0.92,Not on time
1,1,1,9238,1,1,107,1,Basic,Basic,Manual skilled,Manual skilled,103.5,1,0,0,1,0,0,20,0,0,6,7,6,12,0,0,6,7,6,13,0,12.4,0.5,1.79,Graduate
1,1,1,8014,0,1,126,1,Basic,Basic,Low-skilled,Other/unknown,119.4,0,0,0,1,0,0,19,0,0,6,6,6,12.666666666666700,0,0,6,6,6,11.666666666666700,0,12.7,3.7,-1.7,Graduate
1,1,1,9238,1,1,133,1,Unknown,Basic,Clerical/service,Low-skilled,134.4,1,0,0,1,0,1,18,0,0,6,6,6,12.166666666666700,0,0,6,9,6,13.666666666666700,0,9.4,-0.8,-3.12,Graduate
1,44,1,9238,1,39,140,1,Basic,Basic,Manual skilled,Manual skilled,143,0,0,0,1,0,0,19,0,3,6,6,6,13.333333333333300,0,2,6,6,6,14.666666666666700,0,13.9,-0.3,0.79,Graduate
1,7,1,9853,1,40,110,1,Higher,Higher,High-skilled,High-skilled,110,0,0,1,1,0,0,40,0,0,7,8,7,15,0,0,7,7,7,14.571428571428600,0,12.4,0.5,1.79,Graduate
1,1,4,9500,1,1,141,1,Basic,Basic,Manual skilled,Manual skilled,132.5,1,0,0,1,0,1,18,0,0,8,8,8,13.39125,0,0,8,8,8,13.39125,0,9.4,-0.8,-3.12,Graduate
1,17,1,9238,1,1,122,1,Higher,Secondary,Low-skilled,Other/unknown,114.7,0,0,0,1,0,0,19,0,0,6,9,5,12.166666666666700,0,0,6,8,6,12.428571428571400,0,13.9,-0.3,0.79,Graduate
1,17,1,9130,1,1,156,1,Higher,Secondary,High-skilled,Clerical/service,166.9,0,0,0,1,0,0,18,0,0,5,9,4,11.25,0,0,5,6,4,12.5,0,7.6,2.6,0.32,Graduate
1,1,1,9085,1,1,129,1,Secondary,Higher,High-skilled,High-skilled,125.9,1,0,0,1,0,0,19,0,0,5,13,4,12,2,0,5,8,3,12,0,9.4,-0.8,-3.12,Not on time
1,1,1,171,1,1,188,1,Higher,Higher,High-skilled,High-skilled,178.3,1,0,0,1,0,0,18,0,0,0,0,0,0,0,0,0,0,0,0,0,15.5,2.8,-4.06,Not on time
2,39,1,8014,0,1,120,1,Basic,Basic,Low-skilled,Low-skilled,117,1,0,0,1,0,0,33,0,0,6,7,6,12.833333333333300,0,0,6,8,6,12.857142857142900,0,12.4,0.5,1.79,Graduate
1,39,1,9003,1,3,130,1,Higher,Higher,High-skilled,High-skilled,150,0,0,0,1,0,0,35,0,0,6,10,6,14,0,0,6,11,6,13.1,0,16.2,0.3,-0.92,Graduate
1,42,1,9147,1,1,130,1,Basic,Basic,Low-skilled,High-skilled,130,1,0,0,1,0,0,26,0,3,5,5,4,13,0,1,5,7,2,12,0,9.4,-0.8,-3.12,Not on time
1,1,1,9773,1,1,140,1,Basic,Basic,Manual skilled,Clerical/service,135.1,1,0,0,1,0,0,18,0,0,6,7,6,13.5,0,0,6,8,6,12.5,0,9.4,-0.8,-3.12,Graduate
1,43,1,9238,1,1,110,1,Basic,Basic,Low-skilled,Low-skilled,110,0,0,0,1,0,0,36,0,10,16,24,13,10.692307692307700,1,9,13,19,9,12.307692307692300,0,15.5,2.8,-4.06,Not on time
4,39,1,9991,0,1,133.1,1,Basic,Basic,Manual skilled,Manual skilled,136.2,0,0,0,1,0,0,39,0,0,5,6,5,11,0,0,5,9,5,11.666666666666700,0,10.8,1.4,1.74,Graduate
2,39,1,9238,1,1,120,1,Basic,Basic,Low-skilled,Low-skilled,116,0,0,0,1,0,0,44,0,0,6,8,6,13,0,0,6,6,6,13.833333333333300,0,12.7,3.7,-1.7,Graduate
1,1,2,8014,0,1,96,1,Higher,Secondary,High-skilled,Low-skilled,100,0,0,0,1,0,0,20,0,0,6,10,5,12,0,0,6,9,4,11.25,0,9.4,-0.8,-3.12,Not on time
1,1,1,9254,1,1,117,1,Basic,Basic,Low-skilled,Low-skilled,116.3,1,0,0,1,0,0,24,0,0,6,9,4,12.6,0,0,6,6,4,11.5,0,12.7,3.7,-1.7,Not on time
1,43,1,9773,1,1,123,1,Basic,Basic,Low-skilled,Manual skilled,134,0,0,0,1,0,1,20,0,0,6,6,6,13.666666666666700,0,0,6,6,6,13.333333333333300,0,12.4,0.5,1.79,Graduate
1,1,4,171,1,1,127,1,Secondary,Secondary,Low-skilled,Clerical/service,124.2,1,0,0,0,0,0,19,0,0,0,0,0,0,0,0,0,0,0,0,0,9.4,-0.8,-3.12,Not on time
2,1,1,9500,1,1,151,1,Basic,Basic,Low-skilled,Manual skilled,134.5,0,0,1,1,0,1,18,0,0,7,7,6,14.2,0,0,7,7,6,14.2,0,7.6,2.6,0.32,Graduate
1,1,1,9254,1,1,127,1,Basic,Basic,Clerical/service,Manual skilled,120.7,0,0,1,0,0,0,22,0,0,6,10,5,11,0,0,6,12,0,0,0,10.8,1.4,1.74,Not on time
1,17,1,9085,1,1,133,1,Basic,Secondary,Clerical/service,Clerical/service,127.1,1,0,0,1,0,0,18,0,0,6,7,6,15,0,0,6,7,6,16.428571428571400,0,11.1,0.6,2.02,Graduate
1,39,1,9500,1,19,133.1,1,Basic,Basic,Low-skilled,Low-skilled,133,0,0,0,1,0,0,24,0,0,7,9,6,12.585714285714300,0,0,8,9,7,13.44285714285710,0,13.9,-0.3,0.79,Graduate
1,39,1,9991,0,1,133.1,1,Basic,Basic,Other/unknown,Manual skilled,128.2,0,0,0,1,0,0,33,0,0,5,0,0,0,0,0,5,0,0,0,0,12.7,3.7,-1.7,Not on time
1,39,1,9003,1,1,133.1,1,Basic,Basic,High-skilled,Manual skilled,130,0,0,1,1,0,1,30,0,0,6,6,0,0,0,0,6,6,0,0,0,11.1,0.6,2.02,Not on time
1,39,1,9085,1,43,160,1,Higher,Secondary,High-skilled,High-skilled,172,0,0,0,1,0,0,26,0,0,6,0,0,0,0,0,6,0,0,0,0,8.9,1.4,3.51,Not on time
1,17,4,9853,1,1,140,1,Basic,Basic,Clerical/service,High-skilled,128.5,1,0,0,1,0,0,18,0,0,6,7,6,11.666666666666700,0,0,6,10,6,11.833333333333300,0,10.8,1.4,1.74,Graduate
1,1,1,9773,1,1,146,1,Basic,Basic,Low-skilled,Manual skilled,128.5,0,0,1,1,0,0,19,0,0,6,13,3,12.666666666666700,0,0,6,12,2,10,0,10.8,1.4,1.74,Not on time
1,17,4,9147,1,1,112,1,Basic,Basic,Low-skilled,Other/unknown,112,1,0,0,1,0,0,20,0,0,5,10,3,10.333333333333300,0,0,5,9,4,11,2,16.2,0.3,-0.92,Not on time
1,53,1,9085,1,42,140,1,Basic,Basic,Low-skilled,Manual skilled,142.5,1,0,0,1,0,1,22,0,7,11,18,8,13.5,0,4,9,16,7,13.714285714285700,0,8.9,1.4,3.51,Graduate
1,1,4,9500,1,1,136,1,Secondary,Secondary,Low-skilled,High-skilled,133,1,0,0,1,0,0,19,0,0,7,8,5,13.98,0,0,7,8,5,13.98,0,7.6,2.6,0.32,Not on time
1,1,1,9085,1,1,133.1,1,Basic,Basic,Manual skilled,Clerical/service,106,1,0,0,1,0,1,21,0,0,6,13,6,16.153846153846200,0,0,6,10,6,15.75,0,15.5,2.8,-4.06,Graduate
1,1,4,9500,1,1,136,1,Basic,Basic,Clerical/service,Manual skilled,125.5,1,0,0,1,0,1,21,0,0,7,7,6,14.033333333333300,0,0,7,7,6,14.033333333333300,0,7.6,2.6,0.32,Graduate
1,17,1,9085,1,1,134,1,Basic,Basic,High-skilled,Manual skilled,131.2,0,0,0,1,0,0,19,0,0,5,8,1,11,0,0,5,6,5,11.2,0,7.6,2.6,0.32,Not on time
1,1,1,9853,1,1,122,1,Basic,Basic,Low-skilled,Low-skilled,112.9,1,0,0,1,0,1,19,0,0,7,8,7,13.857142857142900,0,0,7,8,6,13.666666666666700,0,8.9,1.4,3.51,Graduate
1,1,6,9500,1,1,138,1,Basic,Basic,Low-skilled,Clerical/service,124.8,1,0,0,1,0,0,18,0,0,8,8,7,13.414285714285700,0,0,8,8,7,13.414285714285700,0,12.7,3.7,-1.7,Not on time
2,43,1,8014,0,1,160,1,Basic,Secondary,Low-skilled,Clerical/service,140.9,0,0,0,1,0,0,50,0,7,11,11,11,13.545454545454500,0,3,7,7,7,13.571428571428600,0,16.2,0.3,-0.92,Graduate
4,39,1,9991,0,1,130,1,Basic,Basic,Low-skilled,Manual skilled,148,0,0,0,1,0,1,31,0,0,5,11,4,11.25,0,0,5,10,4,10.833333333333300,0,13.9,-0.3,0.79,Not on time
1,17,1,9773,1,1,161,1,Secondary,Basic,Clerical/service,Manual skilled,148.4,0,0,0,1,0,1,19,0,0,6,6,6,13.833333333333300,0,0,6,7,6,14.428571428571400,0,15.5,2.8,-4.06,Graduate
4,39,1,9991,0,1,140,1,Secondary,Basic,Clerical/service,Low-skilled,129.7,0,0,0,1,0,0,35,0,0,5,8,5,12,0,0,5,9,5,12.857142857142900,0,13.9,-0.3,0.79,Graduate
2,39,1,9085,1,19,133.1,1,Basic,Basic,Clerical/service,Manual skilled,128.2,0,0,0,1,0,0,31,0,0,6,0,0,0,0,0,6,0,0,0,0,12.7,3.7,-1.7,Not on time
2,51,1,8014,0,19,133.1,1,Basic,Basic,Low-skilled,Low-skilled,104,0,0,1,1,0,0,42,0,5,11,14,10,11.9,0,5,11,14,10,12.8,0,11.1,0.6,2.02,Not on time
1,18,4,9147,1,1,130,1,Basic,Basic,Low-skilled,Low-skilled,119.9,1,0,0,0,0,0,34,0,0,5,5,0,0,0,0,5,0,0,0,0,9.4,-0.8,-3.12,Not on time
1,1,1,9500,1,1,152,1,Secondary,Secondary,Clerical/service,Clerical/service,141,1,0,0,1,0,1,18,0,0,7,7,7,15.135714285714300,0,0,8,8,8,15.287500000000000,0,12.4,0.5,1.79,Graduate
1,17,1,9853,1,1,125,1,Higher,Higher,High-skilled,High-skilled,116.6,1,0,0,0,0,1,18,0,0,7,7,7,12.285714285714300,0,0,7,8,6,13.333333333333300,0,8.9,1.4,3.51,Not on time
1,44,1,9085,1,39,140,1,Basic,Basic,Clerical/service,Manual skilled,140,1,0,0,1,0,0,21,0,2,6,16,5,12.666666666666700,0,1,6,15,2,13.5,0,16.2,0.3,-0.92,Not on time
4,39,1,9500,1,19,133.1,1,Basic,Basic,Clerical/service,Manual skilled,140,0,0,0,1,0,1,26,0,0,7,13,5,12.74,0,0,8,12,6,10.978571428571400,0,16.2,0.3,-0.92,Not on time
1,43,1,9500,1,1,170,1,Basic,Basic,Manual skilled,Manual skilled,100,0,0,0,1,0,0,20,0,0,7,8,6,13.25,0,0,8,8,8,13.75,0,13.9,-0.3,0.79,Not on time
1,1,1,9238,1,1,135,1,Basic,Basic,Clerical/service,Manual skilled,121,0,0,0,1,0,0,19,0,0,6,13,3,10.333333333333300,0,0,6,12,3,10.333333333333300,0,7.6,2.6,0.32,Not on time
1,1,1,9853,1,1,125,1,Basic,Basic,Clerical/service,Clerical/service,117,0,0,0,1,0,1,19,0,0,6,7,6,13.428571428571400,0,0,6,6,6,13.166666666666700,0,15.5,2.8,-4.06,Graduate
1,53,1,9147,1,42,140,1,Higher,Higher,High-skilled,High-skilled,140.2,0,0,0,1,0,0,20,0,6,11,19,9,12.555555555555600,0,3,9,14,8,11.11111111111110,0,8.9,1.4,3.51,Graduate
1,1,1,9238,1,1,124,1,Unknown,Unknown,Other/unknown,Other/unknown,129.3,0,0,0,1,0,0,19,0,0,6,8,6,11.5,0,0,6,7,6,11.166666666666700,0,7.6,2.6,0.32,Graduate
1,1,1,9853,1,1,140,1,Basic,Basic,Low-skilled,Low-skilled,145.3,0,0,0,1,0,0,18,0,0,6,6,6,13.666666666666700,0,0,6,9,6,12.333333333333300,0,7.6,2.6,0.32,Graduate
1,39,1,9991,0,3,130,1,Basic,Basic,Low-skilled,Low-skilled,146.2,0,0,0,1,0,0,28,0,10,14,16,11,11.272727272727300,0,6,11,16,10,12,0,10.8,1.4,1.74,Graduate
1,17,1,9853,1,1,134,1,Secondary,Basic,Clerical/service,Clerical/service,122.5,1,0,0,1,0,0,22,0,0,6,10,5,13.166666666666700,0,0,6,8,5,12.4,0,15.5,2.8,-4.06,Not on time
1,44,1,8014,0,39,160,1,Basic,Basic,Manual skilled,Manual skilled,156.1,0,0,0,1,0,1,21,0,3,6,6,6,14.666666666666700,0,2,6,6,6,14.166666666666700,0,13.9,-0.3,0.79,Graduate
1,44,1,9085,1,39,140,1,Higher,Basic,Clerical/service,Clerical/service,140,1,0,0,1,0,0,21,0,0,6,11,4,12.75,0,0,6,19,1,11,0,12.4,0.5,1.79,Not on time
1,39,1,9500,1,1,150,1,Secondary,Basic,Clerical/service,High-skilled,140,0,1,0,1,0,0,26,0,0,7,11,5,11.2,0,0,8,13,5,12.14,0,16.2,0.3,-0.92,Not on time
1,1,6,9773,1,1,141,1,Basic,Basic,Manual skilled,Manual skilled,128.4,1,0,1,0,0,0,18,0,0,6,8,5,13,0,0,6,8,5,11.4,0,7.6,2.6,0.32,Not on time
1,17,2,9085,1,1,120,1,Secondary,Secondary,Low-skilled,Other/unknown,115,0,0,0,0,0,0,20,0,0,5,8,2,10.5,0,0,5,8,2,12.333333333333300,0,7.6,2.6,0.32,Not on time
1,17,2,9085,1,1,166,1,Secondary,Basic,Clerical/service,High-skilled,158.7,0,0,0,1,0,0,18,0,0,6,7,6,14.857142857142900,0,0,6,7,6,14,0,11.1,0.6,2.02,Graduate
1,1,4,9500,1,1,147,1,Secondary,Secondary,Clerical/service,Low-skilled,124.5,1,0,0,1,0,1,19,0,0,8,11,7,12.86,0,0,8,11,7,12.86,0,10.8,1.4,1.74,Graduate
1,51,1,9238,1,1,121,1,Higher,Basic,High-skilled,Other/unknown,111.9,1,0,0,1,0,0,20,0,5,11,12,11,11.727272727272700,0,5,11,14,11,12,0,12.4,0.5,1.79,Graduate
1,44,1,9085,1,39,150,1,Basic,Basic,Clerical/service,Manual skilled,150,1,0,0,1,0,1,22,0,3,6,11,6,13.142857142857100,0,2,6,10,3,12,0,13.9,-0.3,0.79,Graduate
1,17,1,9670,1,1,124,1,Basic,Basic,Clerical/service,Manual skilled,114.2,1,0,1,1,0,0,18,0,0,6,6,5,11.8,0,0,6,9,4,13.714285714285700,0,10.8,1.4,1.74,Not on time
1,17,1,9147,1,1,96,1,Basic,Basic,Manual skilled,Clerical/service,96,1,0,0,1,0,0,19,0,0,5,10,3,10.666666666666700,0,0,5,9,0,0,3,16.2,0.3,-0.92,Not on time
1,17,4,9070,1,1,125,1,Secondary,Higher,High-skilled,High-skilled,128.9,0,0,0,1,0,1,18,0,0,6,9,5,11.6,0,0,6,8,4,11.2,0,8.9,1.4,3.51,Not on time
1,17,1,9254,1,1,136,1,Basic,Basic,Manual skilled,Manual skilled,121.7,1,0,0,1,0,0,20,0,0,6,13,3,10.333333333333300,0,0,6,12,3,10.333333333333300,0,10.8,1.4,1.74,Not on time
1,1,1,9773,1,1,120,1,Basic,Basic,Low-skilled,Low-skilled,114.8,1,1,0,1,0,0,19,0,0,6,11,4,12.25,0,0,6,11,3,11,0,7.6,2.6,0.32,Not on time
1,1,1,9254,1,1,128,1,Basic,Basic,Low-skilled,Low-skilled,127,0,0,0,1,0,0,19,0,0,6,6,6,12,0,0,6,7,4,12.75,0,12.4,0.5,1.79,Not on time
1,17,1,9500,1,1,142,1,Basic,Basic,Clerical/service,Clerical/service,131.3,1,0,0,1,0,0,19,0,0,8,8,7,14.731428571428600,0,0,8,8,7,14.731428571428600,0,10.8,1.4,1.74,Graduate
1,1,1,171,1,1,135,1,Secondary,Basic,High-skilled,Low-skilled,137.1,1,0,0,1,0,0,18,0,0,0,0,0,0,0,0,0,0,0,0,0,12.7,3.7,-1.7,Graduate
1,7,1,9070,1,40,120,1,Secondary,Basic,High-skilled,Low-skilled,120,1,0,0,1,0,0,21,0,9,13,14,13,13.615384615384600,1,6,12,12,12,14.25,0,13.9,-0.3,0.79,Graduate
1,39,1,9991,0,40,140,1,Secondary,Basic,Low-skilled,Low-skilled,139,0,0,0,1,0,0,27,0,0,5,5,5,15.8,0,0,5,5,5,14.8,0,8.9,1.4,3.51,Graduate
1,17,1,9238,1,1,135,1,Secondary,Basic,Clerical/service,Clerical/service,129.1,0,0,0,1,0,0,19,0,0,6,6,6,14.666666666666700,0,0,6,7,6,14.571428571428600,0,15.5,2.8,-4.06,Graduate
4,39,1,9085,1,1,133.1,1,Unknown,Unknown,Other/unknown,Other/unknown,128.2,0,0,0,1,0,0,25,0,0,5,5,0,0,0,0,5,5,0,0,0,7.6,2.6,0.32,Not on time
1,1,2,9500,1,1,137,1,Basic,Basic,Manual skilled,Manual skilled,120.8,1,0,0,1,0,1,18,0,0,8,8,7,14.654285714285700,0,0,8,8,7,14.654285714285700,0,10.8,1.4,1.74,Graduate
1,39,1,9500,1,3,122,1,Basic,Secondary,Clerical/service,Manual skilled,135.8,0,0,0,1,0,0,24,0,0,8,8,7,12.401428571428600,0,0,8,8,7,12.401428571428600,0,10.8,1.4,1.74,Graduate
1,1,3,9500,1,1,128,1,Secondary,Secondary,Clerical/service,Other/unknown,118.9,1,0,0,1,0,0,20,0,0,7,8,7,11.5875,0,0,8,9,7,14.071428571428600,0,13.9,-0.3,0.79,Graduate
1,7,1,9991,0,40,140,1,Basic,Basic,Manual skilled,Manual skilled,140,0,0,0,1,0,0,26,0,3,5,5,5,14,0,1,5,5,5,15.6,0,12.4,0.5,1.79,Graduate
1,1,1,9238,1,1,132,1,Secondary,Basic,Low-skilled,Manual skilled,127.1,1,0,0,1,0,1,20,0,0,6,9,6,12.333333333333300,0,0,6,6,6,11.833333333333300,0,8.9,1.4,3.51,Graduate
1,1,1,9085,1,1,131,1,Basic,Basic,Other/unknown,Other/unknown,137,0,0,0,1,0,0,18,0,0,5,5,5,14,0,0,5,6,5,15.4,0,7.6,2.6,0.32,Graduate
1,1,1,9085,1,1,126,1,Secondary,Secondary,Low-skilled,Low-skilled,127.4,1,0,0,1,0,0,19,0,0,6,13,6,15.23076923076920,0,0,6,10,6,12.375,0,15.5,2.8,-4.06,Graduate
1,1,1,9853,1,1,133.1,1,Basic,Basic,Low-skilled,Low-skilled,97,1,0,0,1,0,0,23,0,0,6,9,5,11.6,0,0,6,9,3,11,0,12.7,3.7,-1.7,Not on time
1,1,4,9500,1,1,136,1,Basic,Basic,Low-skilled,Low-skilled,126.3,1,0,0,1,0,1,18,0,0,7,7,6,11.6,0,0,7,7,6,11.6,0,7.6,2.6,0.32,Graduate
1,1,4,9500,1,1,140,1,Secondary,Basic,Clerical/service,Clerical/service,127.5,0,0,0,1,0,0,18,0,0,7,0,0,0,0,0,8,0,0,0,0,12.7,3.7,-1.7,Not on time
1,1,1,9500,1,1,135,1,Higher,Secondary,High-skilled,Manual skilled,126.6,0,0,0,1,0,1,19,0,0,7,7,7,12.901428571428600,0,0,8,9,8,13.094444444444400,0,11.1,0.6,2.02,Graduate
1,42,1,9991,0,1,160,1,Secondary,Higher,Clerical/service,High-skilled,120,0,0,0,1,0,0,30,0,4,7,9,7,14.142857142857100,0,1,5,5,5,14.8,0,7.6,2.6,0.32,Graduate
1,44,1,9085,1,39,140,1,Secondary,Higher,Clerical/service,Manual skilled,140,1,0,0,1,0,0,29,0,0,6,0,0,0,0,0,6,0,0,0,0,15.5,2.8,-4.06,Not on time
1,1,6,9500,1,1,140,1,Higher,Secondary,High-skilled,High-skilled,131.5,1,0,0,1,0,0,19,0,0,8,8,8,13.25375,0,0,8,8,8,13.25375,0,9.4,-0.8,-3.12,Graduate
1,17,6,9556,1,1,115,1,Basic,Higher,Clerical/service,High-skilled,112.2,1,0,0,1,0,0,20,0,0,7,7,7,13.785714285714300,0,0,8,8,8,14.1,0,12.4,0.5,1.79,Graduate
1,1,1,9500,1,1,144,1,Basic,Basic,Low-skilled,High-skilled,150.5,0,0,0,1,0,0,20,0,0,7,7,6,13.916666666666700,0,0,7,7,6,13.916666666666700,0,7.6,2.6,0.32,Graduate
1,1,4,9670,1,1,128,1,Basic,Basic,High-skilled,Manual skilled,121,1,0,0,1,0,0,19,0,0,6,8,6,13.5,0,0,6,9,6,13.571428571428600,0,11.1,0.6,2.02,Graduate
1,17,1,9147,1,1,116,1,Basic,Higher,Low-skilled,High-skilled,112.2,1,0,0,1,0,0,20,0,0,5,8,3,11.333333333333300,0,0,5,12,2,10.666666666666700,0,10.8,1.4,1.74,Not on time
3,1,2,9085,1,1,135,1,Basic,Secondary,Clerical/service,Clerical/service,129.4,1,0,0,1,0,0,21,0,0,5,8,0,0,4,0,5,12,0,0,4,10.8,1.4,1.74,Not on time
1,17,1,9670,1,1,121,1,Basic,Basic,Clerical/service,Other/unknown,114.4,0,0,0,1,0,0,19,0,0,6,10,5,11.5,0,0,6,9,4,14.6,0,11.1,0.6,2.02,Graduate
1,1,3,9500,1,1,134,1,Basic,Basic,Low-skilled,Low-skilled,120.3,1,0,0,1,0,1,18,0,0,8,8,7,12.082857142857100,0,0,8,8,7,12.082857142857100,0,10.8,1.4,1.74,Graduate
1,39,1,8014,0,1,120,1,Basic,Basic,Manual skilled,Manual skilled,120,0,0,0,1,0,1,27,0,0,6,8,6,11.833333333333300,0,0,6,10,5,12.8,0,15.5,2.8,-4.06,Graduate
1,17,2,9147,1,1,125,1,Basic,Basic,Manual skilled,Manual skilled,114.5,1,0,0,1,0,1,19,0,0,5,6,5,13.4,0,0,5,5,5,12.4,0,12.4,0.5,1.79,Graduate
1,1,1,9500,1,1,141,1,Secondary,Secondary,Other/unknown,High-skilled,127.8,0,0,0,1,0,1,19,0,0,7,7,0,0,2,0,7,7,0,0,2,7.6,2.6,0.32,Not on time
1,1,1,9773,1,1,140,1,Secondary,Basic,Clerical/service,Manual skilled,124.6,1,0,0,1,0,0,19,0,0,6,7,5,14.2,0,0,6,7,6,14.571428571428600,0,15.5,2.8,-4.06,Graduate
1,1,6,9500,1,1,144,1,Basic,Basic,Clerical/service,Clerical/service,130.3,1,0,0,1,0,1,18,0,0,8,8,7,13.814285714285700,0,0,8,8,7,13.814285714285700,0,12.7,3.7,-1.7,Graduate
1,17,1,9254,1,1,122,1,Basic,Basic,Clerical/service,Clerical/service,118.2,0,0,0,1,0,1,20,0,0,6,10,4,11.25,0,0,6,6,6,10.5,0,12.4,0.5,1.79,Not on time
1,1,1,9670,1,1,130,1,Basic,Basic,Clerical/service,Clerical/service,118.8,0,0,0,1,0,1,18,0,0,6,6,6,14.5,0,0,6,8,6,13.666666666666700,0,12.7,3.7,-1.7,Graduate
1,1,5,9670,1,1,133.1,1,Secondary,Secondary,High-skilled,Clerical/service,133,1,0,0,1,0,0,19,0,0,6,0,0,0,0,0,6,0,0,0,0,7.6,2.6,0.32,Not on time
2,39,1,9500,1,19,133.1,1,Basic,Basic,Low-skilled,Low-skilled,129,1,0,0,1,0,0,36,0,0,7,7,6,11.3,0,0,7,7,6,11.3,0,7.6,2.6,0.32,Graduate
1,43,1,9556,1,1,147,1,Higher,Higher,High-skilled,High-skilled,100,0,0,0,1,0,0,18,0,0,2,2,0,0,0,0,4,4,1,16,0,10.8,1.4,1.74,Not on time
1,43,1,9130,1,1,127,1,Basic,Basic,Clerical/service,Clerical/service,120.7,1,0,1,1,0,0,18,0,0,5,11,1,12,0,0,5,9,3,12,0,12.7,3.7,-1.7,Not on time
1,17,6,9500,1,1,136,1,Basic,Basic,Low-skilled,High-skilled,132.5,1,0,0,1,0,0,19,0,0,8,9,7,12.3,0,0,8,9,7,12.3,0,12.7,3.7,-1.7,Graduate
1,1,5,9500,1,1,127,1,Basic,Basic,Manual skilled,Manual skilled,120.3,1,0,0,1,0,1,18,0,0,8,8,7,12.694285714285700,0,0,8,8,7,12.694285714285700,0,10.8,1.4,1.74,Graduate
1,17,1,9670,1,1,123,1,Basic,Basic,High-skilled,High-skilled,114.6,0,0,0,1,0,0,18,0,0,5,5,4,11,0,0,5,5,4,11,0,9.4,-0.8,-3.12,Graduate
1,1,1,9238,1,1,128,1,Basic,Basic,Low-skilled,High-skilled,116.5,1,0,0,1,0,1,19,0,0,6,6,6,13,0,0,6,6,6,14.166666666666700,0,12.4,0.5,1.79,Graduate
1,1,1,9500,1,1,128,1,Higher,Secondary,High-skilled,High-skilled,127.8,0,0,0,1,0,1,19,0,0,7,8,7,14.4125,0,0,8,8,8,16.05,0,13.9,-0.3,0.79,Graduate
1,1,2,9500,1,1,140,1,Secondary,Basic,Manual skilled,Manual skilled,129.9,1,0,0,1,0,0,18,0,0,7,8,7,12.92875,0,0,8,8,8,14.0625,0,15.5,2.8,-4.06,Not on time
1,1,2,9773,1,1,121,1,Secondary,Basic,Low-skilled,Manual skilled,118.9,1,0,0,1,0,0,20,0,0,6,6,6,13.333333333333300,0,0,6,10,5,12.8,0,11.1,0.6,2.02,Graduate
1,1,3,9254,1,1,122,1,Basic,Basic,High-skilled,Other/unknown,114.3,1,0,0,1,0,1,20,0,0,6,8,5,12.8,0,0,6,9,5,12.8,0,12.4,0.5,1.79,Not on time
1,18,1,9500,1,1,126,1,Basic,Basic,Clerical/service,Clerical/service,114.8,1,0,0,1,0,0,20,0,0,8,8,7,14.402857142857100,0,0,8,8,7,14.402857142857100,0,10.8,1.4,1.74,Graduate
1,1,4,9500,1,1,135,1,Basic,Basic,Low-skilled,Manual skilled,123,1,0,0,1,0,1,18,0,0,8,8,7,13.381428571428600,0,0,8,8,7,13.381428571428600,0,10.8,1.4,1.74,Graduate
1,1,2,9500,1,1,131,1,Basic,Basic,Manual skilled,Clerical/service,122.1,1,0,0,1,0,0,18,0,0,7,8,7,14.13125,0,0,8,8,8,13.98375,0,15.5,2.8,-4.06,Graduate
1,17,4,9085,1,1,140,1,Basic,Basic,Clerical/service,Manual skilled,123.7,0,0,0,1,0,0,19,0,0,5,11,5,11.714285714285700,2,0,5,6,5,12.6,0,9.4,-0.8,-3.12,Graduate
1,1,3,9147,1,1,131,1,Basic,Basic,Low-skilled,Manual skilled,132.4,1,0,0,1,0,0,19,0,0,5,5,5,11.8,0,0,5,8,4,11.25,0,9.4,-0.8,-3.12,Not on time
2,39,1,8014,0,1,130,1,Unknown,Unknown,Other/unknown,Other/unknown,114.8,0,0,0,1,0,0,44,0,0,6,9,6,11.166666666666700,0,1,6,15,2,11,1,7.6,2.6,0.32,Graduate
1,7,1,9003,1,3,130,1,Basic,Basic,Clerical/service,Manual skilled,130,0,0,0,1,0,0,32,0,0,6,7,0,0,0,0,6,6,0,0,0,12.4,0.5,1.79,Not on time
1,43,1,9853,1,1,140,1,Basic,Basic,Low-skilled,Manual skilled,122.3,0,0,0,1,0,0,22,0,0,6,9,5,13.6,0,0,6,8,5,12,0,12.7,3.7,-1.7,Not on time
2,39,1,9003,1,1,130,1,Secondary,Basic,Clerical/service,Low-skilled,152.4,1,0,0,1,0,0,36,0,4,12,14,12,13.846153846153800,0,5,12,18,11,14.090909090909100,0,8.9,1.4,3.51,Graduate
1,17,1,9773,1,1,125,1,Basic,Basic,Clerical/service,Manual skilled,120.1,0,0,0,1,0,1,18,0,0,6,7,6,12.5,0,0,6,8,6,13.333333333333300,0,16.2,0.3,-0.92,Graduate
1,1,1,9130,1,1,160,1,Higher,Higher,High-skilled,High-skilled,155.1,1,0,0,1,0,0,20,0,0,5,5,5,16.4,0,0,5,5,5,14.6,0,12.7,3.7,-1.7,Graduate
1,51,1,9070,1,1,130,1,Basic,Basic,Clerical/service,Manual skilled,124.5,0,0,0,1,0,1,20,0,5,11,11,11,13.818181818181800,0,5,11,11,11,13.454545454545500,0,11.1,0.6,2.02,Graduate
1,17,1,9238,1,1,144,1,Higher,Secondary,High-skilled,High-skilled,126.9,0,0,0,1,0,0,19,0,0,6,8,5,10.6,0,0,6,11,4,10.5,0,15.5,2.8,-4.06,Graduate
1,39,1,9147,1,19,133.1,1,Higher,Secondary,High-skilled,Clerical/service,153.2,1,0,1,1,0,0,24,0,0,5,8,5,10.2,0,0,5,6,5,12.2,0,12.4,0.5,1.79,Graduate
1,17,1,9238,1,1,148,1,Secondary,Secondary,Clerical/service,Low-skilled,129.8,0,0,0,1,0,0,20,0,0,6,11,5,10.6,0,0,6,11,4,10.4,0,15.5,2.8,-4.06,Not on time
1,43,1,8014,0,1,133.1,1,Higher,Higher,High-skilled,High-skilled,135,0,0,0,1,0,0,27,0,7,10,10,9,11.444444444444400,0,4,11,11,5,10.8,0,10.8,1.4,1.74,Not on time
1,1,1,9853,1,1,133,1,Secondary,Basic,Clerical/service,Other/unknown,131.3,1,0,0,1,0,0,20,0,0,6,9,5,14.333333333333300,0,4,8,8,8,12.625,0,15.5,2.8,-4.06,Not on time
1,43,6,9238,1,1,129,1,Unknown,Unknown,Other/unknown,Other/unknown,125.2,0,0,0,1,0,1,23,0,15,16,18,16,13,0,11,13,15,13,13.266666666666700,0,9.4,-0.8,-3.12,Graduate
1,1,5,9500,1,1,144,1,Basic,Basic,Clerical/service,Manual skilled,141.3,1,0,0,1,0,1,18,0,0,8,9,8,13.31,1,0,8,9,8,13.31,1,9.4,-0.8,-3.12,Graduate
1,17,1,9238,1,1,120,1,Basic,Basic,Clerical/service,Low-skilled,117.1,1,0,0,1,0,1,18,0,0,6,10,5,10.571428571428600,1,0,6,9,5,12.2,0,12.7,3.7,-1.7,Graduate
1,17,3,9500,1,1,144,1,Secondary,Basic,Low-skilled,Low-skilled,126.5,1,0,0,1,0,1,20,0,0,8,8,7,13.487142857142900,0,0,8,8,7,13.487142857142900,0,10.8,1.4,1.74,Graduate
1,1,1,9254,1,1,132,1,Basic,Basic,Low-skilled,Manual skilled,120.1,0,0,0,1,0,1,20,0,0,6,6,6,12.333333333333300,0,0,6,7,6,11.833333333333300,0,13.9,-0.3,0.79,Graduate
1,1,1,9670,1,1,142,1,Basic,Basic,Manual skilled,Other/unknown,128.4,0,0,0,1,0,0,23,0,0,6,11,6,11.875,0,0,6,9,5,12.833333333333300,0,11.1,0.6,2.02,Not on time
1,1,2,9500,1,1,136,1,Basic,Basic,Low-skilled,Low-skilled,140,1,0,0,1,0,0,20,0,0,7,7,6,13.966666666666700,0,0,7,7,6,13.966666666666700,0,7.6,2.6,0.32,Graduate
1,39,1,9254,1,9,133.1,1,Unknown,Unknown,Other/unknown,Other/unknown,110,1,0,0,0,0,0,28,0,0,5,10,0,0,0,0,5,10,0,0,0,7.6,2.6,0.32,Not on time
1,1,1,9670,1,1,122,1,Secondary,Basic,High-skilled,Clerical/service,116.8,1,0,0,1,0,0,21,0,0,5,8,4,11.5,0,0,5,5,5,12.8,0,7.6,2.6,0.32,Graduate
1,1,2,9556,1,1,133.1,1,Basic,Basic,Low-skilled,Low-skilled,104.5,1,0,0,1,0,0,21,0,0,2,2,2,12.5,0,0,7,0,0,0,0,12.4,0.5,1.79,Not on time
1,7,1,9500,1,3,140,1,Unknown,Unknown,Other/unknown,Other/unknown,140,0,0,0,1,0,0,28,0,0,7,0,0,0,0,0,8,0,0,0,0,7.6,2.6,0.32,Not on time
1,1,1,9500,1,1,117,1,Higher,Secondary,High-skilled,High-skilled,113.2,0,1,0,1,0,0,18,0,0,7,10,6,11.98,0,0,8,11,7,13.225,0,16.2,0.3,-0.92,Graduate
1,17,1,9238,1,1,128,1,Basic,Basic,Low-skilled,Manual skilled,118.6,1,0,0,1,0,1,21,0,0,6,8,5,13.2,0,0,6,7,5,11.8,0,8.9,1.4,3.51,Not on time
1,1,1,9500,1,1,136,1,Secondary,Secondary,Clerical/service,Clerical/service,123.8,0,0,0,1,0,0,19,0,0,7,10,6,11.614285714285700,0,0,8,8,8,14.0375,0,13.9,-0.3,0.79,Graduate
1,18,6,9500,1,1,141,1,Secondary,Basic,High-skilled,High-skilled,126.7,1,0,0,1,0,1,18,0,0,8,8,7,14.314285714285700,0,0,8,8,7,14.314285714285700,0,12.7,3.7,-1.7,Graduate
1,1,3,9500,1,1,130,1,Higher,Secondary,High-skilled,Clerical/service,133.8,0,0,0,1,0,0,19,0,0,7,0,0,0,0,0,8,0,0,0,0,7.6,2.6,0.32,Not on time
1,44,1,9085,1,39,140,1,Basic,Basic,Low-skilled,Manual skilled,140,0,0,0,1,0,0,20,0,2,6,9,6,12.666666666666700,0,1,6,12,2,13,0,13.9,-0.3,0.79,Not on time
1,1,3,9500,1,1,102,1,Secondary,Basic,Low-skilled,Clerical/service,100.6,1,0,0,1,0,1,20,0,0,7,9,6,12.766666666666700,0,0,8,10,7,12.128571428571400,0,12.4,0.5,1.79,Graduate
1,17,1,9853,1,1,126,1,Secondary,Basic,Manual skilled,Low-skilled,132.7,0,0,0,1,0,1,18,0,0,6,7,6,12.666666666666700,0,0,6,7,5,12.2,0,10.8,1.4,1.74,Graduate
1,43,2,9670,1,1,125,1,Basic,Basic,Clerical/service,High-skilled,106.6,1,0,0,1,0,0,20,0,4,6,7,6,11.5,0,0,6,10,4,10.571428571428600,0,10.8,1.4,1.74,Not on time
1,39,1,9670,1,1,120,1,Secondary,Basic,Clerical/service,Clerical/service,140.4,0,0,0,1,0,0,31,0,2,6,13,5,11.4,0,0,6,14,4,11.75,0,13.9,-0.3,0.79,Not on time
1,17,3,9500,1,1,132,1,Basic,Basic,Low-skilled,Manual skilled,128.3,1,0,0,1,0,1,19,0,0,7,8,7,14.70625,0,0,8,8,8,14.4775,0,15.5,2.8,-4.06,Graduate
1,1,3,9500,1,1,128,1,Basic,Basic,Clerical/service,Clerical/service,118.6,1,0,0,1,0,1,19,0,0,7,9,6,11.814285714285700,0,0,8,8,7,13.542857142857100,0,13.9,-0.3,0.79,Graduate
1,1,1,9070,1,1,115,1,Basic,Secondary,High-skilled,Manual skilled,123.4,0,0,0,1,0,0,23,0,1,6,8,6,13,1,0,6,8,6,11.875,0,13.9,-0.3,0.79,Graduate
1,1,1,9670,1,1,125,1,Basic,Basic,Clerical/service,Clerical/service,124,0,0,0,1,0,0,19,0,0,6,7,6,14.857142857142900,0,0,6,6,6,13.333333333333300,0,12.4,0.5,1.79,Graduate
1,1,6,9500,1,1,137,1,Secondary,Higher,High-skilled,High-skilled,121.3,1,0,0,1,0,0,20,0,0,7,7,6,12.6,0,0,7,7,6,12.6,0,7.6,2.6,0.32,Graduate
1,1,1,9085,1,1,101,1,Basic,Basic,Low-skilled,Clerical/service,101,1,0,1,1,0,0,22,0,0,6,9,5,13.333333333333300,0,0,6,17,4,11.4,0,12.4,0.5,1.79,Not on time
1,1,1,9853,1,1,126,1,Higher,Secondary,High-skilled,Clerical/service,116.9,1,1,0,1,0,0,18,0,0,7,10,6,10.666666666666700,0,0,7,12,6,12.833333333333300,0,13.9,-0.3,0.79,Not on time
1,7,3,9130,1,3,130,1,Basic,Basic,Other/unknown,Clerical/service,130,0,0,1,0,0,0,27,0,1,5,6,2,11.5,0,0,5,5,1,11,0,12.7,3.7,-1.7,Not on time
1,39,1,9556,1,19,100,1,Basic,Basic,Low-skilled,Low-skilled,120,0,0,0,1,0,0,29,0,0,7,9,1,10,0,0,7,0,0,0,0,12.7,3.7,-1.7,Not on time
1,17,1,9254,1,1,122,1,Secondary,Basic,Clerical/service,High-skilled,130.4,1,0,0,1,0,0,18,0,0,6,10,5,11.8,0,0,6,10,5,12.2,0,11.1,0.6,2.02,Graduate
1,17,1,9070,1,1,126,1,Basic,Basic,Low-skilled,Manual skilled,118.7,0,0,0,1,0,0,18,0,0,6,7,5,11.8,0,0,6,6,6,12.666666666666700,0,16.2,0.3,-0.92,Graduate
1,17,1,9500,1,1,128,1,Basic,Basic,Manual skilled,Manual skilled,131.5,0,0,0,1,0,0,18,0,0,8,8,8,12.77125,0,0,8,8,8,12.77125,0,9.4,-0.8,-3.12,Graduate
1,17,3,9085,1,1,134,1,Basic,Basic,Low-skilled,Low-skilled,120.4,1,0,0,1,0,0,20,0,0,5,13,3,11.333333333333300,2,0,5,8,5,12.6,0,9.4,-0.8,-3.12,Not on time
1,17,2,9254,1,1,128,1,Basic,Basic,Low-skilled,Low-skilled,129.1,1,0,0,1,0,0,18,0,0,6,6,6,12.666666666666700,0,0,6,7,5,14.6,0,11.1,0.6,2.02,Graduate
1,1,1,9070,1,1,125,1,Secondary,Secondary,Clerical/service,Clerical/service,132,0,0,0,0,0,0,18,0,1,6,10,5,12.2,1,0,6,11,4,10.833333333333300,0,13.9,-0.3,0.79,Not on time
1,7,2,9085,1,3,130,1,Higher,Higher,High-skilled,High-skilled,130,0,0,0,0,0,0,28,0,0,5,9,1,12,1,0,4,10,0,0,4,10.8,1.4,1.74,Not on time
1,1,2,9500,1,1,135,1,Basic,Secondary,Manual skilled,Manual skilled,132.8,1,0,0,1,0,1,18,0,0,8,12,7,11.721428571428600,0,0,8,12,7,11.721428571428600,0,12.7,3.7,-1.7,Graduate
1,39,1,9500,1,19,133.1,1,Basic,Basic,Clerical/service,Manual skilled,143.7,0,0,0,1,0,0,27,0,0,7,12,4,14,0,0,7,14,3,12.525,0,12.4,0.5,1.79,Not on time
1,39,1,33,1,1,140,1,Higher,Secondary,High-skilled,Clerical/service,152.8,0,0,0,1,0,0,26,0,0,7,9,7,14.75,0,0,7,12,5,13.8,3,16.2,0.3,-0.92,Not on time
1,1,2,9773,1,1,138,1,Basic,Secondary,Low-skilled,High-skilled,133.5,1,0,0,1,0,0,18,0,0,6,6,6,12.666666666666700,0,0,6,6,6,13.666666666666700,0,12.7,3.7,-1.7,Graduate
1,1,1,9130,1,1,150,1,Higher,Higher,High-skilled,High-skilled,146.2,0,0,0,1,0,0,18,0,0,5,12,4,13,2,0,5,6,5,14,0,9.4,-0.8,-3.12,Not on time
1,1,2,9147,1,1,125,1,Secondary,Basic,Clerical/service,Manual skilled,115.2,0,1,0,1,0,0,21,0,0,5,6,0,0,0,0,5,5,0,0,0,15.5,2.8,-4.06,Not on time
1,1,2,9070,1,1,121,1,Higher,Secondary,High-skilled,High-skilled,120.7,1,0,0,1,0,0,18,0,0,6,8,4,10.75,0,0,6,9,0,0,0,9.4,-0.8,-3.12,Not on time
2,39,1,8014,0,1,120,1,Unknown,Unknown,Other/unknown,Other/unknown,101.8,0,0,0,0,0,0,32,0,0,5,5,0,0,0,0,5,10,0,0,0,10.8,1.4,1.74,Not on time
1,39,2,9670,1,1,140,1,Unknown,Unknown,Other/unknown,Other/unknown,100,0,0,0,1,0,0,28,0,0,5,6,4,12.5,0,0,5,7,4,11.75,0,7.6,2.6,0.32,Graduate
1,39,1,9991,0,1,100,1,Basic,Basic,Low-skilled,High-skilled,121.9,0,0,0,0,0,0,40,0,0,4,4,0,0,0,0,5,0,0,0,0,12.7,3.7,-1.7,Not on time
2,18,2,8014,0,1,140,1,Basic,Basic,Low-skilled,Other/unknown,120.4,0,0,1,0,0,0,39,0,0,5,5,0,0,0,0,4,4,0,0,0,9.4,-0.8,-3.12,Not on time
2,18,2,9238,1,1,140,1,Basic,Basic,Low-skilled,Other/unknown,120.4,0,0,1,0,0,0,39,0,0,6,0,0,0,0,0,6,0,0,0,0,9.4,-0.8,-3.12,Not on time
2,39,1,9003,1,1,120,1,Basic,Basic,Low-skilled,Clerical/service,148.8,0,0,0,1,0,0,50,0,0,6,7,6,12.5,0,0,6,15,5,12.4,0,8.9,1.4,3.51,Graduate
1,17,2,9853,1,1,138,1,Secondary,Secondary,Low-skilled,Clerical/service,123,1,0,0,1,0,0,23,0,0,6,10,5,12.8,0,0,6,9,3,11.666666666666700,0,10.8,1.4,1.74,Not on time
4,39,1,8014,0,19,133.1,1,Unknown,Unknown,Other/unknown,Other/unknown,100,0,0,0,1,0,0,48,0,0,6,11,1,10,0,0,6,11,1,11,0,9.4,-0.8,-3.12,Not on time
1,17,2,9853,1,1,118,1,Basic,Basic,Low-skilled,Low-skilled,112.1,1,0,0,1,0,0,23,0,0,6,11,4,11.25,0,0,6,10,5,10.2,0,7.6,2.6,0.32,Not on time
1,1,6,9500,1,1,135,1,Basic,Secondary,Clerical/service,Clerical/service,126.8,1,0,0,1,0,1,18,0,0,8,8,7,12.61,0,0,8,8,7,12.61,0,10.8,1.4,1.74,Graduate
1,17,1,9130,1,1,130,1,Higher,Basic,High-skilled,Low-skilled,115.9,0,0,0,1,0,0,18,0,0,5,14,2,12,2,0,5,6,5,12.6,0,9.4,-0.8,-3.12,Graduate
1,15,1,9238,1,1,150,26,Higher,Basic,High-skilled,Manual skilled,132.5,1,0,0,0,0,0,20,1,0,6,9,5,13,0,0,6,7,6,13.5,0,13.9,-0.3,0.79,Graduate
1,18,3,9085,1,1,149,103,Secondary,Secondary,Low-skilled,Low-skilled,132.2,1,0,0,1,0,1,18,1,0,5,9,4,12,0,0,5,8,5,13,0,10.8,1.4,1.74,Graduate
1,1,1,9556,1,1,180,103,Higher,Higher,High-skilled,High-skilled,183.5,1,0,0,1,0,0,18,1,0,7,8,4,12,0,0,8,8,0,0,0,16.2,0.3,-0.92,Not on time
1,43,1,9119,1,1,133.1,1,Secondary,Secondary,Low-skilled,High-skilled,136,0,0,0,1,1,0,31,0,0,5,12,1,12,0,0,5,9,1,11,4,16.2,0.3,-0.92,Not on time
1,39,1,9119,1,19,133.1,1,Basic,Basic,Clerical/service,High-skilled,100.9,1,0,0,1,1,0,24,0,0,5,9,1,12,0,0,5,6,3,10.5,0,10.8,1.4,1.74,Not on time
1,39,1,171,1,1,145,1,Higher,Secondary,High-skilled,Other/unknown,114.5,1,0,0,1,1,0,24,0,0,0,0,0,0,0,0,0,0,0,0,0,9.4,-0.8,-3.12,Graduate
1,39,1,9147,1,1,110,1,Basic,Basic,Low-skilled,Low-skilled,110.3,0,0,1,0,1,0,26,0,0,5,5,0,0,0,0,5,9,0,0,0,10.8,1.4,1.74,Not on time
1,1,1,9130,1,1,154,1,Higher,Higher,High-skilled,High-skilled,137.2,1,0,1,1,1,0,18,0,0,6,11,5,13.625,0,0,6,9,4,11.75,0,16.2,0.3,-0.92,Not on time
1,17,1,9147,1,1,126,1,Basic,Basic,Clerical/service,Manual skilled,116.9,0,0,0,1,1,1,19,0,0,5,12,3,11.666666666666700,0,0,5,10,3,11.666666666666700,0,12.7,3.7,-1.7,Not on time
1,17,1,9670,1,1,133,1,Basic,Basic,Low-skilled,Manual skilled,121.8,1,0,0,1,1,0,22,0,0,6,0,0,0,0,0,6,0,0,0,0,13.9,-0.3,0.79,Not on time
1,1,2,9500,1,1,145,1,Higher,Higher,High-skilled,High-skilled,127.3,1,0,0,1,1,0,18,0,0,8,8,7,11.69,0,0,8,8,7,11.69,0,10.8,1.4,1.74,Graduate
1,44,1,9070,1,39,120,1,Secondary,Basic,Clerical/service,Manual skilled,120,0,0,1,0,1,0,20,0,0,6,11,0,0,6,0,6,12,0,0,12,16.2,0.3,-0.92,Not on time
1,44,1,171,1,39,150,1,Higher,Higher,High-skilled,High-skilled,150,0,0,0,1,1,0,25,0,0,0,0,0,0,0,0,0,0,0,0,0,15.5,2.8,-4.06,Graduate
1,43,1,9991,0,1,150,1,Higher,Higher,Clerical/service,Clerical/service,100,1,0,0,1,1,0,24,0,0,5,10,4,11.5,0,0,5,11,5,11.285714285714300,0,13.9,-0.3,0.79,Graduate
1,39,1,9119,1,1,150,1,Higher,Higher,Clerical/service,Clerical/service,150,1,0,0,1,1,0,27,0,0,5,10,1,14,0,0,5,0,0,0,0,8.9,1.4,3.51,Not on time
1,17,1,9254,1,1,127,1,Higher,Basic,Clerical/service,Clerical/service,116.9,0,0,0,1,1,0,21,0,0,6,7,5,11,0,0,6,7,5,12.4,0,15.5,2.8,-4.06,Graduate
1,44,1,9003,1,39,140,1,Basic,Basic,High-skilled,Low-skilled,140,1,0,0,1,1,0,21,0,0,6,7,6,12.857142857142900,0,0,6,6,6,13.166666666666700,0,12.4,0.5,1.79,Graduate
1,18,3,9773,1,1,128,1,Basic,Secondary,Low-skilled,Low-skilled,122.1,1,0,0,1,1,0,19,0,0,6,9,4,12.5,0,0,6,6,6,11.333333333333300,0,10.8,1.4,1.74,Not on time
1,39,1,9500,1,1,127,1,Basic,Basic,Clerical/service,Clerical/service,160,0,0,0,1,1,0,28,0,0,7,7,7,14.528571428571400,0,0,8,11,8,15.018181818181800,0,16.2,0.3,-0.92,Graduate
1,1,1,9147,1,1,117,1,Basic,Basic,Clerical/service,Manual skilled,118.4,0,0,0,1,1,0,20,0,0,5,8,5,10,0,0,5,10,2,12,0,7.6,2.6,0.32,Not on time
1,44,1,9003,1,39,150,1,Secondary,Basic,Clerical/service,Other/unknown,150,0,0,0,1,1,1,21,0,0,6,8,6,13,0,0,6,10,6,12.625,0,15.5,2.8,-4.06,Graduate
1,1,1,9500,1,1,154,1,Secondary,Secondary,Clerical/service,High-skilled,144.9,0,0,0,1,1,1,18,0,0,7,7,7,15.957142857142900,0,0,8,9,8,15.188888888888900,0,16.2,0.3,-0.92,Graduate
1,17,2,9119,1,1,127,1,Basic,Secondary,Low-skilled,Other/unknown,121.1,1,0,0,1,1,1,18,0,0,5,6,5,13.2,0,0,5,8,5,12.6,0,8.9,1.4,3.51,Not on time
1,1,2,9147,1,1,133,1,Basic,Secondary,Clerical/service,Other/unknown,121.8,0,0,0,1,1,0,20,0,0,5,9,4,10.2,0,0,5,6,3,11,0,15.5,2.8,-4.06,Not on time
1,39,1,9119,1,40,120,1,Secondary,Secondary,Clerical/service,Other/unknown,146.8,0,0,0,1,1,0,25,0,2,5,6,5,14.2,0,1,5,5,2,13.5,0,16.2,0.3,-0.92,Not on time
1,1,1,9670,1,1,133.1,1,Basic,Basic,Clerical/service,Manual skilled,138,0,0,1,1,1,0,22,0,0,6,8,6,12.625,0,0,6,11,2,14.5,0,11.1,0.6,2.02,Not on time
1,1,1,9500,1,1,149,1,Basic,Basic,Low-skilled,Low-skilled,138,0,0,0,1,1,0,18,0,0,8,11,6,13.496666666666700,1,0,8,11,6,13.496666666666700,1,9.4,-0.8,-3.12,Not on time
1,17,2,9147,1,1,125,1,Basic,Basic,Low-skilled,Manual skilled,116.3,1,0,0,1,1,0,19,0,0,5,8,5,13.25,0,0,5,8,5,11,0,13.9,-0.3,0.79,Graduate
1,1,5,9119,1,1,126,1,Secondary,Basic,Clerical/service,Clerical/service,122.5,1,0,0,1,1,0,19,0,0,5,12,3,12,0,0,5,10,3,12,0,12.4,0.5,1.79,Not on time
1,39,1,9773,1,19,133.1,1,Basic,Secondary,Manual skilled,Low-skilled,115,1,0,1,0,1,0,25,0,0,6,10,4,13,0,0,6,9,4,13.75,0,12.7,3.7,-1.7,Not on time
1,43,1,9070,1,1,115,1,Secondary,Secondary,High-skilled,Other/unknown,115,0,0,1,1,1,0,21,0,5,11,12,9,11.77777777777780,0,3,8,11,3,13.666666666666700,0,15.5,2.8,-4.06,Not on time
1,17,3,9119,1,1,117,1,Secondary,Higher,High-skilled,High-skilled,119.8,1,0,0,1,1,0,19,0,0,5,10,2,11,0,0,6,10,0,0,0,11.1,0.6,2.02,Not on time
1,17,2,9147,1,1,133.1,1,Secondary,Secondary,Clerical/service,Clerical/service,95,0,0,0,1,1,0,20,0,0,5,14,0,0,0,0,5,5,0,0,0,11.1,0.6,2.02,Not on time
1,44,1,9003,1,39,150,1,Higher,Higher,High-skilled,High-skilled,150,0,0,0,1,1,0,25,0,9,14,16,14,12.428571428571400,0,3,9,13,6,10.857142857142900,0,15.5,2.8,-4.06,Not on time
1,17,1,9147,1,1,130,1,Basic,Secondary,Manual skilled,Clerical/service,117.8,1,0,0,1,1,0,20,0,0,5,8,3,11,0,0,5,11,3,12,0,10.8,1.4,1.74,Not on time
1,1,1,171,1,1,161,1,Basic,Basic,Low-skilled,Low-skilled,144.2,1,0,0,1,1,0,18,0,0,0,0,0,0,0,0,0,0,0,0,0,7.6,2.6,0.32,Graduate
1,44,1,9254,1,39,130,1,Secondary,Secondary,Low-skilled,Low-skilled,130,1,0,1,1,1,0,23,0,0,6,12,3,11.5,0,0,6,12,3,10.666666666666700,0,8.9,1.4,3.51,Not on time
1,42,1,9500,1,1,111,1,Secondary,Higher,Low-skilled,Other/unknown,128.2,1,0,0,1,1,0,23,0,0,8,8,8,12.5075,0,0,8,8,8,12.5075,0,9.4,-0.8,-3.12,Graduate
1,53,1,9003,1,42,140,1,Higher,Basic,Clerical/service,Clerical/service,135.3,0,0,0,1,1,0,21,0,7,12,18,11,12.090909090909100,0,5,12,14,11,12,0,8.9,1.4,3.51,Graduate
1,1,1,9130,1,1,132,1,Secondary,Secondary,High-skilled,High-skilled,143.9,1,0,0,1,1,0,20,0,0,5,14,2,11,3,0,5,9,3,12.666666666666700,0,9.4,-0.8,-3.12,Not on time
1,39,1,9991,0,1,139,1,Secondary,Secondary,Clerical/service,Other/unknown,140.7,0,0,0,1,1,0,25,0,0,5,13,1,10,0,0,5,8,2,11.333333333333300,0,12.4,0.5,1.79,Not on time
1,1,1,9130,1,1,132,1,Basic,Basic,Low-skilled,Low-skilled,130.4,1,0,0,1,1,0,18,0,0,6,6,6,13.5,0,0,6,9,5,13.2,0,8.9,1.4,3.51,Graduate
1,1,6,9070,1,6,119,1,Secondary,Secondary,Low-skilled,Low-skilled,123.2,1,0,0,1,1,0,22,0,0,6,6,6,14.166666666666700,0,0,6,8,6,13.625,0,10.8,1.4,1.74,Graduate
1,39,1,9670,1,1,133.1,1,Basic,Basic,High-skilled,Low-skilled,118,0,0,0,1,1,0,27,0,0,6,7,6,14,0,0,6,7,6,14.714285714285700,0,8.9,1.4,3.51,Graduate
1,39,1,9003,1,19,133.1,1,Higher,Secondary,High-skilled,Clerical/service,120,0,0,0,1,1,0,25,0,0,3,4,0,0,0,0,3,5,0,0,0,16.2,0.3,-0.92,Not on time
1,17,4,9119,1,1,129,1,Unknown,Basic,Other/unknown,Clerical/service,118.9,1,0,0,1,1,0,18,0,0,5,9,3,11.666666666666700,0,0,5,10,3,11.333333333333300,4,7.6,2.6,0.32,Not on time
1,17,1,9085,1,1,128,1,Basic,Basic,Manual skilled,Manual skilled,117.2,0,0,0,1,1,0,20,0,0,5,7,5,14.6,1,0,5,5,5,14.2,0,12.7,3.7,-1.7,Graduate
1,39,1,9003,1,1,120,1,Higher,Higher,High-skilled,High-skilled,120,0,0,0,1,1,0,27,0,0,6,10,5,13,0,0,6,13,5,11.5,0,16.2,0.3,-0.92,Graduate
1,1,1,8014,0,1,130,1,Secondary,Secondary,Low-skilled,Low-skilled,118.1,0,0,0,1,1,0,20,0,0,6,7,6,12.166666666666700,0,0,6,9,6,12,0,7.6,2.6,0.32,Graduate
1,1,1,9147,1,1,130,1,Basic,Basic,Low-skilled,Low-skilled,124.8,1,0,0,1,1,0,22,0,0,5,9,0,0,0,0,5,5,1,12,0,7.6,2.6,0.32,Not on time
1,17,6,9119,1,1,111,1,Basic,Higher,Clerical/service,Other/unknown,106.5,1,0,0,1,1,0,19,0,0,5,10,3,10.5,0,0,5,11,3,10.8,0,12.4,0.5,1.79,Not on time
1,1,6,9147,1,1,121,1,Higher,Basic,Clerical/service,Clerical/service,116.8,0,0,0,1,1,0,20,0,0,5,14,3,12.4,0,0,5,8,5,10.833333333333300,0,13.9,-0.3,0.79,Not on time
1,43,4,171,1,1,117,1,Basic,Secondary,Low-skilled,Other/unknown,109.3,0,0,0,1,1,0,19,0,0,0,0,0,0,0,0,0,0,0,0,0,9.4,-0.8,-3.12,Graduate
2,39,1,9085,1,9,133.1,1,Secondary,Secondary,Clerical/service,Clerical/service,120,1,0,0,0,1,0,29,0,0,5,12,0,0,4,0,5,8,0,0,1,9.4,-0.8,-3.12,Not on time
1,1,2,9500,1,1,149,1,Higher,Secondary,Low-skilled,Low-skilled,137.5,0,0,0,1,1,0,19,0,0,8,8,7,13.828571428571400,0,0,8,8,7,13.828571428571400,0,12.7,3.7,-1.7,Graduate
1,39,2,9991,0,1,172,1,Basic,Basic,Low-skilled,Manual skilled,150,1,0,0,1,0,1,28,0,0,5,7,5,10.6,0,0,5,6,5,10.2,0,9.4,-0.8,-3.12,Not on time
2,1,1,9238,1,1,134,1,Basic,Basic,Clerical/service,Clerical/service,120.4,0,0,0,1,0,0,20,0,0,6,7,6,11.5,0,0,6,6,6,11.666666666666700,0,7.6,2.6,0.32,Graduate
1,1,4,9070,1,1,136,1,Basic,Basic,Low-skilled,Manual skilled,136.7,1,0,0,1,0,0,20,0,0,6,6,4,13.5,0,0,6,8,6,13.625,0,10.8,1.4,1.74,Graduate
1,39,1,8014,0,1,133.1,1,Unknown,Higher,Other/unknown,High-skilled,118.5,1,0,0,1,0,0,31,0,0,6,12,0,0,0,0,6,0,0,0,0,7.6,2.6,0.32,Not on time
1,17,5,9500,1,1,141,1,Secondary,Secondary,Clerical/service,Clerical/service,133,1,0,0,1,0,0,18,0,0,7,8,7,12.5375,0,0,8,9,7,12.614285714285700,0,13.9,-0.3,0.79,Graduate
1,17,1,9670,1,1,141,1,Secondary,Basic,Manual skilled,Manual skilled,128.8,1,0,0,1,0,0,19,0,0,6,6,6,14.833333333333300,0,0,6,8,6,13.285714285714300,0,8.9,1.4,3.51,Not on time
1,1,1,9147,1,1,148,1,Basic,Basic,Low-skilled,Manual skilled,133,1,0,0,1,0,0,18,0,0,5,10,4,12,0,0,5,9,4,12.8,0,13.9,-0.3,0.79,Graduate
1,17,1,9254,1,1,102,1,Basic,Basic,Manual skilled,Manual skilled,102,0,0,0,1,0,0,19,0,0,6,8,5,11.8,0,0,6,8,5,11.6,0,10.8,1.4,1.74,Graduate
1,1,1,9147,1,1,143,1,Secondary,Basic,High-skilled,High-skilled,133.9,0,0,0,1,0,1,18,0,0,5,5,5,15,0,0,5,5,5,15.2,0,12.7,3.7,-1.7,Graduate
1,17,1,9085,1,1,120,1,Basic,Basic,Other/unknown,Other/unknown,127,0,0,0,1,0,0,19,0,0,5,7,3,12,0,0,5,7,5,13.2,0,7.6,2.6,0.32,Graduate
1,17,1,9773,1,1,121,1,Basic,Basic,Low-skilled,Manual skilled,120.4,1,0,0,1,0,1,18,0,0,6,6,6,12.833333333333300,0,0,6,7,6,12.285714285714300,0,15.5,2.8,-4.06,Graduate
1,1,3,9254,1,1,122,1,Basic,Basic,Low-skilled,High-skilled,124.5,1,0,0,1,0,0,19,0,0,6,12,6,11.666666666666700,0,0,6,14,3,12,0,7.6,2.6,0.32,Graduate
1,1,4,9556,1,1,122,1,Basic,Secondary,Clerical/service,Clerical/service,123.9,0,0,0,1,0,0,19,0,0,7,9,7,12.1625,0,0,8,8,8,13.825,0,13.9,-0.3,0.79,Graduate
1,1,2,9670,1,1,123,1,Basic,Secondary,Low-skilled,High-skilled,117.8,1,0,0,1,0,0,18,0,0,6,6,6,13.833333333333300,0,0,6,11,6,14.555555555555600,0,10.8,1.4,1.74,Graduate
1,1,1,9500,1,1,133,1,Higher,Basic,High-skilled,Manual skilled,126.7,0,0,0,1,0,0,19,0,0,7,12,4,12.45,0,0,7,11,5,11.7,0,16.2,0.3,-0.92,Not on time
1,44,1,9670,1,39,110,1,Basic,Secondary,Low-skilled,Clerical/service,110,0,0,0,1,0,1,20,0,2,6,9,6,12.125,0,2,6,7,6,13.571428571428600,0,11.1,0.6,2.02,Graduate
1,17,1,9670,1,1,155,1,Secondary,Basic,Clerical/service,Manual skilled,134.7,1,0,0,1,0,0,20,0,0,6,8,5,13.4,0,0,6,10,4,13,0,12.7,3.7,-1.7,Not on time
1,17,1,9003,1,1,119,1,Basic,Basic,Clerical/service,Manual skilled,113.2,0,0,1,1,0,0,20,0,0,6,8,6,13.333333333333300,0,0,6,8,5,14,0,11.1,0.6,2.02,Not on time
1,39,1,9991,0,3,120,1,Basic,Basic,Low-skilled,Low-skilled,141,0,0,0,1,0,0,29,0,10,15,15,11,11.454545454545500,0,9,13,16,11,11.545454545454500,0,10.8,1.4,1.74,Not on time
1,17,1,9853,1,1,133.1,1,Basic,Secondary,Manual skilled,Other/unknown,111.5,0,0,0,0,0,1,20,0,0,6,10,4,12,0,0,6,14,3,10,0,7.6,2.6,0.32,Not on time
4,39,1,9853,1,1,143,1,Basic,Secondary,Low-skilled,Other/unknown,140,0,0,1,0,0,0,31,0,0,7,8,6,12.666666666666700,0,0,7,9,5,12.6,0,8.9,1.4,3.51,Not on time
1,17,1,9670,1,1,149,1,Basic,Basic,Manual skilled,Clerical/service,134.3,0,1,0,1,0,0,20,0,0,6,7,6,12.666666666666700,0,0,6,9,6,13.77777777777780,0,10.8,1.4,1.74,Graduate
1,17,1,9003,1,1,133,1,Basic,Basic,Low-skilled,Low-skilled,125.3,1,0,0,1,0,0,21,0,12,18,22,18,11.88888888888890,1,11,13,13,13,11.461538461538500,0,15.5,2.8,-4.06,Graduate
1,7,1,9130,1,3,140,1,Basic,Basic,Low-skilled,Low-skilled,140,1,0,0,1,0,0,23,0,0,6,0,0,0,0,0,6,0,0,0,0,12.4,0.5,1.79,Not on time
1,17,5,9070,1,1,122,1,Basic,Basic,Clerical/service,Manual skilled,119.6,0,0,1,0,0,0,21,0,0,6,6,4,13,0,0,6,8,4,11.6,0,10.8,1.4,1.74,Not on time
1,7,1,9500,1,40,170,1,Secondary,Secondary,Low-skilled,Clerical/service,170,0,0,0,1,0,0,24,0,4,7,7,7,16.885714285714300,0,3,8,9,8,15.744444444444400,0,16.2,0.3,-0.92,Graduate
1,39,1,8014,0,1,120,1,Secondary,Secondary,Clerical/service,Clerical/service,150.5,0,0,0,1,0,0,27,0,0,6,6,6,12.5,0,1,6,6,6,12.333333333333300,0,15.5,2.8,-4.06,Graduate
1,1,1,9500,1,1,143,1,Secondary,Basic,High-skilled,Manual skilled,128,0,0,0,1,0,1,18,0,0,7,9,7,13.055555555555600,0,0,8,8,8,15.8125,0,13.9,-0.3,0.79,Graduate
1,1,3,171,1,1,115,1,Secondary,Secondary,Manual skilled,Manual skilled,108.7,1,0,0,0,0,0,21,0,0,0,0,0,0,0,0,0,0,0,0,0,9.4,-0.8,-3.12,Not on time
1,17,1,9130,1,1,123,1,Basic,Higher,High-skilled,High-skilled,121.6,1,0,1,1,0,1,19,0,0,5,7,0,0,0,0,5,5,0,0,0,7.6,2.6,0.32,Not on time
1,1,6,9500,1,1,131,1,Basic,Basic,Manual skilled,Manual skilled,125.3,1,0,0,1,0,1,19,0,0,8,8,7,12.355714285714300,0,0,8,8,7,12.355714285714300,0,10.8,1.4,1.74,Graduate
1,17,1,9085,1,1,127,1,Basic,Basic,Low-skilled,Low-skilled,117.6,0,0,0,1,0,0,18,0,0,6,0,0,0,0,0,6,0,0,0,0,12.4,0.5,1.79,Not on time
1,43,3,9500,1,1,126,1,Basic,Basic,Manual skilled,Clerical/service,124.3,1,0,0,1,0,1,18,0,0,7,8,5,11.98,0,0,7,8,5,11.98,0,7.6,2.6,0.32,Not on time
1,1,2,9853,1,1,112,1,Basic,Basic,Low-skilled,Manual skilled,106.1,1,0,1,1,0,1,20,0,0,7,7,7,13.857142857142900,0,0,7,8,7,12.571428571428600,0,8.9,1.4,3.51,Graduate
2,1,1,8014,0,1,150,1,Secondary,Basic,Clerical/service,Manual skilled,139.9,1,0,0,1,0,0,24,0,0,6,9,5,13,0,0,6,6,6,14.166666666666700,0,9.4,-0.8,-3.12,Graduate
1,1,1,9070,1,1,116,1,Secondary,Secondary,High-skilled,High-skilled,110.8,1,0,0,1,0,0,20,0,0,6,6,6,12.833333333333300,0,0,6,10,6,11.166666666666700,0,12.4,0.5,1.79,Graduate
1,17,3,9147,1,1,118,1,Secondary,Basic,Clerical/service,Manual skilled,118,0,0,0,1,0,0,20,0,0,5,11,4,11,0,0,5,7,5,13.2,0,12.4,0.5,1.79,Not on time
1,1,1,9500,1,1,130,1,Basic,Basic,Low-skilled,Low-skilled,117.8,1,0,0,1,0,1,19,0,0,8,8,7,12.357142857142900,0,0,8,8,7,12.357142857142900,0,12.7,3.7,-1.7,Graduate
1,1,6,9500,1,1,144,1,Secondary,Basic,Low-skilled,Low-skilled,127.5,1,0,0,1,0,1,18,0,0,8,8,7,13.857142857142900,0,0,8,8,7,13.857142857142900,0,12.7,3.7,-1.7,Graduate
1,17,2,9238,1,3,105,1,Basic,Basic,Manual skilled,Manual skilled,129.7,1,0,0,1,0,1,20,0,0,6,6,6,12.333333333333300,0,0,6,6,6,10.666666666666700,0,9.4,-0.8,-3.12,Graduate
1,17,1,9500,1,1,143,1,Basic,Basic,Low-skilled,Manual skilled,130.6,1,0,0,1,0,0,20,0,0,7,8,7,12.847142857142900,0,0,8,10,8,13.788888888888900,0,16.2,0.3,-0.92,Graduate
1,17,2,9500,1,1,137,1,Basic,Basic,Clerical/service,Manual skilled,126.3,1,0,0,1,0,1,19,0,0,7,9,6,12.340000000000000,0,0,8,9,8,13.01875,0,11.1,0.6,2.02,Graduate
1,44,1,9085,1,39,140,1,Higher,Secondary,High-skilled,High-skilled,140,1,0,0,1,0,0,19,0,0,6,10,5,12.666666666666700,0,0,6,19,4,11.75,0,12.4,0.5,1.79,Not on time
1,1,1,9773,1,1,133.1,1,Higher,Basic,Clerical/service,Clerical/service,105,1,0,0,1,0,0,20,0,0,6,6,6,13.833333333333300,0,0,6,6,6,12.5,0,12.7,3.7,-1.7,Graduate
1,17,2,9147,1,1,116,1,Secondary,Basic,Clerical/service,High-skilled,114.6,1,0,0,1,0,0,19,0,0,5,15,2,10.75,0,0,5,11,2,10,0,13.9,-0.3,0.79,Not on time
1,17,5,9853,1,1,117,1,Basic,Basic,Low-skilled,Manual skilled,114.6,1,0,0,1,0,0,19,0,0,6,11,4,13.25,0,0,6,10,4,10.25,0,9.4,-0.8,-3.12,Not on time
1,17,1,9500,1,1,137,1,Basic,Basic,Manual skilled,Clerical/service,131,1,0,0,1,0,1,18,0,0,8,8,8,13.73125,0,0,8,8,8,13.73125,0,9.4,-0.8,-3.12,Graduate
1,17,4,9070,1,1,116,1,Basic,Basic,Low-skilled,Low-skilled,109,0,0,0,1,0,1,23,0,0,6,6,6,13.333333333333300,0,0,6,8,3,12.666666666666700,0,11.1,0.6,2.02,Not on time
1,1,1,9853,1,1,133.1,1,Basic,Basic,Low-skilled,Manual skilled,132,1,0,0,1,0,0,21,0,0,6,8,5,12,0,0,6,9,5,10.8,0,12.7,3.7,-1.7,Not on time
1,44,1,8014,0,39,130,1,Basic,Basic,Manual skilled,Manual skilled,130,1,0,0,1,0,0,23,0,5,9,10,9,10.88888888888890,0,3,8,10,6,11.333333333333300,0,11.1,0.6,2.02,Graduate
1,1,3,9500,1,1,106,1,Basic,Basic,Low-skilled,Manual skilled,109.5,1,0,0,1,0,0,19,0,0,7,8,7,13.025,0,0,8,9,8,13.811111111111100,0,13.9,-0.3,0.79,Graduate
1,17,2,9773,1,1,125,1,Secondary,Basic,Clerical/service,Manual skilled,115.9,1,0,0,1,0,0,18,0,0,6,6,6,13,0,0,6,6,6,14.166666666666700,0,12.4,0.5,1.79,Graduate
1,1,1,9773,1,1,134,1,Basic,Basic,Low-skilled,Low-skilled,131.6,1,1,0,1,0,0,19,0,0,6,10,5,11.8,0,0,6,10,5,12,0,10.8,1.4,1.74,Graduate
1,39,1,9500,1,1,133.1,1,Basic,Basic,Low-skilled,Low-skilled,120,0,0,0,1,0,1,25,0,0,8,8,7,12.042857142857100,0,0,8,8,7,12.042857142857100,0,12.7,3.7,-1.7,Graduate
1,1,2,9853,1,1,117,1,Secondary,Basic,Clerical/service,Low-skilled,109.7,1,0,0,1,0,0,19,0,0,6,9,5,12.2,0,0,6,10,4,13,0,9.4,-0.8,-3.12,Not on time
1,1,1,9500,1,1,136,1,Secondary,Basic,Clerical/service,Manual skilled,136.4,0,0,0,1,0,1,19,0,0,7,8,7,12.8375,0,0,8,8,8,15.5,0,13.9,-0.3,0.79,Graduate
1,39,1,9556,1,1,120,1,Basic,Basic,Low-skilled,Low-skilled,120,0,0,1,1,0,1,24,0,0,7,13,7,11,0,0,8,13,7,11.7,0,12.7,3.7,-1.7,Graduate
1,1,1,9670,1,1,135,1,Basic,Basic,Low-skilled,Manual skilled,132.6,1,0,0,1,0,1,18,0,0,6,7,6,13.5,0,0,6,9,5,14,0,8.9,1.4,3.51,Graduate
1,17,5,9238,1,1,122,1,Basic,Basic,Manual skilled,Clerical/service,112.9,1,0,0,1,0,1,19,0,0,6,8,6,12.125,0,0,6,7,6,12.714285714285700,0,16.2,0.3,-0.92,Graduate
1,1,5,9500,1,1,147,1,Basic,Basic,Low-skilled,Low-skilled,134.3,0,0,0,1,0,1,18,0,0,8,12,7,12.62857142857140,0,0,8,12,7,12.62857142857140,0,12.7,3.7,-1.7,Graduate
1,39,1,9991,0,1,120,1,Basic,Secondary,Low-skilled,Clerical/service,123.2,0,0,0,1,0,0,27,0,0,5,9,3,10.666666666666700,0,0,5,7,4,11.4,0,10.8,1.4,1.74,Not on time
1,17,3,9238,1,1,121,1,Secondary,Secondary,Clerical/service,Clerical/service,117.2,0,0,0,1,0,0,19,0,0,6,11,5,11.2,0,0,6,13,5,11.6,0,15.5,2.8,-4.06,Graduate
1,18,1,9773,1,1,135,1,Secondary,Secondary,High-skilled,High-skilled,129.8,0,0,0,1,0,1,18,0,0,6,6,6,12.666666666666700,0,0,6,6,6,11.833333333333300,0,12.7,3.7,-1.7,Not on time
2,39,1,9670,1,1,130,1,Basic,Basic,Low-skilled,Other/unknown,158,0,0,1,0,0,0,34,0,0,6,7,4,13.5,0,0,6,6,0,0,6,12.7,3.7,-1.7,Not on time
1,1,6,9147,1,1,128,1,Basic,Basic,Low-skilled,Low-skilled,116.5,0,0,0,1,0,0,18,0,0,5,9,3,11.666666666666700,0,0,5,15,2,11,0,7.6,2.6,0.32,Not on time
1,1,1,9147,1,1,129,1,Basic,Basic,Clerical/service,Low-skilled,121,1,0,0,1,0,0,18,0,0,5,8,2,10.5,0,0,5,7,3,12.333333333333300,0,7.6,2.6,0.32,Not on time
1,1,3,9500,1,1,143,1,Basic,Basic,Manual skilled,Manual skilled,133.8,1,0,0,1,0,0,18,0,0,8,8,8,14.26875,0,0,8,8,8,14.26875,0,9.4,-0.8,-3.12,Not on time
1,1,2,9773,1,1,108,1,Basic,Basic,Manual skilled,Manual skilled,115,1,0,1,0,0,0,20,0,0,6,0,0,0,0,0,6,0,0,0,0,8.9,1.4,3.51,Not on time
1,1,1,9147,1,1,130,1,Basic,Basic,Low-skilled,Low-skilled,131.8,1,0,0,1,0,1,19,0,0,5,8,2,10.5,0,0,5,11,3,13.333333333333300,0,7.6,2.6,0.32,Not on time
1,1,1,9238,1,1,135,1,Basic,Secondary,High-skilled,Clerical/service,121,0,0,0,1,0,0,21,0,0,6,11,5,11.2,0,0,6,15,1,10,0,7.6,2.6,0.32,Not on time
2,39,1,9991,0,3,140,1,Basic,Basic,Low-skilled,Manual skilled,152.4,0,0,0,1,0,0,26,0,0,5,5,5,12,0,0,5,6,5,14.833333333333300,0,10.8,1.4,1.74,Graduate
1,43,2,9556,1,1,120,1,Secondary,Basic,Clerical/service,High-skilled,110.2,0,0,0,1,0,0,27,0,0,7,9,7,12.228571428571400,0,1,8,10,8,13.2125,0,10.8,1.4,1.74,Graduate
1,1,1,9670,1,1,117,1,Secondary,Basic,Clerical/service,High-skilled,113.5,1,0,0,1,0,0,20,0,0,5,6,4,11.5,0,0,5,5,4,10.75,0,9.4,-0.8,-3.12,Graduate
1,17,1,9238,1,1,151,1,Basic,Secondary,Clerical/service,Other/unknown,144.4,1,0,0,1,0,0,18,0,0,6,8,6,15.375,0,0,6,7,6,16.428571428571400,0,16.2,0.3,-0.92,Graduate
1,53,1,9085,1,42,140,1,Secondary,Secondary,Clerical/service,Clerical/service,143.3,1,0,0,0,0,0,23,0,7,12,19,9,13.666666666666700,0,4,9,15,6,13.5,0,8.9,1.4,3.51,Not on time
1,39,1,9500,1,19,133.1,1,Secondary,Higher,Clerical/service,High-skilled,100,0,0,0,1,0,0,24,0,0,8,11,7,12.614285714285700,0,0,8,11,7,12.614285714285700,0,12.7,3.7,-1.7,Graduate
1,44,1,9238,1,39,130,1,Basic,Basic,Manual skilled,Low-skilled,126.3,1,0,0,1,0,1,19,0,3,6,7,5,12.2,0,2,6,6,6,11.5,0,13.9,-0.3,0.79,Graduate
1,1,1,9773,1,1,125,1,Basic,Basic,High-skilled,Clerical/service,115.9,0,0,0,1,0,0,19,0,0,6,13,4,11.75,0,0,6,10,4,11,0,10.8,1.4,1.74,Graduate
1,1,4,9238,1,1,125,1,Basic,Basic,Low-skilled,Manual skilled,114.9,1,0,1,1,0,1,19,0,0,6,9,5,11.4,0,0,6,9,3,10,0,8.9,1.4,3.51,Not on time
1,1,1,9238,1,1,135,1,Basic,Basic,Clerical/service,Other/unknown,121,0,0,1,1,0,0,18,0,0,6,10,5,10.6,0,0,6,14,2,10,0,7.6,2.6,0.32,Not on time
1,51,1,8014,0,1,121,1,Secondary,Basic,Clerical/service,Manual skilled,112.3,0,0,0,1,0,0,22,0,14,16,16,13,10.923076923076900,0,13,13,13,11,11.454545454545500,0,16.2,0.3,-0.92,Graduate
1,43,1,9070,1,1,141,1,Secondary,Basic,Clerical/service,Other/unknown,127,0,0,0,1,0,0,20,0,0,6,6,5,12.4,0,0,6,9,5,12.4,0,12.7,3.7,-1.7,Graduate
1,39,1,9003,1,1,130,1,Basic,Basic,Low-skilled,Low-skilled,120,0,0,0,1,0,0,25,0,0,6,6,0,0,0,0,6,6,0,0,0,11.1,0.6,2.02,Not on time
1,44,1,9003,1,39,180,1,Secondary,Higher,Clerical/service,High-skilled,180,0,0,0,1,0,0,21,0,0,6,6,6,15.833333333333300,0,0,6,8,6,15.5,0,15.5,2.8,-4.06,Graduate
1,1,1,9500,1,1,117,1,Basic,Basic,Low-skilled,Low-skilled,117.4,1,0,0,1,0,0,19,0,0,7,12,5,11.8,0,0,7,9,6,11.708333333333300,0,11.1,0.6,2.02,Not on time
1,17,4,9773,1,1,127,1,Secondary,Basic,Clerical/service,High-skilled,115.8,1,0,0,1,0,0,18,0,0,6,7,6,12.571428571428600,0,0,6,6,6,13.666666666666700,0,13.9,-0.3,0.79,Graduate
1,1,3,9670,1,1,126,1,Basic,Basic,Other/unknown,Other/unknown,136.5,1,0,0,1,0,0,18,0,0,5,7,3,12,0,0,5,7,4,13.25,1,7.6,2.6,0.32,Graduate
1,17,3,9500,1,1,143,1,Higher,Higher,Low-skilled,Manual skilled,129,1,0,0,1,1,0,19,0,0,7,8,7,13.3625,0,0,8,9,8,14.444444444444400,0,13.9,-0.3,0.79,Graduate
1,1,1,9085,1,1,144,13,Higher,Higher,Manual skilled,Manual skilled,137.6,1,0,0,1,0,1,19,1,0,5,6,5,15.4,0,0,5,5,5,16,0,10.8,1.4,1.74,Graduate
1,17,2,9773,1,1,126,1,Basic,Basic,Clerical/service,Clerical/service,129.5,1,0,1,0,0,0,18,0,0,6,9,5,12.2,0,0,6,9,4,11.75,0,10.8,1.4,1.74,Not on time
1,51,1,9238,1,39,140,1,Basic,Basic,Clerical/service,Manual skilled,129.1,1,0,0,1,0,1,20,0,6,11,11,11,12.818181818181800,0,6,11,11,11,13.545454545454500,0,12.4,0.5,1.79,Graduate
1,17,5,9500,1,1,148,1,Secondary,Basic,Clerical/service,Manual skilled,130.2,1,0,0,1,0,0,19,0,0,7,0,0,0,0,0,8,0,0,0,0,12.4,0.5,1.79,Not on time
1,42,1,9500,1,1,100,1,Basic,Basic,Clerical/service,Manual skilled,134.3,1,0,0,1,0,0,28,0,12,17,21,17,13.394736842105300,0,11,17,19,17,13.554736842105300,0,16.2,0.3,-0.92,Graduate
1,1,1,9238,1,1,151,1,Basic,Secondary,Low-skilled,Low-skilled,138.4,1,0,0,1,0,1,20,0,0,6,8,6,14.25,0,0,6,8,6,11,0,12.7,3.7,-1.7,Graduate
1,42,1,8014,0,1,120,1,Basic,Basic,Other/unknown,Manual skilled,120,1,0,0,1,0,0,30,0,9,11,19,9,13.444444444444400,1,5,7,7,7,14.714285714285700,0,7.6,2.6,0.32,Not on time
1,1,4,9500,1,1,135,1,Secondary,Basic,Low-skilled,Manual skilled,123.5,1,0,0,1,0,1,19,0,0,7,8,7,12.285714285714300,0,0,8,10,8,11.7375,0,12.4,0.5,1.79,Graduate
1,1,2,9070,1,1,121,1,Basic,Basic,High-skilled,High-skilled,116.1,1,0,0,1,0,0,22,0,0,6,7,6,11.666666666666700,0,0,6,7,5,13.2,0,12.7,3.7,-1.7,Graduate
1,1,1,9254,1,1,116,1,Basic,Basic,Clerical/service,Manual skilled,110.8,1,0,0,1,0,0,18,0,0,6,8,6,12.166666666666700,0,0,6,6,6,13.5,0,11.1,0.6,2.02,Graduate
1,17,1,9853,1,1,147,1,Basic,Basic,Low-skilled,Low-skilled,142.8,1,0,0,1,0,0,23,0,0,6,11,2,10,0,0,6,15,2,11,0,7.6,2.6,0.32,Not on time
1,17,4,9070,1,1,160,1,Secondary,Basic,Clerical/service,Manual skilled,155.5,1,0,0,1,0,0,18,0,0,6,6,6,14,0,0,6,6,6,15,0,11.1,0.6,2.02,Graduate
1,1,1,9853,1,1,133,1,Basic,Basic,Manual skilled,Manual skilled,126.7,1,0,0,1,0,0,18,0,0,6,9,5,11.833333333333300,0,0,6,6,4,12,0,15.5,2.8,-4.06,Not on time
2,39,1,9773,1,19,100,1,Basic,Basic,Other/unknown,Other/unknown,163.5,0,0,1,0,1,0,50,0,0,6,7,1,15,0,0,5,12,0,0,0,10.8,1.4,1.74,Not on time
1,1,1,171,1,1,151,41,Higher,Higher,High-skilled,Clerical/service,161.9,1,0,0,1,0,1,19,1,0,0,0,0,0,0,0,0,0,0,0,0,13.9,-0.3,0.79,Graduate
1,17,2,9254,1,1,124,41,Basic,Basic,Low-skilled,Low-skilled,123.3,1,0,0,1,0,0,22,1,0,6,7,6,10.833333333333300,0,0,6,6,6,10.666666666666700,0,13.9,-0.3,0.79,Graduate
1,44,1,9238,1,39,140,41,Secondary,Secondary,Clerical/service,Manual skilled,137.5,0,0,1,1,0,1,23,1,3,6,7,6,13.142857142857100,0,2,6,6,6,14,0,12.4,0.5,1.79,Graduate
1,18,4,9085,1,1,170,1,Secondary,Secondary,Clerical/service,Clerical/service,166.6,0,0,1,0,0,1,20,0,2,5,8,5,14.4,1,0,5,6,5,14,0,12.7,3.7,-1.7,Not on time
4,39,1,9238,1,19,133.1,1,Basic,Basic,Low-skilled,Other/unknown,103.5,0,0,0,0,0,0,44,0,0,6,0,0,0,0,0,6,0,0,0,0,13.9,-0.3,0.79,Not on time
4,39,1,9003,1,19,133.1,1,Basic,Basic,Low-skilled,Low-skilled,110,0,0,0,1,1,0,49,0,6,12,17,7,12,0,3,12,19,9,11.22222222222220,0,15.5,2.8,-4.06,Graduate
2,43,1,9991,0,1,100,1,Basic,Basic,Low-skilled,Low-skilled,128.2,0,0,0,1,1,0,46,0,6,10,13,9,12.2,0,4,10,12,10,12.8,0,7.6,2.6,0.32,Graduate
1,39,1,9085,1,39,120,1,Basic,Basic,High-skilled,Low-skilled,137.7,1,0,0,0,1,0,41,0,3,3,3,3,12.333333333333300,0,2,2,2,2,11,0,12.4,0.5,1.79,Not on time
1,17,3,9500,1,1,133,1,Basic,Basic,Low-skilled,Manual skilled,128.8,1,0,0,1,1,0,18,0,0,7,8,7,11.8375,0,0,8,9,8,12.48125,0,13.9,-0.3,0.79,Graduate
3,39,1,9991,0,1,120,1,Basic,Secondary,Low-skilled,High-skilled,170,0,0,0,1,1,0,43,0,0,5,5,5,11.8,0,0,5,6,5,14,0,9.4,-0.8,-3.12,Graduate
4,39,2,9147,1,19,133.1,1,Basic,Basic,Low-skilled,Manual skilled,116.4,0,0,1,0,1,0,70,0,0,5,5,0,0,0,0,5,9,0,0,0,10.8,1.4,1.74,Not on time
4,39,1,9130,1,19,133.1,1,Basic,Basic,Low-skilled,Clerical/service,100.9,0,0,0,1,1,0,48,0,0,6,0,0,0,0,0,6,0,0,0,0,15.5,2.8,-4.06,Not on time
2,43,1,9003,1,1,133.1,1,Basic,Basic,Low-skilled,Manual skilled,136,0,0,0,1,1,0,41,0,18,19,19,19,12.68421052631580,0,12,13,13,13,12.384615384615400,0,15.5,2.8,-4.06,Graduate
1,1,1,9254,1,1,140,1,Basic,Basic,Low-skilled,High-skilled,130,0,0,0,1,1,0,21,0,0,6,8,6,12.571428571428600,0,0,6,10,4,13,0,12.7,3.7,-1.7,Not on time
1,39,1,33,1,1,100,41,Basic,Basic,Low-skilled,Manual skilled,100,0,0,1,0,1,0,35,1,0,7,18,3,11.25,0,0,7,7,0,0,0,16.2,0.3,-0.92,Not on time
2,39,1,9130,1,19,133.1,1,Higher,Secondary,High-skilled,Low-skilled,157,1,0,0,1,1,0,44,0,1,5,13,4,14,3,1,5,9,4,15.5,2,10.8,1.4,1.74,Graduate
1,1,1,9147,1,1,143,1,Higher,Secondary,Clerical/service,Clerical/service,152.1,1,0,1,1,1,0,18,0,0,5,15,4,13.333333333333300,0,0,5,6,2,13.5,0,13.9,-0.3,0.79,Not on time
2,1,1,8014,0,1,165,1,Basic,Basic,Other/unknown,Other/unknown,162.9,1,0,0,1,1,0,45,0,0,6,7,6,13.666666666666700,0,0,6,6,6,13.666666666666700,0,7.6,2.6,0.32,Graduate
1,1,1,9254,1,1,154,1,Higher,Secondary,High-skilled,High-skilled,137.2,0,0,0,1,1,0,20,0,0,6,12,3,10,0,0,6,9,5,10.8,0,15.5,2.8,-4.06,Not on time
1,44,1,9003,1,39,140,1,Secondary,Basic,Low-skilled,High-skilled,140,1,0,0,1,1,0,22,0,0,6,12,5,12.6,0,0,6,11,6,11.714285714285700,0,12.4,0.5,1.79,Graduate
1,43,1,9119,1,1,140,1,Basic,Basic,Clerical/service,Manual skilled,146.5,0,0,0,1,1,0,39,0,0,5,10,3,17.333333333333300,0,0,5,11,1,17,0,13.9,-0.3,0.79,Not on time
1,44,1,9085,1,39,130,1,Higher,Higher,Manual skilled,Manual skilled,130,0,0,0,0,1,0,20,0,2,6,10,5,13.2,0,1,6,21,3,12,0,12.4,0.5,1.79,Not on time
2,39,1,9147,1,19,133.1,1,Basic,Basic,Low-skilled,High-skilled,128,0,0,0,1,1,0,49,0,0,5,9,3,14,0,0,5,8,3,13.666666666666700,0,8.9,1.4,3.51,Not on time
1,7,1,9556,1,4,190,1,Higher,Higher,High-skilled,High-skilled,190,1,0,0,1,1,0,43,0,4,4,4,4,13.875,0,1,1,1,1,12.5,0,11.1,0.6,2.02,Not on time
2,39,1,9991,0,1,120,1,Basic,Basic,Low-skilled,Low-skilled,133.2,1,0,0,1,1,0,32,0,0,5,5,0,0,0,0,5,5,0,0,0,7.6,2.6,0.32,Not on time
1,39,1,9238,1,12,100,1,Basic,Basic,Low-skilled,Low-skilled,124.3,0,0,0,1,1,0,47,0,3,9,9,9,13.11111111111110,0,3,7,7,7,14.857142857142900,0,10.8,1.4,1.74,Graduate
5,39,1,9991,0,1,120,1,Basic,Basic,Low-skilled,Low-skilled,138.1,0,0,0,1,1,1,37,0,0,5,8,5,13,0,0,5,11,4,13.333333333333300,2,16.2,0.3,-0.92,Not on time
2,39,1,8014,0,1,133.1,1,Basic,Secondary,Clerical/service,Manual skilled,144.3,0,0,0,1,1,0,41,0,6,10,10,10,12.5,0,3,7,7,7,12.142857142857100,0,10.8,1.4,1.74,Graduate
2,39,1,9003,1,1,150,1,Basic,Basic,Low-skilled,Manual skilled,140,0,0,0,1,1,0,60,0,17,18,18,18,14.11111111111110,0,11,13,13,13,14.23076923076920,0,15.5,2.8,-4.06,Graduate
2,39,1,9254,1,1,120,1,Secondary,Basic,Low-skilled,Low-skilled,148.3,0,0,0,1,1,0,47,0,6,11,11,11,14.727272727272700,0,6,9,9,9,15.77777777777780,0,10.8,1.4,1.74,Graduate
1,39,1,8014,0,1,133.1,1,Basic,Basic,Low-skilled,Manual skilled,96,0,0,1,0,1,0,50,0,0,6,6,0,0,0,0,5,6,0,0,0,12.4,0.5,1.79,Not on time
2,39,1,9991,0,19,133.1,1,Basic,Basic,Other/unknown,Other/unknown,121.7,1,0,0,1,1,0,45,0,0,5,5,0,0,0,0,5,5,0,0,0,7.6,2.6,0.32,Not on time
1,39,1,9119,1,1,100,1,Basic,Basic,Low-skilled,Manual skilled,160,0,0,1,0,1,0,45,0,0,5,5,0,0,0,0,5,5,0,0,0,15.5,2.8,-4.06,Not on time
2,39,1,9085,1,1,133.1,1,Basic,Basic,Other/unknown,Other/unknown,110.3,0,0,0,1,1,0,33,0,0,5,7,4,13.5,0,0,5,6,5,11.6,0,7.6,2.6,0.32,Graduate
1,1,1,9500,1,1,143,1,Higher,Higher,High-skilled,High-skilled,129,0,0,0,1,1,0,18,0,0,8,8,7,13.105714285714300,0,0,8,8,7,13.105714285714300,0,10.8,1.4,1.74,Graduate
2,39,1,9085,1,1,120,1,Basic,Basic,Manual skilled,Manual skilled,150,0,0,0,1,1,0,43,0,0,5,8,5,13.5,2,0,5,5,5,14.4,0,9.4,-0.8,-3.12,Graduate
1,43,1,8014,0,1,161,1,Basic,Basic,Clerical/service,Other/unknown,100,0,0,0,1,1,0,44,0,9,13,18,13,11.846153846153800,0,9,11,11,11,12,0,12.7,3.7,-1.7,Graduate
1,39,1,9130,1,9,133.1,1,Unknown,Basic,Other/unknown,Other/unknown,107.5,0,0,0,1,1,0,29,0,0,5,5,0,0,0,0,5,5,0,0,0,7.6,2.6,0.32,Not on time
4,39,1,9670,1,1,140,1,Higher,Secondary,High-skilled,Low-skilled,170,0,0,1,0,1,0,53,0,0,6,11,3,14.333333333333300,0,0,6,6,0,0,0,12.7,3.7,-1.7,Not on time
2,42,1,9991,0,6,123,1,Basic,Basic,Low-skilled,Low-skilled,123,0,0,0,1,1,0,37,0,0,5,10,5,15.8,0,0,5,5,5,17.6,0,9.4,-0.8,-3.12,Not on time
1,43,1,9670,1,1,142,1,Basic,Secondary,Manual skilled,Other/unknown,138.5,1,0,0,1,1,0,18,0,0,6,16,5,13.8,0,0,6,7,5,12.4,0,13.9,-0.3,0.79,Not on time
1,43,1,33,1,19,133.1,1,Basic,Basic,Clerical/service,Clerical/service,140,0,0,1,1,1,0,35,0,3,10,18,6,12.666666666666700,0,1,9,11,3,12,2,16.2,0.3,-0.92,Not on time
1,1,1,9254,1,1,115,1,Basic,Secondary,High-skilled,Manual skilled,113.6,0,0,0,1,1,0,23,0,0,6,10,6,13,0,0,6,9,6,12,0,11.1,0.6,2.02,Not on time
1,1,1,171,1,1,156,1,Basic,Basic,Low-skilled,Clerical/service,170,1,0,0,1,1,0,22,0,0,0,0,0,0,0,0,0,0,0,0,0,7.6,2.6,0.32,Graduate
1,39,1,8014,0,1,140,1,Basic,Basic,Other/unknown,Clerical/service,115.5,0,0,0,0,1,0,33,0,0,6,6,1,11,0,0,6,0,0,0,0,10.8,1.4,1.74,Not on time
1,7,3,9130,1,3,130,1,Basic,Basic,Other/unknown,Other/unknown,130,0,0,0,0,1,0,41,0,0,5,9,0,0,4,0,5,9,0,0,3,10.8,1.4,1.74,Not on time
4,7,1,9500,1,3,140,1,Basic,Basic,Low-skilled,Manual skilled,140,0,0,0,1,1,0,51,0,4,7,7,7,15.2,0,6,8,8,8,16.575,0,13.9,-0.3,0.79,Graduate
1,51,1,9670,1,1,140,1,Secondary,Higher,High-skilled,High-skilled,126.6,0,0,0,1,1,0,19,0,2,6,7,6,14.428571428571400,0,1,7,8,7,14.375,0,11.1,0.6,2.02,Graduate
1,39,1,9991,0,1,133.1,1,Basic,Basic,Low-skilled,Low-skilled,143.2,0,0,0,1,1,0,35,0,0,5,5,0,0,0,0,5,5,0,0,0,11.1,0.6,2.02,Not on time
1,1,2,171,1,1,131,41,Basic,Secondary,Clerical/service,Manual skilled,131.4,1,0,0,1,1,0,20,1,0,0,0,0,0,0,0,0,0,0,0,0,7.6,2.6,0.32,Graduate
1,43,1,9670,1,1,141,1,Higher,Higher,High-skilled,High-skilled,133.3,1,0,0,1,1,0,18,0,0,6,13,4,13.75,0,0,6,8,5,11.2,0,13.9,-0.3,0.79,Not on time
1,1,1,9773,1,1,120,1,Basic,Basic,Low-skilled,Low-skilled,118.3,0,0,1,0,1,1,18,0,0,6,11,5,12.166666666666700,0,0,6,15,3,12,0,13.9,-0.3,0.79,Not on time
1,44,1,9003,1,39,140,1,Higher,Secondary,Clerical/service,Manual skilled,140,0,0,0,1,1,0,21,0,0,6,12,5,12.142857142857100,0,0,6,11,5,11.666666666666700,0,13.9,-0.3,0.79,Graduate
1,1,1,9254,1,1,132,1,Secondary,Basic,Manual skilled,Manual skilled,124.7,1,0,0,1,1,0,21,0,0,6,9,6,12,0,0,6,8,5,11.6,0,13.9,-0.3,0.79,Graduate
2,39,2,9147,1,1,130,1,Basic,Basic,Clerical/service,Manual skilled,140,0,0,0,1,1,0,34,0,0,5,10,3,11.666666666666700,1,0,5,7,4,12.75,0,9.4,-0.8,-3.12,Graduate
4,39,1,9130,1,1,140,1,Basic,Basic,Manual skilled,Manual skilled,150,1,0,0,1,1,0,34,0,0,6,9,0,0,0,0,6,6,0,0,0,16.2,0.3,-0.92,Not on time
1,17,2,9670,1,1,110,1,Higher,Higher,Clerical/service,Other/unknown,115.6,1,0,0,1,1,0,21,0,0,6,10,6,11.875,0,0,6,8,5,12,0,11.1,0.6,2.02,Graduate
1,43,1,9773,1,1,140,1,Higher,Basic,High-skilled,Manual skilled,116.9,0,0,0,1,1,0,32,0,6,11,15,7,11.285714285714300,0,5,7,10,6,12.333333333333300,0,13.9,-0.3,0.79,Not on time
1,17,2,9254,1,1,130,1,Basic,Basic,Clerical/service,Manual skilled,123.4,1,0,0,1,1,0,30,0,0,6,17,2,10,0,0,6,15,3,11.333333333333300,0,7.6,2.6,0.32,Not on time
1,1,1,171,1,1,137,1,Secondary,Higher,High-skilled,Manual skilled,146.5,1,0,1,1,1,0,19,0,6,12,13,11,12,0,4,11,15,10,11.181818181818200,0,8.9,1.4,3.51,Not on time
1,51,1,9773,1,1,158,1,Secondary,Basic,Manual skilled,Manual skilled,117.1,1,0,0,1,1,0,20,0,1,7,7,6,13.833333333333300,0,1,6,7,5,13,0,8.9,1.4,3.51,Not on time
1,1,1,9070,1,1,124,1,Basic,Basic,Low-skilled,Manual skilled,113.9,1,0,0,1,1,0,18,0,0,6,0,0,0,0,0,6,0,0,0,0,12.4,0.5,1.79,Not on time
1,1,1,9254,1,1,136,1,Higher,Higher,High-skilled,High-skilled,128.7,0,0,0,1,1,0,19,0,0,6,7,6,14.428571428571400,0,0,6,6,6,12.5,0,8.9,1.4,3.51,Graduate
1,17,3,9500,1,1,142,1,Higher,Higher,High-skilled,High-skilled,132.9,1,0,0,1,1,0,18,0,0,7,8,5,14.2,0,0,7,9,6,12.4,0,12.4,0.5,1.79,Not on time
1,39,1,9991,0,1,150,1,Secondary,Basic,Clerical/service,Manual skilled,123,0,0,0,1,1,0,27,0,0,5,8,4,11.5,0,0,5,9,3,10.333333333333300,0,12.7,3.7,-1.7,Not on time
1,39,1,9773,1,12,120,1,Secondary,Secondary,Low-skilled,Low-skilled,129.8,1,0,0,1,1,0,52,0,0,6,7,5,13,0,0,6,6,6,15,0,9.4,-0.8,-3.12,Graduate
2,43,1,9003,1,1,149,1,Secondary,Secondary,Clerical/service,Clerical/service,156.1,1,0,0,0,1,0,29,0,0,6,6,0,0,0,0,6,8,0,0,0,15.5,2.8,-4.06,Not on time
1,51,1,9003,1,39,130,1,Secondary,Basic,Clerical/service,Clerical/service,120,1,0,1,0,1,0,22,0,0,6,12,3,11.333333333333300,0,0,6,13,2,11,0,8.9,1.4,3.51,Not on time
1,43,1,9085,1,1,110,25,Basic,Basic,Low-skilled,Manual skilled,117.2,1,0,0,1,1,0,28,1,13,18,45,18,12.5,12,10,13,26,12,11.428571428571400,6,15.5,2.8,-4.06,Graduate
1,39,1,9670,1,6,133.1,1,Secondary,Secondary,Other/unknown,High-skilled,107,1,0,0,1,1,0,30,0,0,5,5,0,0,0,0,5,5,0,0,0,7.6,2.6,0.32,Not on time
1,1,2,9500,1,1,134,1,Secondary,Secondary,Clerical/service,High-skilled,128.4,1,0,0,1,0,0,18,0,0,7,7,7,13.471428571428600,0,0,8,9,8,13.944444444444400,0,16.2,0.3,-0.92,Graduate
1,1,2,9670,1,1,130,1,Basic,Basic,Clerical/service,Clerical/service,123.4,1,0,0,1,0,0,21,0,0,5,5,4,11.75,0,0,5,5,3,13.333333333333300,0,9.4,-0.8,-3.12,Graduate
1,1,1,9070,1,1,141,1,Basic,Basic,Low-skilled,Low-skilled,126.7,1,0,1,1,0,1,20,0,0,6,9,6,13.333333333333300,0,0,6,10,6,14.666666666666700,0,12.7,3.7,-1.7,Graduate
1,42,1,9500,1,1,123,1,Basic,Basic,High-skilled,High-skilled,123,1,0,0,1,0,1,21,0,0,8,8,8,13.105,0,0,8,8,8,13.105,0,9.4,-0.8,-3.12,Graduate
2,39,1,9991,0,19,133.1,1,Basic,Basic,Manual skilled,Low-skilled,137.2,0,0,1,0,0,0,32,0,0,5,5,0,0,0,0,5,6,0,0,0,10.8,1.4,1.74,Not on time
1,1,3,9070,1,1,122,1,Basic,Basic,Low-skilled,Low-skilled,125.9,1,0,0,1,1,1,20,0,0,6,6,6,15.5,0,0,6,7,6,12.166666666666700,0,12.4,0.5,1.79,Graduate
1,1,4,171,1,1,132,1,Secondary,Basic,Clerical/service,Clerical/service,138,1,0,1,0,1,0,19,0,0,0,0,0,0,0,0,0,0,0,0,0,15.5,2.8,-4.06,Not on time
1,15,1,9670,1,1,133.1,41,Secondary,Secondary,Low-skilled,Clerical/service,128.2,0,0,1,0,1,0,18,1,0,6,6,4,11.25,0,0,6,7,3,12.333333333333300,0,8.9,1.4,3.51,Not on time
1,43,1,9991,0,1,130,1,Basic,Higher,Low-skilled,Clerical/service,126.5,1,0,0,0,1,0,23,0,10,15,24,12,11,0,10,14,21,11,11.363636363636400,1,7.6,2.6,0.32,Not on time
1,1,1,9254,1,1,111,1,Secondary,Secondary,High-skilled,High-skilled,112.4,1,0,0,1,1,0,20,0,0,6,10,6,12.333333333333300,0,0,6,9,4,13,0,12.4,0.5,1.79,Graduate
2,43,2,9147,1,1,133.1,1,Basic,Basic,Low-skilled,Low-skilled,109,1,0,0,1,0,0,46,0,4,9,18,8,11.375,2,0,5,11,5,11.8,0,9.4,-0.8,-3.12,Graduate
1,17,1,9003,1,1,125,1,Higher,Higher,High-skilled,High-skilled,100,0,0,0,1,1,0,27,0,16,18,19,18,12.22222222222220,0,9,12,15,12,12.384615384615400,0,15.5,2.8,-4.06,Graduate
1,5,1,171,1,1,137,1,Higher,Basic,High-skilled,Other/unknown,144.7,1,0,0,1,1,0,20,0,0,0,0,0,0,0,0,0,0,0,0,0,16.2,0.3,-0.92,Not on time
2,43,3,8014,0,19,100,1,Basic,Basic,Low-skilled,Low-skilled,120,1,0,0,1,1,0,41,0,5,9,11,9,12,0,3,7,8,6,12,0,9.4,-0.8,-3.12,Graduate
1,15,1,9147,1,1,133.1,21,Secondary,Higher,Low-skilled,High-skilled,100,0,0,1,1,1,0,40,1,0,5,10,1,11,0,0,5,10,1,10,0,11.1,0.6,2.02,Not on time
2,44,1,8014,0,39,150,1,Secondary,Secondary,Clerical/service,Clerical/service,154,0,0,0,1,1,0,37,0,12,16,17,16,14.125,0,6,11,14,10,13,0,12.4,0.5,1.79,Graduate
1,1,4,9147,1,1,120,1,Basic,Basic,Clerical/service,Other/unknown,111.3,0,0,0,1,1,0,20,0,0,5,8,5,10.2,0,0,5,7,5,11.2,0,12.4,0.5,1.79,Not on time
1,44,1,9130,1,39,150,1,Secondary,Secondary,Clerical/service,Clerical/service,150,1,0,0,1,0,0,20,0,0,5,7,4,12,1,0,5,6,4,12.4,0,10.8,1.4,1.74,Not on time
1,7,1,9991,0,40,133.1,1,Secondary,Basic,Clerical/service,High-skilled,100,0,0,0,1,0,0,26,0,8,9,11,9,12.333333333333300,0,4,7,7,7,12.571428571428600,0,12.4,0.5,1.79,Graduate
2,39,1,8014,0,1,133.1,1,Basic,Basic,Low-skilled,Manual skilled,162.5,0,0,0,1,1,0,54,0,4,9,9,9,14.333333333333300,0,2,7,7,7,13.857142857142900,0,8.9,1.4,3.51,Graduate
1,17,5,9670,1,1,132,1,Basic,Basic,Clerical/service,Clerical/service,134.1,1,0,0,1,1,0,21,0,0,6,6,6,15.166666666666700,0,0,6,9,6,14,0,10.8,1.4,1.74,Graduate
1,1,1,9085,1,1,134,1,Secondary,Secondary,Low-skilled,Low-skilled,133,1,0,0,1,0,1,20,0,0,6,8,6,15.142857142857100,0,0,6,8,6,15.142857142857100,0,11.1,0.6,2.02,Graduate
1,17,6,9773,1,1,126,1,Secondary,Basic,Clerical/service,Clerical/service,119,1,0,0,1,0,0,18,0,0,6,0,0,0,0,0,6,0,0,0,0,12.4,0.5,1.79,Not on time
1,1,3,9500,1,1,136,1,Secondary,Basic,Clerical/service,Low-skilled,131.1,1,0,0,1,0,0,19,0,0,7,9,6,13.411428571428600,0,0,8,12,7,13.294444444444400,0,15.5,2.8,-4.06,Not on time
1,1,2,9238,1,1,129,1,Basic,Secondary,Clerical/service,Other/unknown,129.4,1,0,0,1,0,0,18,0,0,6,7,6,12.333333333333300,0,0,6,7,6,12.166666666666700,0,9.4,-0.8,-3.12,Graduate
1,1,1,9085,1,1,126,1,Higher,Secondary,High-skilled,Manual skilled,123.9,1,0,0,1,0,0,19,0,0,6,13,4,11.8,0,0,6,18,4,12.2,0,12.4,0.5,1.79,Not on time
1,44,1,9085,1,39,140,1,Secondary,Secondary,Clerical/service,Manual skilled,140,1,0,1,1,0,0,22,0,2,6,9,6,12,0,1,6,12,3,12,0,13.9,-0.3,0.79,Not on time
1,43,1,9085,1,1,162,1,Higher,Secondary,Clerical/service,Clerical/service,162,0,0,0,1,0,0,19,0,0,6,7,6,15,0,0,6,8,6,15.625,0,12.4,0.5,1.79,Graduate
1,1,1,171,1,1,148,1,Higher,Higher,Clerical/service,High-skilled,131.6,1,0,0,1,0,0,21,0,6,12,12,8,13.875,0,4,11,13,9,12.7,1,8.9,1.4,3.51,Not on time
1,17,1,9853,1,1,119,1,Higher,Higher,High-skilled,High-skilled,110.6,0,0,0,1,0,0,20,0,0,7,9,6,11.833333333333300,0,0,7,7,6,14.333333333333300,0,11.1,0.6,2.02,Not on time
1,17,3,9773,1,1,123,1,Secondary,Basic,Clerical/service,Clerical/service,117.4,1,0,0,1,0,1,18,0,0,6,6,6,12.5,0,0,6,6,6,13.833333333333300,0,16.2,0.3,-0.92,Graduate
1,17,1,9773,1,1,150,1,Basic,Basic,Manual skilled,Manual skilled,137.8,1,0,0,1,0,1,18,0,0,6,6,6,15,0,0,6,6,6,15.5,0,8.9,1.4,3.51,Graduate
1,17,1,9670,1,1,113,1,Secondary,Secondary,Clerical/service,Clerical/service,106.7,1,0,1,1,0,0,20,0,0,6,10,2,11.666666666666700,0,0,6,10,4,10.5,0,15.5,2.8,-4.06,Not on time
1,1,1,9500,1,1,152,1,Basic,Basic,High-skilled,Manual skilled,156.9,0,0,0,1,0,1,18,0,0,7,10,7,14.668,0,0,8,8,8,14.63375,0,15.5,2.8,-4.06,Graduate
1,1,3,9500,1,1,154,1,Higher,Higher,High-skilled,High-skilled,129,1,0,0,1,0,0,18,0,0,8,9,6,13.345,2,0,8,9,6,13.345,2,9.4,-0.8,-3.12,Not on time
1,1,2,9773,1,1,130,1,Secondary,Unknown,Low-skilled,Low-skilled,124.8,1,0,0,1,0,1,20,0,0,6,7,5,12.8,0,0,6,6,6,12.333333333333300,0,12.4,0.5,1.79,Graduate
1,1,1,9238,1,1,121,1,Secondary,Secondary,High-skilled,High-skilled,115.1,1,0,0,1,0,0,19,0,0,6,10,6,10.833333333333300,0,0,6,7,6,12.142857142857100,0,11.1,0.6,2.02,Graduate
1,1,1,9070,1,1,153,1,Higher,Higher,High-skilled,High-skilled,146.7,1,0,0,1,0,0,18,0,0,6,6,6,13.666666666666700,0,0,6,6,5,14,0,12.7,3.7,-1.7,Graduate
1,1,1,9500,1,1,148,1,Higher,Secondary,Clerical/service,Clerical/service,132.8,0,0,0,1,0,0,18,0,0,8,8,7,14.537142857142900,0,0,8,8,7,14.537142857142900,0,10.8,1.4,1.74,Graduate
1,5,3,9085,1,1,143,1,Basic,Basic,Other/unknown,Other/unknown,159.1,0,0,1,1,0,1,18,0,0,5,5,5,14.4,0,0,5,5,5,14,0,7.6,2.6,0.32,Not on time
1,17,3,171,1,1,147,1,Basic,Secondary,Clerical/service,Clerical/service,137.6,1,0,0,1,0,1,20,0,0,0,0,0,0,0,0,0,0,0,0,0,12.7,3.7,-1.7,Graduate
1,17,1,9773,1,1,138,1,Secondary,Basic,Low-skilled,Low-skilled,124,0,0,0,1,0,1,19,0,0,6,6,6,13.166666666666700,0,0,6,6,6,13.833333333333300,0,11.1,0.6,2.02,Graduate
1,39,1,9500,1,1,120,1,Higher,Higher,High-skilled,High-skilled,149,0,0,0,0,1,0,36,0,0,6,15,2,11.5,0,0,7,9,0,0,0,15.5,2.8,-4.06,Not on time
1,17,1,9238,1,1,145,1,Secondary,Higher,Low-skilled,High-skilled,129.6,0,0,0,1,0,1,19,0,0,6,7,6,11.333333333333300,0,0,6,7,6,12.428571428571400,0,11.1,0.6,2.02,Graduate
1,17,3,9238,1,1,118,1,Higher,Secondary,High-skilled,Clerical/service,110,1,0,0,1,0,0,18,0,0,6,6,6,12,0,0,6,6,5,13.6,0,8.9,1.4,3.51,Graduate
1,1,3,9773,1,1,121,1,Basic,Basic,High-skilled,High-skilled,116.1,0,0,0,1,0,1,18,0,0,6,6,6,13.166666666666700,0,0,6,6,6,12.166666666666700,0,12.4,0.5,1.79,Graduate
1,1,3,9773,1,1,135,1,Basic,Basic,Clerical/service,Manual skilled,133.3,1,0,0,1,0,1,18,0,0,6,6,6,14.833333333333300,0,0,6,6,6,14.166666666666700,0,8.9,1.4,3.51,Graduate
1,44,1,9070,1,1,140,1,Secondary,Secondary,Low-skilled,Manual skilled,144.3,1,0,0,1,0,0,19,0,2,7,7,7,13,0,5,9,9,9,13.22222222222220,0,12.4,0.5,1.79,Graduate
1,18,3,9500,1,1,145,1,Secondary,Secondary,Clerical/service,Manual skilled,133.6,1,0,0,1,0,0,18,0,0,7,8,7,13.087142857142900,0,0,8,8,8,12.95,0,11.1,0.6,2.02,Graduate
1,1,1,9130,1,1,133,1,Secondary,Basic,Low-skilled,Low-skilled,123.2,1,0,0,1,0,1,19,0,0,6,8,6,13.333333333333300,0,0,6,7,6,13.666666666666700,0,8.9,1.4,3.51,Graduate
1,1,1,9853,1,1,127,1,Higher,Secondary,High-skilled,Manual skilled,137.2,1,0,0,1,0,0,18,0,0,6,7,6,12.166666666666700,0,0,6,10,4,12.75,0,10.8,1.4,1.74,Not on time
1,53,1,9070,1,42,130,1,Higher,Basic,High-skilled,Clerical/service,130,1,0,0,0,0,1,22,0,0,6,8,6,11,0,0,6,10,4,12,0,8.9,1.4,3.51,Not on time
1,1,2,9238,1,1,117,1,Basic,Secondary,Low-skilled,Manual skilled,110,1,0,1,0,0,0,18,0,0,6,0,0,0,0,0,6,0,0,0,0,11.1,0.6,2.02,Not on time
1,17,4,9147,1,1,125,1,Basic,Basic,Clerical/service,Clerical/service,118,1,0,0,1,0,0,19,0,0,5,7,5,13.6,0,0,5,6,5,12.2,0,8.9,1.4,3.51,Graduate
1,1,1,9773,1,1,141,1,Basic,Basic,Low-skilled,Low-skilled,128.4,1,0,0,1,0,0,18,0,0,6,6,6,15.5,0,0,6,6,6,14,0,11.1,0.6,2.02,Graduate
1,1,3,9853,1,1,122,1,Secondary,Higher,Clerical/service,High-skilled,113.6,0,0,0,1,0,0,19,0,0,7,7,7,13.857142857142900,0,0,7,7,7,14.285714285714300,0,11.1,0.6,2.02,Graduate
1,17,2,9147,1,1,118,1,Basic,Secondary,Low-skilled,High-skilled,113.5,1,0,1,1,0,0,20,0,0,5,10,2,11.5,0,0,5,8,3,10,0,11.1,0.6,2.02,Not on time
1,17,3,9070,1,1,142,1,Secondary,Basic,High-skilled,Clerical/service,146.9,1,0,0,1,0,1,18,0,0,6,6,6,13,0,0,6,6,6,12.166666666666700,0,16.2,0.3,-0.92,Graduate
1,1,1,9130,1,1,143,1,Higher,Higher,High-skilled,Other/unknown,141.3,0,0,1,0,0,0,23,0,0,6,10,6,14,0,0,6,11,4,13,0,11.1,0.6,2.02,Not on time
1,1,4,9773,1,1,143,1,Secondary,Higher,Clerical/service,Manual skilled,129.7,1,0,0,1,0,0,20,0,0,4,4,0,0,0,0,6,0,0,0,0,8.9,1.4,3.51,Not on time
1,1,5,9070,1,1,123,1,Higher,Secondary,Low-skilled,High-skilled,121.3,1,0,0,1,0,0,20,0,0,6,6,6,11.166666666666700,0,0,6,9,6,11.5,0,12.4,0.5,1.79,Not on time
1,1,1,9238,1,1,115,1,Secondary,Secondary,Low-skilled,Clerical/service,109.1,1,0,1,0,0,1,22,0,0,6,0,0,0,0,0,6,0,0,0,0,12.4,0.5,1.79,Not on time
1,17,2,9853,1,1,112,1,Basic,Basic,Clerical/service,Manual skilled,107.1,1,0,0,1,0,1,18,0,0,7,8,7,12.142857142857100,0,0,7,9,6,13.666666666666700,0,11.1,0.6,2.02,Graduate
1,17,1,9500,1,1,135,1,Basic,Basic,Low-skilled,Low-skilled,129.2,0,0,0,1,0,1,18,0,0,7,7,7,14.145714285714300,0,0,8,9,8,13.627777777777800,0,11.1,0.6,2.02,Graduate
1,1,1,9500,1,1,162,1,Higher,Higher,High-skilled,High-skilled,154.1,0,0,0,1,0,0,18,0,0,7,7,7,14.45,0,0,8,9,8,14.144444444444400,0,11.1,0.6,2.02,Graduate
1,1,1,9853,1,1,143,1,Basic,Higher,Clerical/service,Clerical/service,147.2,0,0,0,1,0,0,18,0,0,7,7,7,15.714285714285700,0,0,7,7,7,15,0,11.1,0.6,2.02,Graduate
1,51,1,9147,1,1,130,1,Secondary,Secondary,Clerical/service,Clerical/service,120,0,0,0,1,0,0,21,0,0,5,9,5,12.8,0,0,5,11,3,12.666666666666700,0,11.1,0.6,2.02,Not on time
1,17,1,9070,1,1,136,1,Secondary,Basic,Clerical/service,Clerical/service,130.8,0,0,0,1,0,0,20,0,0,6,6,6,12.5,0,0,6,8,6,11.5,0,10.8,1.4,1.74,Not on time
1,16,1,9070,1,1,125,1,Secondary,Secondary,Clerical/service,Clerical/service,120.8,1,0,0,1,0,0,18,0,0,6,6,6,14.5,0,0,6,6,6,12.833333333333300,0,12.4,0.5,1.79,Graduate
1,17,2,9500,1,1,132,1,Basic,Basic,High-skilled,Clerical/service,125.4,1,0,0,0,0,1,20,0,0,7,7,7,13.462857142857100,0,0,8,10,7,13.164285714285700,0,11.1,0.6,2.02,Not on time
1,1,1,8014,0,1,123,1,Unknown,Basic,Low-skilled,Other/unknown,121.3,1,0,0,1,0,0,25,0,0,6,6,6,12.833333333333300,0,0,6,6,6,12.833333333333300,0,7.6,2.6,0.32,Graduate
1,1,1,9147,1,1,142,1,Basic,Basic,Low-skilled,Low-skilled,127,1,0,0,1,0,1,18,0,0,5,10,5,12,0,0,5,8,4,11.6,0,13.9,-0.3,0.79,Graduate
1,1,3,171,1,1,147,1,Secondary,Basic,Low-skilled,High-skilled,151.6,1,0,0,1,0,0,19,0,0,0,0,0,0,0,0,0,0,0,0,0,13.9,-0.3,0.79,Graduate
1,1,1,9085,1,1,140,6,Secondary,Basic,Clerical/service,Manual skilled,131.6,1,0,0,1,0,0,20,1,0,7,9,6,14.714285714285700,0,1,7,16,6,13.2,0,12.4,0.5,1.79,Not on time
1,1,2,9238,1,1,133.1,1,Basic,Basic,Low-skilled,Low-skilled,106,1,0,0,1,0,1,20,0,0,6,7,6,12.571428571428600,0,0,6,7,6,13.285714285714300,0,12.4,0.5,1.79,Graduate
1,18,4,9773,1,1,114,1,Secondary,Secondary,Low-skilled,Low-skilled,111.6,1,0,0,1,0,1,21,0,0,6,6,6,12.5,0,0,6,6,6,11.5,0,11.1,0.6,2.02,Graduate
1,17,3,9670,1,1,125,1,Secondary,Higher,Clerical/service,High-skilled,117.3,1,0,0,1,0,0,18,0,0,6,8,6,14,0,0,6,9,5,14,0,8.9,1.4,3.51,Graduate
1,17,1,9853,1,1,127,1,Secondary,Secondary,Clerical/service,Manual skilled,121.4,1,0,0,1,0,0,18,0,0,7,8,7,11.571428571428600,0,0,7,9,6,13.166666666666700,0,11.1,0.6,2.02,Not on time
1,1,3,9070,1,1,132,1,Secondary,Higher,Low-skilled,Manual skilled,126.1,1,0,0,1,0,1,18,0,0,6,6,6,15.833333333333300,0,0,6,6,6,15.333333333333300,0,11.1,0.6,2.02,Graduate
1,1,4,9500,1,1,148,1,Basic,Basic,Clerical/service,Clerical/service,137,1,0,0,1,0,0,18,0,0,8,8,8,14.25,0,0,8,8,8,14.25,0,9.4,-0.8,-3.12,Graduate
1,43,1,9670,1,1,139,1,Higher,Basic,High-skilled,Clerical/service,120.8,0,0,0,1,0,0,19,0,0,6,0,0,0,0,0,6,0,0,0,0,15.5,2.8,-4.06,Not on time
1,17,1,9254,1,1,136,1,Secondary,Higher,High-skilled,High-skilled,128.7,1,0,0,1,0,0,20,0,0,6,8,6,11.666666666666700,0,0,6,10,6,11,0,13.9,-0.3,0.79,Not on time
1,39,1,9238,1,9,133.1,1,Unknown,Unknown,Other/unknown,Other/unknown,118,0,0,0,1,0,0,47,0,0,6,12,0,0,0,0,5,10,0,0,0,7.6,2.6,0.32,Not on time
1,43,1,9130,1,1,120,6,Secondary,Higher,Low-skilled,High-skilled,120,0,0,1,1,0,0,21,1,2,5,9,5,13.2,2,0,5,7,2,12.5,2,10.8,1.4,1.74,Not on time
2,39,1,9130,1,1,130,1,Basic,Basic,Low-skilled,Manual skilled,160,0,0,0,1,1,0,31,0,1,6,11,2,12,1,1,6,12,1,10,1,16.2,0.3,-0.92,Not on time
2,39,1,9119,1,1,110,1,Basic,Basic,Other/unknown,Clerical/service,150,1,0,0,1,1,0,46,0,0,5,6,0,0,0,0,5,5,0,0,0,7.6,2.6,0.32,Not on time
1,1,3,9119,1,1,133,1,Higher,Secondary,High-skilled,Clerical/service,121.8,1,0,0,1,1,0,18,0,0,5,9,4,12,0,0,5,10,2,11,0,8.9,1.4,3.51,Not on time
1,17,3,9119,1,1,138,1,Higher,Higher,High-skilled,Clerical/service,125.4,1,1,0,1,1,0,19,0,0,5,10,3,13.333333333333300,0,0,5,9,4,10.75,0,8.9,1.4,3.51,Not on time
1,51,1,9556,1,1,131,1,Secondary,Basic,Clerical/service,Low-skilled,126.6,1,0,0,1,1,0,23,0,0,7,11,5,12.414285714285700,0,0,7,13,2,13.5,0,8.9,1.4,3.51,Not on time
1,44,1,9130,1,39,150,1,Higher,Secondary,High-skilled,Manual skilled,150,0,0,0,0,1,0,22,0,0,5,5,0,0,0,0,5,5,0,0,0,12.7,3.7,-1.7,Not on time
1,1,1,9147,1,1,125,1,Basic,Secondary,High-skilled,Other/unknown,114.5,1,0,0,1,1,0,19,0,0,5,5,5,13.8,0,0,5,7,5,12.4,0,9.4,-0.8,-3.12,Graduate
1,1,1,9147,1,1,108,41,Higher,Higher,Low-skilled,Low-skilled,107,0,0,1,0,0,0,19,1,0,5,14,0,0,0,0,5,5,0,0,0,8.9,1.4,3.51,Not on time
1,17,1,9147,1,1,116,1,Higher,Secondary,High-skilled,Clerical/service,115.7,0,0,0,0,1,0,22,0,0,5,10,4,11.5,0,0,5,11,4,14,0,8.9,1.4,3.51,Not on time
1,39,1,9130,1,1,133.1,1,Higher,Unknown,High-skilled,Other/unknown,120,0,0,1,0,1,0,29,0,0,5,11,0,0,4,0,5,6,0,0,1,9.4,-0.8,-3.12,Not on time
1,1,3,9500,1,1,147,1,Basic,Basic,Low-skilled,Clerical/service,134.8,1,0,0,1,0,0,18,0,0,7,7,6,14.016666666666700,0,0,7,7,6,14.016666666666700,0,7.6,2.6,0.32,Graduate
1,1,1,9238,1,1,143,1,Basic,Unknown,Low-skilled,Low-skilled,133.6,1,0,0,1,0,0,18,0,0,6,9,5,11.4,0,0,6,8,5,10.8,0,9.4,-0.8,-3.12,Graduate
1,1,1,171,1,1,115,1,Basic,Basic,Low-skilled,Manual skilled,129,1,0,1,0,0,1,23,0,0,0,0,0,0,0,0,0,0,0,0,0,9.4,-0.8,-3.12,Not on time
2,39,1,9991,0,1,160,1,Secondary,Secondary,Low-skilled,High-skilled,128.4,0,0,0,1,0,0,34,0,0,5,12,5,10.4,0,0,5,11,5,12,0,12.4,0.5,1.79,Graduate
1,17,1,9147,1,1,118,1,Basic,Basic,Low-skilled,Low-skilled,122.2,0,0,0,1,0,0,19,0,0,5,11,3,10.666666666666700,0,0,5,9,4,10.25,0,11.1,0.6,2.02,Graduate
1,1,1,9085,1,1,122,1,Secondary,Secondary,High-skilled,Clerical/service,113.3,1,0,0,1,0,0,18,0,0,5,9,4,14.25,0,0,5,8,5,12.714285714285700,0,10.8,1.4,1.74,Not on time
1,17,6,9500,1,1,143,1,Secondary,Basic,Clerical/service,Clerical/service,129.9,0,0,0,1,0,1,20,0,3,7,7,7,13.914285714285700,0,5,8,8,8,14.10625,0,11.1,0.6,2.02,Graduate
1,1,6,9500,1,1,133,1,Higher,Higher,High-skilled,High-skilled,126.2,1,0,0,1,0,0,19,0,0,7,9,7,13.761111111111100,0,0,8,11,7,12.82375,0,15.5,2.8,-4.06,Graduate
1,5,2,9853,1,1,122,1,Basic,Basic,Clerical/service,Clerical/service,112.6,1,0,0,1,0,0,22,0,0,6,10,5,12.6,0,0,6,9,4,11.25,0,12.7,3.7,-1.7,Not on time
1,1,1,9238,1,1,164,1,Basic,Basic,Low-skilled,Low-skilled,149,1,0,0,1,0,1,23,0,0,6,7,6,13.857142857142900,0,0,6,6,6,14.166666666666700,0,10.8,1.4,1.74,Graduate
2,39,1,9500,1,1,133.1,1,Secondary,Basic,Low-skilled,Low-skilled,120,0,0,0,1,1,1,34,0,0,8,8,7,13.842857142857100,0,0,8,8,7,13.842857142857100,0,12.7,3.7,-1.7,Graduate
1,17,4,9119,1,1,127,1,Basic,Basic,Clerical/service,Clerical/service,120.4,1,0,1,0,1,0,18,0,0,5,12,0,0,0,0,5,8,0,0,0,9.4,-0.8,-3.12,Not on time
1,1,3,9773,1,1,140,1,Secondary,Secondary,Clerical/service,High-skilled,128.1,1,1,0,1,1,0,21,0,0,6,6,5,11.8,0,0,6,9,0,0,0,16.2,0.3,-0.92,Not on time
1,1,1,9238,1,1,127,1,Secondary,Basic,Clerical/service,High-skilled,141.7,1,0,0,1,1,0,22,0,0,6,6,6,12.666666666666700,0,0,6,6,6,13.833333333333300,0,10.8,1.4,1.74,Not on time
1,39,1,9003,1,12,133.1,1,Basic,Secondary,Low-skilled,Other/unknown,130,0,0,0,1,1,0,28,0,0,6,6,0,0,0,0,6,6,0,0,0,11.1,0.6,2.02,Not on time
1,5,4,9119,1,1,115,1,Basic,Basic,Clerical/service,Manual skilled,113.3,1,0,0,1,1,0,23,0,0,5,7,0,0,0,0,5,5,0,0,0,7.6,2.6,0.32,Not on time
1,1,1,9773,1,1,108,1,Unknown,Basic,Other/unknown,High-skilled,105.9,0,0,0,1,1,0,20,0,0,6,11,4,10.75,0,0,6,13,2,10,0,7.6,2.6,0.32,Not on time
1,18,2,9119,1,1,136,1,Secondary,Higher,Clerical/service,Clerical/service,122.7,1,0,0,1,1,0,18,0,0,5,7,5,12.6,0,0,5,9,3,13.25,0,13.9,-0.3,0.79,Not on time
1,39,2,9147,1,12,133.1,1,Basic,Basic,Low-skilled,Low-skilled,120,1,0,1,0,1,0,28,0,0,5,5,0,0,0,0,5,5,0,0,0,9.4,-0.8,-3.12,Not on time
1,44,1,9070,1,39,120,1,Secondary,Basic,Clerical/service,Manual skilled,119.8,0,0,0,1,1,0,21,0,2,7,7,2,12,0,5,9,10,7,12.142857142857100,0,12.4,0.5,1.79,Not on time
1,39,1,9670,1,1,133.1,1,Basic,Basic,Low-skilled,Manual skilled,122.9,0,0,1,0,1,0,25,0,0,6,7,3,14,0,0,6,9,2,14.5,0,13.9,-0.3,0.79,Not on time
1,44,1,9085,1,39,160,1,Secondary,Secondary,Clerical/service,Clerical/service,160,1,1,0,0,1,0,19,0,2,6,6,6,14,0,1,6,11,6,13.5,0,12.4,0.5,1.79,Not on time
1,1,4,9500,1,1,128,1,Secondary,Secondary,Clerical/service,Other/unknown,125.2,1,0,0,1,1,1,18,0,0,7,7,7,14.682857142857100,0,0,8,9,8,15.055555555555600,0,12.4,0.5,1.79,Graduate
1,39,1,9119,1,3,130,1,Secondary,Basic,Other/unknown,Other/unknown,143.4,0,0,0,1,1,0,29,0,0,3,3,0,0,3,0,5,0,0,0,0,10.8,1.4,1.74,Not on time
1,39,1,9119,1,19,133.1,1,Basic,Basic,High-skilled,Manual skilled,96.7,0,0,0,1,1,1,29,0,0,5,6,0,0,0,0,5,7,0,0,0,12.4,0.5,1.79,Not on time
1,18,1,9254,1,1,137,1,Basic,Basic,Clerical/service,Clerical/service,126.9,0,0,0,1,1,0,20,0,0,6,7,6,13.857142857142900,0,0,6,7,5,12.8,0,16.2,0.3,-0.92,Graduate
1,1,1,171,1,1,163,1,Basic,Secondary,Low-skilled,Manual skilled,143.1,0,0,0,1,1,0,18,0,0,0,0,0,0,0,0,0,0,0,0,0,9.4,-0.8,-3.12,Graduate
1,1,1,9254,1,1,125,1,Secondary,Secondary,Low-skilled,Low-skilled,114.5,0,0,0,1,1,0,20,0,0,6,8,6,13.142857142857100,0,0,6,7,6,12.5,0,8.9,1.4,3.51,Graduate
2,39,1,9119,1,1,120,1,Unknown,Unknown,Other/unknown,Other/unknown,140,1,0,0,1,1,0,33,0,0,5,14,1,18,0,0,5,9,2,13,0,9.4,-0.8,-3.12,Not on time
1,42,1,9991,0,1,150,1,Basic,Basic,Clerical/service,Clerical/service,113.7,0,0,0,1,1,0,30,0,11,15,15,13,11.461538461538500,0,6,11,15,10,11.583333333333300,1,16.2,0.3,-0.92,Graduate
1,1,1,9556,1,1,135,1,Secondary,Secondary,High-skilled,High-skilled,131.5,0,0,0,1,1,1,21,0,0,7,14,5,11.2,0,0,8,11,6,11.583333333333300,0,16.2,0.3,-0.92,Not on time
1,1,1,9003,1,1,148,1,Secondary,Basic,Low-skilled,Low-skilled,143.5,0,0,1,1,1,0,18,0,0,6,6,5,15,0,0,6,8,4,14.5,0,8.9,1.4,3.51,Graduate
1,1,1,9500,1,1,138,1,Basic,Basic,Low-skilled,Low-skilled,126.8,0,0,0,1,1,1,19,0,0,7,9,7,14.244444444444400,0,0,8,12,8,12.233333333333300,0,15.5,2.8,-4.06,Graduate
1,17,1,9070,1,1,119,1,Basic,Basic,Low-skilled,Low-skilled,115.2,0,0,0,1,1,1,21,0,0,6,8,4,11.5,0,0,6,7,5,11,0,15.5,2.8,-4.06,Not on time
1,39,2,9556,1,1,130,1,Basic,Basic,Clerical/service,Clerical/service,100,0,0,0,1,1,1,25,0,0,7,7,2,10,0,0,7,7,0,0,0,15.5,2.8,-4.06,Not on time
1,1,2,9670,1,1,135,1,Basic,Basic,Manual skilled,Other/unknown,121.4,0,0,0,1,1,0,19,0,0,5,7,3,12.333333333333300,0,0,5,5,5,11.6,0,9.4,-0.8,-3.12,Graduate
1,44,1,9070,1,39,120,1,Basic,Secondary,Low-skilled,High-skilled,120,1,0,0,1,1,0,23,0,2,7,8,5,12.2,0,5,9,10,7,12.142857142857100,1,16.2,0.3,-0.92,Not on time
1,17,2,9070,1,1,126,1,Basic,Basic,Low-skilled,Manual skilled,129.9,1,0,0,1,1,1,19,0,0,6,6,6,13.666666666666700,0,0,6,7,5,13.2,0,12.4,0.5,1.79,Graduate
1,1,1,171,1,1,149,1,Higher,Higher,High-skilled,Clerical/service,151.1,1,0,0,1,1,0,19,0,0,0,0,0,0,0,0,0,0,0,0,0,9.4,-0.8,-3.12,Graduate
1,39,1,9003,1,1,110,1,Basic,Basic,Low-skilled,Manual skilled,120,0,0,1,0,1,0,31,0,0,6,15,1,11,0,0,6,10,0,0,0,16.2,0.3,-0.92,Not on time
1,39,1,9003,1,1,133.1,1,Basic,Basic,Clerical/service,Manual skilled,130,0,0,1,0,1,0,32,0,0,6,8,3,13,0,4,10,14,6,11.428571428571400,0,16.2,0.3,-0.92,Not on time
1,16,2,9500,1,1,127,1,Higher,Basic,Clerical/service,Low-skilled,119,1,0,0,1,0,1,19,0,0,8,12,7,12.600000000000000,0,0,8,12,7,12.600000000000000,0,10.8,1.4,1.74,Graduate
1,42,1,9773,1,6,120,1,Unknown,Unknown,Other/unknown,Other/unknown,122,1,0,0,1,0,0,34,0,8,10,11,10,12.2,0,5,10,12,9,12.333333333333300,0,7.6,2.6,0.32,Graduate
1,16,6,9773,1,1,136,1,Basic,Secondary,Other/unknown,Other/unknown,129.7,1,0,0,1,0,0,21,0,0,6,6,6,13.166666666666700,0,0,6,6,6,13,0,7.6,2.6,0.32,Graduate
1,43,2,9238,1,1,110,1,Basic,Basic,Low-skilled,Manual skilled,112.5,1,0,0,1,0,1,53,0,4,7,16,6,11,0,2,7,9,7,11,0,9.4,-0.8,-3.12,Graduate
1,1,1,9500,1,1,136,1,Basic,Basic,Clerical/service,Manual skilled,136,0,0,0,1,0,1,19,0,0,7,7,7,14.014285714285700,0,0,8,8,8,15.35,0,13.9,-0.3,0.79,Graduate
1,1,3,9773,1,1,145,1,Basic,Basic,Low-skilled,Clerical/service,133.1,0,0,0,1,0,1,20,0,0,6,9,4,13,0,0,6,13,4,11.25,0,10.8,1.4,1.74,Graduate
1,1,2,9773,1,1,159,1,Secondary,Basic,Low-skilled,Low-skilled,151.3,1,0,0,1,0,0,18,0,0,6,6,6,14,0,0,6,6,6,14.666666666666700,0,10.8,1.4,1.74,Graduate
1,39,1,171,1,1,147,1,Basic,Basic,Manual skilled,Low-skilled,133.3,0,0,0,0,0,0,32,0,0,0,0,0,0,0,0,0,0,0,0,0,16.2,0.3,-0.92,Not on time
1,43,1,9500,1,1,150,1,Basic,Basic,Low-skilled,Low-skilled,130.8,1,0,0,1,0,1,21,0,0,8,8,7,14.428571428571400,0,0,8,8,7,14.428571428571400,0,12.7,3.7,-1.7,Graduate
1,7,1,8014,0,3,140,1,Basic,Secondary,Low-skilled,Clerical/service,140,0,0,0,0,0,0,26,0,0,5,9,0,0,0,0,5,10,0,0,0,9.4,-0.8,-3.12,Not on time
1,42,1,9085,1,39,150,1,Secondary,Secondary,Clerical/service,Manual skilled,150,1,0,0,1,0,0,26,0,11,18,45,18,11.833333333333300,10,9,13,27,13,12.461538461538500,5,15.5,2.8,-4.06,Graduate
2,44,1,9991,0,39,130,1,Secondary,Basic,Clerical/service,Low-skilled,130,0,0,0,0,0,0,21,0,0,5,12,3,11.333333333333300,0,0,5,10,1,13,0,15.5,2.8,-4.06,Not on time
1,17,1,9773,1,1,120,1,Basic,Basic,Clerical/service,Clerical/service,125.3,0,0,0,1,0,0,18,0,0,6,9,6,12.5,0,0,6,9,6,13,0,7.6,2.6,0.32,Graduate
1,43,1,9070,1,39,130,1,Basic,Basic,Clerical/service,Low-skilled,124,1,0,0,1,0,1,21,0,4,12,12,12,13.333333333333300,0,5,12,12,11,12.545454545454500,0,15.5,2.8,-4.06,Graduate
1,1,1,9254,1,1,112,1,Basic,Basic,Low-skilled,Clerical/service,113.8,1,0,0,1,0,0,21,0,0,6,10,6,10.833333333333300,0,0,6,10,4,11,0,7.6,2.6,0.32,Not on time
1,17,1,9670,1,1,128,1,Basic,Basic,Manual skilled,Manual skilled,124.4,0,0,0,1,0,1,19,0,0,6,6,6,13,0,0,6,6,6,14,0,13.9,-0.3,0.79,Graduate
1,17,1,9147,1,1,114,1,Basic,Basic,Low-skilled,Manual skilled,107.7,0,0,0,1,0,0,19,0,0,5,7,2,10,0,0,5,11,2,14,0,10.8,1.4,1.74,Not on time
1,43,2,9238,1,1,118,1,Basic,Basic,Clerical/service,Clerical/service,110,0,0,0,1,0,1,19,0,0,6,8,6,11.428571428571400,0,0,6,11,5,11.2,0,10.8,1.4,1.74,Graduate
1,7,1,9500,1,3,130,1,Basic,Basic,Manual skilled,Manual skilled,130,1,0,0,1,0,0,27,0,0,8,8,8,12.8875,0,0,8,8,8,12.8875,0,9.4,-0.8,-3.12,Graduate
1,1,2,9500,1,1,145,1,Basic,Secondary,Low-skilled,Clerical/service,138.8,1,0,0,1,0,1,18,0,0,7,7,6,12.95,0,0,7,7,6,12.95,0,7.6,2.6,0.32,Graduate
1,1,2,9147,1,1,121,1,Basic,Basic,Low-skilled,Low-skilled,126.3,1,0,0,1,0,0,20,0,0,5,12,1,10,2,0,5,5,0,0,0,12.7,3.7,-1.7,Not on time
1,1,3,9500,1,1,114,1,Secondary,Secondary,Clerical/service,Clerical/service,114.5,1,0,0,1,0,1,19,0,0,7,7,7,13.094285714285700,0,0,8,8,8,12.55,0,12.4,0.5,1.79,Graduate
1,1,4,9670,1,1,127,1,Secondary,Secondary,Manual skilled,Manual skilled,116.5,1,0,0,1,0,0,20,0,0,6,7,0,0,0,0,6,6,0,0,0,16.2,0.3,-0.92,Not on time
1,17,2,9238,1,1,145,1,Basic,Basic,Manual skilled,Manual skilled,128.6,1,0,0,1,0,1,19,0,0,6,12,5,11.714285714285700,0,0,6,11,6,11,0,12.7,3.7,-1.7,Graduate
1,17,5,9238,1,1,130,1,Basic,Secondary,Clerical/service,Clerical/service,130,1,0,0,1,0,0,20,0,0,6,8,4,11.25,0,0,6,15,3,10,0,9.4,-0.8,-3.12,Not on time
1,1,1,171,1,1,150,1,Basic,Basic,Manual skilled,Other/unknown,134.6,0,0,0,1,0,0,20,0,0,0,0,0,0,0,0,0,0,0,0,0,15.5,2.8,-4.06,Not on time
1,1,1,9853,1,1,145,1,Basic,Basic,Low-skilled,Clerical/service,146.8,0,0,0,1,0,0,18,0,0,6,6,6,13.166666666666700,0,0,6,6,6,13.333333333333300,0,7.6,2.6,0.32,Graduate
1,1,1,9085,1,1,128,1,Basic,Secondary,Clerical/service,Clerical/service,135.7,1,0,0,1,0,0,20,0,0,5,7,4,12.75,0,0,5,5,5,13.4,0,10.8,1.4,1.74,Graduate
2,39,1,9991,0,1,140,1,Basic,Basic,Low-skilled,Low-skilled,120,0,0,0,0,0,0,38,0,0,5,6,5,10.6,0,0,5,9,2,11,0,12.7,3.7,-1.7,Not on time
4,39,1,8014,0,1,130,1,Basic,Basic,Low-skilled,Manual skilled,138,0,0,0,1,0,0,42,0,0,6,8,5,11.2,0,0,6,6,6,12,0,8.9,1.4,3.51,Graduate
1,39,1,9500,1,1,140,1,Basic,Basic,Low-skilled,Manual skilled,135.5,0,0,0,1,0,0,32,0,0,7,0,0,0,0,0,8,0,0,0,0,13.9,-0.3,0.79,Not on time
1,15,1,9773,1,1,120,26,Basic,Basic,Clerical/service,Clerical/service,120,1,0,0,1,0,0,22,1,0,6,6,6,13,0,0,6,6,6,13.666666666666700,0,12.4,0.5,1.79,Graduate
2,39,1,9991,0,1,147,1,Unknown,Unknown,Other/unknown,Other/unknown,111.7,1,0,0,1,0,0,28,0,0,5,10,0,0,0,0,5,5,0,0,0,7.6,2.6,0.32,Not on time
2,39,1,8014,0,9,133.1,1,Basic,Basic,Manual skilled,Other/unknown,100,1,0,0,1,0,0,37,0,0,6,0,0,0,0,0,6,0,0,0,0,9.4,-0.8,-3.12,Not on time
2,44,1,9003,1,39,160,1,Basic,Basic,Low-skilled,Clerical/service,160,0,0,0,1,0,0,43,0,0,6,8,6,14.166666666666700,0,0,6,9,6,15,0,15.5,2.8,-4.06,Graduate
6,39,1,8014,0,1,133.1,1,Basic,Secondary,Low-skilled,Manual skilled,114.8,0,0,0,1,0,1,41,0,0,6,10,5,12.833333333333300,0,0,6,6,6,12.333333333333300,0,13.9,-0.3,0.79,Graduate
4,39,1,8014,0,19,140,1,Basic,Basic,Low-skilled,High-skilled,131,0,0,0,1,0,1,29,0,0,6,11,4,11.75,0,0,6,9,5,10.4,0,10.8,1.4,1.74,Graduate
1,39,1,8014,0,1,133.1,1,Basic,Basic,Low-skilled,Low-skilled,97,0,0,0,1,0,1,35,0,0,6,8,6,10.833333333333300,0,0,6,7,6,11.5,0,10.8,1.4,1.74,Graduate
1,17,6,9238,1,1,131,1,Secondary,Higher,Clerical/service,High-skilled,131.7,1,0,0,1,0,0,18,0,0,6,8,4,11.75,0,0,6,8,4,12.25,0,9.4,-0.8,-3.12,Not on time
1,39,1,9500,1,19,133.1,1,Basic,Basic,Low-skilled,Manual skilled,120,0,0,0,0,0,1,39,0,0,7,14,3,11.5,0,0,7,9,2,10.5,0,16.2,0.3,-0.92,Not on time
4,39,1,9991,0,1,120,1,Basic,Basic,Low-skilled,Low-skilled,110,0,0,0,1,0,0,37,0,0,5,14,2,10,0,0,5,7,3,11.333333333333300,0,12.7,3.7,-1.7,Not on time
1,39,1,9500,1,1,130,1,Basic,Basic,Low-skilled,Manual skilled,133,1,0,0,1,0,1,26,0,0,7,7,6,13.7,0,0,7,7,6,13.7,0,7.6,2.6,0.32,Graduate
1,7,1,9085,1,3,140,1,Basic,Secondary,Clerical/service,Other/unknown,140,1,0,0,1,0,0,32,0,0,5,8,1,14,2,0,5,12,0,0,4,10.8,1.4,1.74,Not on time
2,39,1,8014,0,1,133.1,1,Basic,Basic,Manual skilled,Manual skilled,100,0,0,1,1,0,0,37,0,3,8,12,7,11.375,0,2,7,10,6,12.166666666666700,0,13.9,-0.3,0.79,Not on time
1,39,1,9085,1,1,140,1,Basic,Basic,Low-skilled,Manual skilled,129.3,1,0,1,1,0,0,28,0,0,6,17,0,0,0,0,6,6,0,0,0,8.9,1.4,3.51,Not on time
1,1,1,9238,1,1,133.1,1,Basic,Basic,Other/unknown,Other/unknown,137,1,0,0,1,0,0,19,0,0,6,10,0,0,4,0,6,0,0,0,0,7.6,2.6,0.32,Not on time
1,1,5,9147,1,1,125,1,Basic,Basic,Manual skilled,Manual skilled,122.2,1,0,0,1,0,0,18,0,0,5,9,1,11,0,0,5,9,2,12.5,0,7.6,2.6,0.32,Not on time
1,1,1,9853,1,1,115,1,Basic,Basic,Low-skilled,Low-skilled,108,0,0,0,1,0,1,19,0,0,7,10,6,13,0,0,7,7,7,13.285714285714300,0,12.4,0.5,1.79,Graduate
2,7,1,9670,1,3,110,1,Basic,Basic,Manual skilled,Manual skilled,110,0,0,0,1,0,0,32,0,4,11,15,8,13.6,0,2,8,10,8,15.11111111111110,0,13.9,-0.3,0.79,Graduate
2,39,1,9147,1,1,140,1,Basic,Basic,Low-skilled,Low-skilled,127.7,1,0,0,1,0,0,31,0,0,5,8,3,11,0,0,5,9,2,11.5,0,7.6,2.6,0.32,Not on time
1,39,1,9500,1,1,100,1,Higher,Secondary,High-skilled,Clerical/service,121.3,1,0,0,1,0,0,34,0,0,8,11,7,11.705714285714300,0,0,8,11,7,11.705714285714300,0,10.8,1.4,1.74,Not on time
1,1,3,171,1,1,145,1,Secondary,Secondary,High-skilled,High-skilled,140.1,1,0,0,1,0,0,20,0,6,12,12,12,13.25,0,4,11,14,11,14.333333333333300,0,8.9,1.4,3.51,Graduate
1,39,1,9500,1,19,133.1,1,Basic,Basic,Low-skilled,Low-skilled,114.8,0,0,0,1,0,0,28,0,0,7,15,1,10.75,0,0,7,10,1,10,0,13.9,-0.3,0.79,Not on time
1,44,1,9991,0,39,150,1,Basic,Basic,Manual skilled,Manual skilled,150,0,0,0,1,0,0,31,0,2,6,8,6,12,0,2,7,8,7,13.428571428571400,0,9.4,-0.8,-3.12,Not on time
1,1,1,9773,1,1,145,1,Basic,Basic,Clerical/service,Other/unknown,131.7,1,0,0,1,0,0,18,0,0,6,7,6,12.666666666666700,0,0,6,8,4,12.25,0,7.6,2.6,0.32,Not on time
4,39,1,8014,0,19,133.1,1,Basic,Basic,Other/unknown,Manual skilled,110,0,0,0,0,0,0,31,0,0,6,8,5,11.4,0,0,6,9,3,11,0,9.4,-0.8,-3.12,Not on time
1,1,3,9773,1,1,110,1,Basic,Basic,Clerical/service,Clerical/service,105.5,1,0,0,1,0,0,19,0,0,6,6,6,13,0,0,6,8,5,12.4,0,12.4,0.5,1.79,Graduate
1,1,1,9238,1,1,128,1,Basic,Basic,Low-skilled,Clerical/service,127.3,1,0,0,1,0,1,19,0,0,6,8,6,14,0,0,6,8,6,12.285714285714300,0,16.2,0.3,-0.92,Graduate
2,39,1,9238,1,19,133.1,1,Basic,Basic,Low-skilled,Low-skilled,130,1,0,0,1,0,0,31,0,0,6,11,0,0,0,0,5,10,0,0,0,9.4,-0.8,-3.12,Not on time
1,7,1,9085,1,3,130,1,Secondary,Basic,Low-skilled,Other/unknown,130,0,0,0,1,0,0,34,0,0,6,0,0,0,0,0,6,0,0,0,0,15.5,2.8,-4.06,Not on time
1,16,1,9556,1,1,137,1,Basic,Basic,Low-skilled,Manual skilled,122.7,1,0,0,1,0,1,18,0,0,7,7,7,15.285714285714300,0,0,8,8,8,16.075,0,12.4,0.5,1.79,Graduate
1,17,2,9254,1,1,123,1,Basic,Basic,Manual skilled,Manual skilled,113.9,1,0,0,1,0,0,18,0,0,6,6,6,13.166666666666700,0,0,6,6,6,12.666666666666700,0,11.1,0.6,2.02,Graduate
1,1,1,9147,1,1,156,1,Higher,Basic,High-skilled,High-skilled,151.1,0,0,1,1,1,0,19,0,0,5,7,5,13.6,0,0,5,11,5,12.833333333333300,5,16.2,0.3,-0.92,Graduate
1,17,2,9773,1,1,133.1,1,Higher,Higher,Other/unknown,High-skilled,125.8,1,0,0,0,1,1,22,0,0,4,8,0,0,0,0,4,8,0,0,0,7.6,2.6,0.32,Not on time
2,43,1,9670,1,1,100,1,Unknown,Unknown,Other/unknown,Other/unknown,128.2,0,0,0,1,1,0,32,0,6,10,12,10,11.4,0,4,9,9,4,11.5,0,7.6,2.6,0.32,Graduate
1,39,1,9147,1,1,140,1,Basic,Higher,Low-skilled,High-skilled,135.1,0,0,0,1,1,0,61,0,0,5,0,0,0,0,0,5,0,0,0,0,15.5,2.8,-4.06,Not on time
1,39,1,9991,0,1,130,1,Basic,Basic,Low-skilled,Low-skilled,120.2,1,0,0,1,1,0,30,0,0,5,7,5,11,0,0,5,5,5,11.6,0,7.6,2.6,0.32,Graduate
2,39,1,9991,0,1,133.1,1,Basic,Basic,Low-skilled,Low-skilled,132.8,0,0,1,0,1,0,45,0,0,5,9,0,0,0,0,5,11,0,0,0,12.4,0.5,1.79,Not on time
1,44,1,9003,1,39,140,1,Secondary,Basic,Clerical/service,Manual skilled,140,0,0,0,1,1,0,20,0,0,6,7,6,13.571428571428600,0,0,6,6,6,12.666666666666700,0,12.4,0.5,1.79,Graduate
1,18,5,9500,1,1,137,1,Basic,Secondary,High-skilled,Other/unknown,129.3,0,0,0,1,0,0,19,0,0,7,0,0,0,0,0,8,0,0,0,0,9.4,-0.8,-3.12,Not on time
1,42,1,9119,1,1,120,1,Higher,Secondary,High-skilled,Low-skilled,108.2,1,0,0,1,1,0,26,0,4,10,14,4,11.25,0,4,11,11,4,12,0,7.6,2.6,0.32,Not on time
1,17,4,9670,1,1,125,1,Secondary,Secondary,Clerical/service,Other/unknown,125.4,1,0,0,1,1,0,19,0,0,5,6,3,13.333333333333300,0,0,5,5,1,11,0,7.6,2.6,0.32,Not on time
1,17,1,9773,1,1,130,1,Basic,Basic,Low-skilled,Low-skilled,140.2,0,0,0,1,1,1,19,0,0,6,6,6,12,0,0,6,7,6,11.666666666666700,0,16.2,0.3,-0.92,Graduate
1,1,3,9773,1,1,115,1,Basic,Secondary,Low-skilled,Clerical/service,116.1,1,0,0,1,1,0,19,0,0,6,6,6,12.5,0,0,6,7,5,13,0,12.4,0.5,1.79,Graduate
1,1,1,9147,1,1,150,1,Secondary,Basic,Clerical/service,Clerical/service,137.8,1,0,0,1,1,1,19,0,0,5,6,5,13.2,0,0,5,6,5,12.666666666666700,0,16.2,0.3,-0.92,Graduate
1,1,3,9670,1,1,134,1,Secondary,Basic,Other/unknown,Other/unknown,128.4,1,0,0,0,1,0,19,0,0,5,5,0,0,0,0,4,4,0,0,0,7.6,2.6,0.32,Not on time
1,39,1,9670,1,1,120,1,Unknown,Unknown,Other/unknown,Other/unknown,106,1,0,0,0,1,0,28,0,0,5,7,3,11.666666666666700,0,0,5,8,2,11.5,1,7.6,2.6,0.32,Not on time
1,43,1,9147,1,1,141,1,Basic,Basic,Low-skilled,Low-skilled,130.2,0,0,0,1,1,0,24,0,10,15,16,15,13.466666666666700,1,10,14,14,14,13.642857142857100,0,9.4,-0.8,-3.12,Graduate
1,1,1,9130,1,1,133,1,Higher,Secondary,High-skilled,Clerical/service,126,0,0,0,1,1,0,18,0,0,5,7,3,13.666666666666700,0,0,5,5,5,13.2,0,7.6,2.6,0.32,Graduate
1,1,2,9119,1,1,149,1,Basic,Basic,Clerical/service,Clerical/service,141,0,0,0,1,1,0,18,0,0,5,9,2,11.666666666666700,0,0,5,9,2,12.5,2,7.6,2.6,0.32,Not on time
1,1,1,9773,1,1,121,1,Secondary,Higher,High-skilled,Manual skilled,113,1,0,0,1,1,1,18,0,0,6,7,6,11.666666666666700,0,0,6,12,5,10.2,0,12.4,0.5,1.79,Graduate
1,44,1,9003,1,39,120,1,Higher,Secondary,High-skilled,Manual skilled,120,0,0,0,1,1,0,21,0,0,6,9,5,13.4,0,0,6,9,5,12.4,0,8.9,1.4,3.51,Graduate
2,39,1,9991,0,1,148,1,Basic,Basic,Low-skilled,Clerical/service,130.9,0,0,0,0,1,0,28,0,0,5,5,0,0,0,0,5,6,0,0,0,12.4,0.5,1.79,Not on time
1,39,1,9003,1,12,133.1,1,Basic,Basic,Low-skilled,Other/unknown,120,0,0,0,1,1,0,58,0,0,6,9,0,0,0,0,6,6,0,0,0,13.9,-0.3,0.79,Not on time
2,39,1,9991,0,1,135,1,Unknown,Unknown,Other/unknown,Other/unknown,134.1,1,0,0,0,1,0,49,0,0,5,5,0,0,0,0,5,5,0,0,0,7.6,2.6,0.32,Not on time
1,39,1,9119,1,1,150,1,Secondary,Basic,High-skilled,Clerical/service,120,0,0,0,1,1,0,24,0,0,5,6,3,10.666666666666700,0,0,5,9,2,10.5,0,15.5,2.8,-4.06,Not on time
1,43,1,9670,1,1,130,1,Unknown,Unknown,Other/unknown,Other/unknown,114.8,0,0,0,1,1,0,25,0,0,5,5,4,13.75,0,0,5,5,4,14.75,0,7.6,2.6,0.32,Graduate
4,42,1,9147,1,1,133.1,1,Basic,Basic,Manual skilled,High-skilled,123,1,0,0,1,1,0,33,0,0,5,5,1,10,0,0,5,5,0,0,0,7.6,2.6,0.32,Not on time
2,39,2,9119,1,19,133.1,1,Basic,Basic,Manual skilled,Manual skilled,118,0,0,0,0,1,0,33,0,0,5,11,0,0,0,0,5,5,0,0,0,9.4,-0.8,-3.12,Not on time
2,43,1,9853,1,1,110,1,Basic,Basic,Manual skilled,Manual skilled,100,0,0,0,1,1,0,40,0,0,2,4,1,16,0,0,4,5,4,15.5,0,13.9,-0.3,0.79,Graduate
2,39,1,9991,0,1,170,1,Basic,Basic,Low-skilled,High-skilled,151.1,0,0,0,1,1,0,48,0,0,5,9,5,12.285714285714300,0,0,5,8,5,11.125,0,16.2,0.3,-0.92,Graduate
1,17,3,9119,1,1,120,1,Secondary,Basic,Low-skilled,High-skilled,116.9,1,0,1,0,1,0,18,0,0,5,10,3,12,0,0,5,8,3,10.333333333333300,0,8.9,1.4,3.51,Not on time
1,39,1,9500,1,19,133.1,1,Basic,Basic,Low-skilled,Manual skilled,106,1,0,0,1,1,0,24,0,0,7,7,6,12.666666666666700,1,0,7,7,6,12.666666666666700,1,7.6,2.6,0.32,Graduate
2,1,1,9085,1,1,139,1,Basic,Basic,Low-skilled,Clerical/service,127.1,0,0,0,1,1,1,23,0,0,5,6,5,11.8,0,0,5,7,4,13.25,1,10.8,1.4,1.74,Graduate
1,39,1,9991,0,19,133.1,1,Basic,Basic,Manual skilled,Clerical/service,155.5,1,0,1,0,1,0,39,0,0,5,6,5,10.6,0,0,5,7,5,14.666666666666700,0,10.8,1.4,1.74,Not on time
1,18,1,9003,1,1,133.1,1,Secondary,Basic,Low-skilled,Manual skilled,101,0,0,0,1,1,0,21,0,5,11,16,9,11.9,0,3,9,14,8,12.25,0,15.5,2.8,-4.06,Graduate
1,42,1,9119,1,6,120,1,Basic,Basic,Manual skilled,Manual skilled,128.2,1,0,0,1,1,0,34,0,4,6,8,4,11.25,0,1,5,8,2,10.5,0,7.6,2.6,0.32,Not on time
2,39,1,9991,0,1,100,1,Basic,Basic,Clerical/service,Clerical/service,113,0,0,0,1,1,1,41,0,0,5,9,4,11,0,0,5,6,5,11.4,0,8.9,1.4,3.51,Not on time
1,1,1,9773,1,1,134,1,Secondary,Basic,Clerical/service,Clerical/service,122.8,0,0,0,1,1,0,18,0,0,6,6,6,12,0,0,6,6,6,12.5,0,12.7,3.7,-1.7,Graduate
2,39,1,9991,0,1,130,1,Basic,Basic,Low-skilled,High-skilled,145.6,0,0,0,1,1,0,34,0,0,5,10,4,11.75,0,0,5,10,4,10.833333333333300,0,13.9,-0.3,0.79,Not on time
1,1,1,9147,1,1,128,1,Secondary,Secondary,High-skilled,Other/unknown,116.5,0,0,0,1,1,0,19,0,0,5,8,2,10,0,0,5,8,1,16,0,7.6,2.6,0.32,Not on time
1,1,1,9500,1,1,154,1,Basic,Basic,High-skilled,High-skilled,142,0,0,0,1,1,0,19,0,0,8,8,7,13.714285714285700,0,0,8,8,7,13.714285714285700,0,12.7,3.7,-1.7,Graduate
1,7,1,9003,1,4,150,1,Secondary,Secondary,Clerical/service,Manual skilled,150,0,0,0,1,1,0,28,0,0,6,14,6,14.875,0,0,6,12,6,15.8,0,16.2,0.3,-0.92,Graduate
1,17,1,9070,1,1,134,1,Secondary,Secondary,Clerical/service,Other/unknown,133.3,1,0,0,1,1,0,18,0,0,6,7,5,10.8,1,0,6,6,0,0,0,7.6,2.6,0.32,Not on time
1,1,1,9238,1,1,127,1,Higher,Higher,High-skilled,Clerical/service,115.8,1,0,0,1,1,0,19,0,0,6,11,3,12,0,0,6,12,2,10,0,11.1,0.6,2.02,Not on time
1,17,2,9085,1,1,133.1,1,Basic,Basic,Low-skilled,High-skilled,100,1,0,1,0,1,0,19,0,0,6,10,5,12.5,0,0,6,19,2,13.5,0,12.4,0.5,1.79,Not on time
1,17,1,9500,1,1,130,1,Secondary,Higher,Low-skilled,High-skilled,128.6,1,0,0,1,0,0,18,0,0,7,7,7,14.728571428571400,0,0,8,11,8,16.327272727272700,0,16.2,0.3,-0.92,Graduate
1,1,1,9130,1,1,135,1,Higher,Higher,High-skilled,High-skilled,137.1,1,0,0,1,0,0,18,0,0,6,8,6,12,0,0,6,8,5,14.8,0,12.4,0.5,1.79,Graduate
1,1,1,9773,1,1,143,1,Secondary,Higher,High-skilled,High-skilled,149,1,0,0,1,0,0,18,0,0,6,8,6,11.428571428571400,0,0,6,7,6,11,0,11.1,0.6,2.02,Not on time
1,44,2,9238,1,39,150,1,Higher,Basic,Clerical/service,Low-skilled,147,1,0,0,1,0,0,19,0,3,6,6,6,14.166666666666700,0,2,6,6,6,13.5,0,12.4,0.5,1.79,Graduate
2,7,1,9238,1,3,150,1,Basic,Basic,Low-skilled,Low-skilled,150,0,0,0,1,0,0,31,0,1,6,12,5,12.5,0,0,6,10,5,14.6,0,12.7,3.7,-1.7,Graduate
1,39,1,8014,0,1,130,1,Basic,Basic,Low-skilled,Manual skilled,103.5,0,0,0,1,0,1,33,0,0,6,6,6,14.166666666666700,0,0,6,6,6,14.333333333333300,0,12.7,3.7,-1.7,Graduate
1,1,3,9500,1,1,113,1,Higher,Secondary,High-skilled,High-skilled,107.8,1,0,0,1,0,1,20,0,0,7,10,5,14.46,0,0,7,8,6,13.55,0,12.4,0.5,1.79,Not on time
1,44,1,9085,1,39,130,6,Basic,Secondary,Manual skilled,Clerical/service,130,1,0,0,1,0,0,22,1,0,6,12,5,12.8,0,0,6,19,2,11.5,0,12.4,0.5,1.79,Not on time
1,17,1,9254,1,1,115,1,Secondary,Basic,High-skilled,High-skilled,109.4,1,0,0,1,0,0,19,0,0,6,8,6,12.666666666666700,0,0,6,8,5,13.4,0,11.1,0.6,2.02,Graduate
1,1,3,9070,1,1,146,1,Unknown,Unknown,Other/unknown,Other/unknown,143.6,1,0,0,1,0,0,18,0,0,6,6,6,12.5,0,0,6,6,6,13,0,7.6,2.6,0.32,Not on time
1,17,3,9070,1,1,132,1,Basic,Secondary,Clerical/service,Clerical/service,124.3,0,1,0,1,0,0,18,0,0,6,0,0,0,0,0,6,0,0,0,0,15.5,2.8,-4.06,Not on time
1,1,5,9670,1,1,116,1,Basic,Basic,Low-skilled,Low-skilled,119.5,1,0,0,0,0,0,18,0,0,6,0,0,0,0,0,6,0,0,0,0,8.9,1.4,3.51,Not on time
1,1,1,171,1,1,163,1,Higher,Higher,High-skilled,Clerical/service,175.6,1,0,0,1,0,0,18,0,0,0,0,0,0,0,0,0,0,0,0,0,11.1,0.6,2.02,Graduate
1,17,2,9147,1,1,122,1,Basic,Basic,Manual skilled,Manual skilled,116.1,1,0,0,1,0,1,19,0,0,5,8,5,11.2,0,0,5,5,3,11,0,12.4,0.5,1.79,Graduate
1,17,2,9238,1,1,136,1,Secondary,Higher,High-skilled,Clerical/service,126.6,1,0,0,1,0,0,18,0,0,6,6,6,16.5,0,0,6,7,6,17.428571428571400,0,11.1,0.6,2.02,Not on time
1,17,1,9085,1,1,142,1,Higher,Basic,Clerical/service,Clerical/service,130.8,1,0,0,1,0,0,18,0,0,5,9,3,13.666666666666700,1,0,5,5,5,12,0,12.7,3.7,-1.7,Graduate
1,17,6,9500,1,1,139,1,Basic,Basic,Low-skilled,Manual skilled,133.5,1,0,0,1,0,1,18,0,0,8,8,7,15.228571428571400,0,0,8,8,7,15.228571428571400,0,12.7,3.7,-1.7,Graduate
1,53,1,9238,1,42,140,1,Basic,Basic,Low-skilled,Other/unknown,136.9,1,0,0,1,0,0,21,0,5,9,10,9,12.77777777777780,0,4,9,9,9,13.22222222222220,0,8.9,1.4,3.51,Graduate
1,1,1,9500,1,1,165,1,Basic,Basic,Clerical/service,Clerical/service,142.3,0,0,0,1,0,1,18,0,0,8,8,7,14.428571428571400,0,0,8,8,7,14.428571428571400,0,12.7,3.7,-1.7,Graduate
1,17,3,9670,1,1,122,1,Secondary,Basic,High-skilled,High-skilled,114.3,1,0,0,1,0,0,18,0,0,6,8,6,13.875,0,0,6,7,6,13.714285714285700,0,11.1,0.6,2.02,Graduate
1,1,2,9500,1,1,135,1,Basic,Basic,Low-skilled,Other/unknown,122.9,1,0,0,1,0,0,18,0,0,7,10,7,13.128,0,0,8,13,6,13.193333333333300,0,15.5,2.8,-4.06,Graduate
1,17,1,9500,1,1,128,1,Basic,Secondary,Clerical/service,High-skilled,117.2,1,0,0,1,0,0,20,0,0,7,9,6,11.605,0,0,8,10,7,12.4125,0,16.2,0.3,-0.92,Graduate
1,17,1,9147,1,1,139,1,Secondary,Basic,Clerical/service,Clerical/service,152,0,0,0,1,0,1,18,0,0,5,5,5,14.6,0,0,5,8,5,12,0,12.7,3.7,-1.7,Graduate
1,1,2,9773,1,1,125,1,Basic,Secondary,Clerical/service,Clerical/service,122.2,1,0,0,1,0,0,18,0,0,6,0,0,0,0,0,6,0,0,0,0,11.1,0.6,2.02,Not on time
1,18,2,9147,1,1,102,1,Basic,Basic,Low-skilled,Clerical/service,101.7,1,0,0,1,0,1,20,0,0,5,6,5,11.8,0,0,5,6,5,11.6,0,8.9,1.4,3.51,Graduate
1,17,1,9254,1,1,116,1,Basic,Basic,Low-skilled,Manual skilled,119.9,1,0,0,1,0,0,20,0,0,6,6,6,12.333333333333300,0,0,6,6,6,12.333333333333300,0,12.4,0.5,1.79,Graduate
1,17,1,9147,1,1,138,1,Basic,Secondary,Low-skilled,Low-skilled,123.7,1,0,1,1,0,1,19,0,0,5,5,4,11,0,0,5,5,0,0,0,11.1,0.6,2.02,Not on time
1,51,1,9070,1,1,135,1,Higher,Secondary,High-skilled,Clerical/service,121.8,0,0,0,1,0,1,19,0,5,11,11,11,13.181818181818200,0,5,11,11,11,12.909090909090900,0,11.1,0.6,2.02,Graduate
1,17,4,9670,1,1,110,1,Basic,Basic,Low-skilled,Other/unknown,106.1,1,1,1,0,0,1,18,0,0,6,6,1,11,0,0,6,0,0,0,0,12.7,3.7,-1.7,Not on time
1,17,3,9773,1,1,132,1,Secondary,Secondary,Clerical/service,Low-skilled,124.3,1,0,1,1,0,1,19,0,0,6,6,6,11.833333333333300,0,0,6,7,6,12.285714285714300,0,15.5,2.8,-4.06,Graduate
1,1,2,9500,1,1,126,1,Secondary,Basic,Clerical/service,Manual skilled,124.3,1,0,0,1,0,1,20,0,0,8,8,8,12.98125,0,0,8,8,8,12.98125,0,9.4,-0.8,-3.12,Graduate
1,44,1,9147,1,39,117.4,1,Basic,Secondary,Clerical/service,Low-skilled,117.4,1,0,0,1,0,0,21,0,4,7,10,6,11.333333333333300,0,1,5,6,5,11.2,0,11.1,0.6,2.02,Graduate
1,43,2,9500,1,1,120,1,Higher,Higher,High-skilled,High-skilled,112.7,0,0,0,1,0,0,21,0,0,8,12,6,11.68,0,0,8,12,6,11.68,0,10.8,1.4,1.74,Graduate
1,17,1,9070,1,1,116,1,Basic,Basic,Low-skilled,Low-skilled,123.7,0,0,0,1,0,0,20,0,0,6,6,6,14.5,0,0,6,7,6,13.5,0,11.1,0.6,2.02,Graduate
1,18,2,9853,1,1,111,1,Basic,Basic,Low-skilled,Manual skilled,105.8,1,0,0,1,0,0,19,0,0,7,7,7,13.142857142857100,0,0,7,8,7,12.857142857142900,0,8.9,1.4,3.51,Graduate
1,17,3,9085,1,1,128,1,Secondary,Basic,Clerical/service,Other/unknown,124.2,0,0,0,0,0,0,21,0,0,5,8,2,11.5,0,0,5,7,2,10.5,0,7.6,2.6,0.32,Not on time
1,1,1,9085,1,1,123,1,Basic,Basic,Clerical/service,Other/unknown,122.3,0,0,0,1,0,0,18,0,0,5,6,5,14.2,0,0,5,7,5,11.8,0,7.6,2.6,0.32,Graduate
1,1,5,9254,1,1,131,1,Basic,Basic,Low-skilled,Low-skilled,123.7,0,0,0,1,0,1,19,0,0,6,8,5,11.666666666666700,0,0,6,7,5,12.2,0,8.9,1.4,3.51,Graduate
1,17,2,9500,1,1,135,1,Basic,Basic,Low-skilled,Clerical/service,129.8,1,0,0,1,0,0,18,0,0,7,8,7,13.175,0,0,8,8,8,14.875,0,13.9,-0.3,0.79,Graduate
1,1,4,9500,1,1,136,1,Secondary,Secondary,Low-skilled,Low-skilled,123.8,1,0,0,1,0,1,19,0,0,8,8,7,13.314285714285700,0,0,8,8,7,13.314285714285700,0,12.7,3.7,-1.7,Graduate
1,1,2,9147,1,1,132,1,Secondary,Basic,Clerical/service,High-skilled,126.4,1,0,0,1,0,1,18,0,0,5,13,3,10.6,0,0,5,12,3,10.5,0,13.9,-0.3,0.79,Graduate
1,1,1,9853,1,1,120,1,Basic,Basic,Clerical/service,Manual skilled,115.1,0,0,0,1,0,1,18,0,0,6,11,4,12,0,0,6,8,4,10.75,0,15.5,2.8,-4.06,Not on time
1,1,1,9773,1,1,144,1,Basic,Basic,Manual skilled,Manual skilled,138.4,0,0,0,1,0,0,18,0,0,6,7,6,13.428571428571400,0,0,6,7,6,14.142857142857100,0,13.9,-0.3,0.79,Graduate
1,17,1,9085,1,1,129,1,Secondary,Basic,Low-skilled,Low-skilled,118.2,1,0,0,1,0,1,18,0,0,5,7,4,13.25,0,0,5,8,5,15.571428571428600,0,10.8,1.4,1.74,Graduate
1,17,1,9070,1,1,136,1,Basic,Basic,Manual skilled,Manual skilled,121.7,1,0,0,1,0,0,18,0,0,6,6,2,13,0,0,6,6,0,0,0,12.4,0.5,1.79,Not on time
1,1,3,9070,1,1,125,1,Secondary,Basic,Low-skilled,Manual skilled,118,0,0,0,1,0,1,18,0,0,6,6,6,14.333333333333300,0,0,6,7,6,14,0,11.1,0.6,2.02,Not on time
1,17,1,9238,1,1,125,1,Secondary,Basic,Low-skilled,Manual skilled,119.8,0,0,0,1,0,0,18,0,0,6,0,0,0,0,0,6,0,0,0,0,11.1,0.6,2.02,Not on time
1,1,1,9238,1,1,154,1,Secondary,Higher,Clerical/service,High-skilled,164.9,0,0,0,1,0,0,18,0,0,6,6,6,14,0,0,6,6,6,13.166666666666700,0,10.8,1.4,1.74,Graduate
1,42,1,9085,1,1,100,1,Secondary,Basic,Clerical/service,Low-skilled,100,1,0,0,1,0,1,20,0,1,2,2,2,12,0,1,6,11,6,12.833333333333300,0,13.9,-0.3,0.79,Graduate
1,1,1,9853,1,1,124,1,Higher,Secondary,High-skilled,Clerical/service,121.6,0,0,0,1,0,0,18,0,0,6,9,5,12.333333333333300,0,0,6,10,5,10.6,0,15.5,2.8,-4.06,Not on time
1,17,4,9070,1,1,126,1,Secondary,Basic,Clerical/service,Clerical/service,120.4,1,0,0,1,0,0,18,0,0,6,8,5,11.8,0,0,6,7,5,10.4,1,16.2,0.3,-0.92,Graduate
1,18,6,9500,1,1,124,1,Basic,Basic,Low-skilled,Manual skilled,117.8,0,0,0,1,0,1,20,0,0,8,8,7,12.791428571428600,1,0,8,8,7,12.791428571428600,1,10.8,1.4,1.74,Graduate
4,43,1,9670,1,1,150,1,Basic,Basic,Low-skilled,Manual skilled,110,0,0,0,1,0,0,40,0,4,8,8,8,11.625,0,3,7,12,5,11.2,0,9.4,-0.8,-3.12,Graduate
1,1,6,9500,1,1,133,1,Basic,Basic,Low-skilled,Low-skilled,128.8,1,0,0,1,0,1,18,0,0,7,11,6,11.994444444444400,0,0,8,11,7,12.43142857142860,0,15.5,2.8,-4.06,Graduate
1,1,5,9254,1,1,126,1,Basic,Basic,Clerical/service,Manual skilled,116.6,1,0,0,1,0,0,19,0,0,6,9,5,11.6,0,0,6,12,5,12.2,0,13.9,-0.3,0.79,Graduate
1,7,1,9991,0,40,120,1,Secondary,Basic,Clerical/service,Low-skilled,120,0,0,0,1,0,0,24,0,0,5,5,0,0,0,0,5,6,0,0,0,12.4,0.5,1.79,Not on time
1,1,3,9773,1,1,175,1,Higher,Basic,High-skilled,Other/unknown,157.5,1,0,0,1,0,0,19,0,0,6,8,6,13.166666666666700,0,0,6,7,6,13.166666666666700,0,10.8,1.4,1.74,Not on time
1,1,6,9500,1,1,141,1,Higher,Secondary,Clerical/service,Clerical/service,136.3,1,0,0,1,0,0,19,0,0,8,8,7,14.1,0,0,8,8,7,14.1,0,10.8,1.4,1.74,Graduate
1,1,1,9500,1,1,133,1,Secondary,Basic,Low-skilled,Manual skilled,121.5,1,0,0,1,0,1,20,0,0,7,8,6,12.396666666666700,0,0,8,9,7,12.94285714285710,0,11.1,0.6,2.02,Graduate
1,1,1,9500,1,1,143,1,Basic,Basic,Clerical/service,Clerical/service,133.9,0,0,0,1,0,0,18,0,0,7,7,7,15.014285714285700,0,0,8,8,8,16.0875,0,12.4,0.5,1.79,Graduate
1,1,1,171,1,1,141,1,Secondary,Basic,Clerical/service,Manual skilled,136.8,1,0,0,1,0,1,18,0,0,0,0,0,0,0,0,0,0,0,0,0,13.9,-0.3,0.79,Graduate
1,17,2,9500,1,1,134,1,Basic,Basic,Clerical/service,Manual skilled,133.5,1,0,0,1,0,0,19,0,0,7,8,7,14.05,0,0,8,8,8,15.1,0,13.9,-0.3,0.79,Graduate
1,17,3,9500,1,1,138,1,Higher,Higher,Clerical/service,Clerical/service,130,1,0,0,1,0,0,18,0,0,7,8,7,14.85,0,0,8,8,8,15.2,0,13.9,-0.3,0.79,Not on time
1,44,1,9085,1,39,140,1,Higher,Higher,High-skilled,High-skilled,140,1,0,0,1,0,0,19,0,0,6,10,6,13,0,0,6,19,5,13,0,12.4,0.5,1.79,Graduate
1,1,2,9500,1,1,142,1,Basic,Basic,Low-skilled,Manual skilled,132.7,1,0,0,1,0,1,19,0,0,7,8,7,14.7875,0,0,8,8,8,15.8625,0,13.9,-0.3,0.79,Graduate
1,1,1,9500,1,1,118,1,Basic,Basic,Clerical/service,Manual skilled,117.8,0,0,0,1,0,1,19,0,0,7,7,7,13.7,0,0,8,9,7,14.671428571428600,0,12.4,0.5,1.79,Graduate
1,1,2,9500,1,1,131,1,Secondary,Basic,Clerical/service,Clerical/service,126.1,1,0,0,1,0,1,19,0,0,7,7,7,12.495714285714300,0,0,8,9,7,12.242857142857100,0,11.1,0.6,2.02,Not on time
1,1,1,9500,1,1,130,1,Secondary,Basic,High-skilled,Manual skilled,120,0,0,0,1,0,0,19,0,0,7,7,6,14.566666666666700,0,0,7,7,6,14.566666666666700,0,7.6,2.6,0.32,Graduate
1,39,1,9670,1,12,133.1,1,Secondary,Basic,High-skilled,Clerical/service,100,1,0,1,0,0,0,25,0,0,5,5,5,11.2,0,0,5,5,4,11.25,0,9.4,-0.8,-3.12,Not on time
1,1,1,9500,1,1,130,1,Basic,Basic,Clerical/service,Other/unknown,116.8,0,0,0,1,0,0,20,0,0,8,8,7,12.685714285714300,0,0,8,8,7,12.685714285714300,0,12.7,3.7,-1.7,Graduate
1,53,1,9238,1,42,130,1,Secondary,Basic,Clerical/service,Clerical/service,128.3,0,0,1,0,0,0,23,0,5,9,12,7,13.571428571428600,0,4,9,14,4,13.25,0,8.9,1.4,3.51,Not on time
1,1,1,9070,1,1,133.1,1,Basic,Basic,Manual skilled,Manual skilled,117,0,0,0,1,0,0,20,0,0,6,0,0,0,0,0,6,0,0,0,0,15.5,2.8,-4.06,Not on time
1,39,1,8014,0,1,130,1,Basic,Basic,Low-skilled,Other/unknown,131.5,0,0,0,1,0,0,27,0,0,6,8,5,11,0,0,6,7,6,11.166666666666700,0,11.1,0.6,2.02,Graduate
1,1,1,9500,1,1,149,1,Basic,Secondary,Clerical/service,Clerical/service,134.8,0,0,0,1,0,0,18,0,0,8,8,8,14.445,0,0,8,8,8,14.445,0,9.4,-0.8,-3.12,Graduate
1,1,1,9853,1,1,163,1,Basic,Secondary,Clerical/service,Other/unknown,146.6,1,0,1,1,0,0,18,0,0,6,9,5,13.6,0,0,6,10,4,11.75,0,9.4,-0.8,-3.12,Not on time
1,7,1,8014,0,40,130,1,Basic,Secondary,Clerical/service,Other/unknown,130,1,0,1,0,0,0,23,0,7,12,12,11,14,0,4,10,11,8,14.625,0,13.9,-0.3,0.79,Not on time
1,1,6,9500,1,1,145,1,Basic,Basic,Clerical/service,Manual skilled,127.5,1,0,0,1,0,1,19,0,0,7,7,6,13.416666666666700,0,0,7,7,6,13.416666666666700,0,7.6,2.6,0.32,Graduate
1,1,1,9147,1,1,130,1,Basic,Basic,High-skilled,High-skilled,123,0,0,0,1,0,0,18,0,0,5,8,5,12.333333333333300,2,0,5,7,5,11.4,0,15.5,2.8,-4.06,Graduate
1,43,1,9500,1,1,128,1,Secondary,Basic,Low-skilled,Manual skilled,100,1,0,0,1,0,0,20,0,0,7,8,7,13.1,0,0,8,8,8,14.8125,0,13.9,-0.3,0.79,Graduate
1,1,2,9670,1,1,111,1,Basic,Basic,Low-skilled,Low-skilled,114.2,1,0,0,1,0,0,18,0,0,6,9,4,13.2,0,0,6,10,5,12.8,0,12.4,0.5,1.79,Graduate
1,1,1,9500,1,1,140,1,Secondary,Secondary,Clerical/service,Clerical/service,123.5,1,0,0,1,0,1,19,0,0,8,8,8,14.75,0,0,8,8,8,14.75,0,9.4,-0.8,-3.12,Graduate
1,44,1,9238,1,39,140,1,Basic,Basic,Manual skilled,Manual skilled,144.3,1,0,0,1,0,1,19,0,3,6,7,6,13.142857142857100,0,2,6,6,6,14.333333333333300,0,12.4,0.5,1.79,Graduate
1,1,1,9853,1,1,145,1,Basic,Basic,Clerical/service,Clerical/service,142.2,0,0,0,1,0,0,19,0,0,6,9,4,12.5,0,0,6,9,5,12.5,0,9.4,-0.8,-3.12,Not on time
1,1,1,9085,1,1,151,1,Higher,Higher,High-skilled,Other/unknown,161.9,0,0,0,1,0,0,18,0,0,5,6,4,13.75,0,0,5,8,5,14.857142857142900,0,7.6,2.6,0.32,Graduate
1,1,1,9238,1,1,132,1,Basic,Basic,Low-skilled,Clerical/service,135.9,0,0,0,1,0,0,18,0,0,6,11,5,12.4,0,0,6,7,6,13,0,9.4,-0.8,-3.12,Graduate
1,1,2,9773,1,1,116,1,Basic,Basic,Clerical/service,Manual skilled,110.1,1,0,0,1,0,0,18,0,0,6,6,6,13.333333333333300,0,0,6,6,6,12,0,11.1,0.6,2.02,Graduate
1,2,1,9853,1,1,120,1,Basic,Basic,Low-skilled,Low-skilled,122.5,0,0,0,0,0,0,28,0,11,11,11,11,11.727272727272700,0,8,8,8,8,12,0,15.5,2.8,-4.06,Not on time
1,17,1,9254,1,1,158,1,Basic,Basic,Clerical/service,Low-skilled,138.1,1,0,0,1,0,0,19,0,0,6,8,4,12.5,0,0,6,11,1,14,0,7.6,2.6,0.32,Not on time
1,43,1,171,1,1,116,1,Higher,Secondary,High-skilled,High-skilled,117.3,1,0,1,1,0,0,20,0,0,0,0,0,0,0,0,0,0,0,0,0,13.9,-0.3,0.79,Not on time
1,1,2,9500,1,1,112,1,Secondary,Basic,Clerical/service,Low-skilled,106.8,1,0,0,1,0,1,19,0,0,7,8,6,13.533333333333300,0,0,8,9,7,13.614285714285700,0,12.4,0.5,1.79,Graduate
1,1,1,9070,1,1,126,1,Secondary,Basic,Clerical/service,Other/unknown,120.1,0,1,0,1,0,1,20,0,0,6,6,6,13.166666666666700,0,0,6,6,6,12.666666666666700,0,11.1,0.6,2.02,Graduate
1,1,2,9254,1,1,120,1,Basic,Basic,Low-skilled,Low-skilled,116.5,1,0,0,1,0,1,19,0,0,6,9,5,13.2,0,0,6,8,5,11,0,12.4,0.5,1.79,Graduate
1,51,1,9070,1,1,117,1,Higher,Secondary,High-skilled,Other/unknown,120,1,0,0,1,0,0,21,0,0,6,7,5,12.2,0,0,6,7,4,12.6,0,8.9,1.4,3.51,Not on time
1,1,1,9853,1,1,153,1,Secondary,Basic,Low-skilled,Clerical/service,139.7,1,0,0,1,0,1,19,0,0,7,7,7,13.428571428571400,0,0,7,7,7,14.857142857142900,0,11.1,0.6,2.02,Graduate
1,1,2,9070,1,1,124,1,Basic,Secondary,Low-skilled,High-skilled,123.7,1,0,0,1,0,1,18,0,1,6,8,6,12.714285714285700,1,0,6,8,6,12.625,0,13.9,-0.3,0.79,Graduate
1,17,2,9130,1,1,127,1,Higher,Secondary,High-skilled,High-skilled,116.5,0,0,0,1,0,0,19,0,0,6,0,0,0,0,0,6,0,0,0,0,15.5,2.8,-4.06,Not on time
1,17,1,9670,1,1,126,1,Secondary,Basic,Low-skilled,Clerical/service,122.2,0,0,0,1,0,1,19,0,0,6,6,6,13.666666666666700,0,0,6,9,6,13.666666666666700,0,8.9,1.4,3.51,Graduate
1,1,1,9773,1,1,133.1,1,Basic,Basic,High-skilled,Other/unknown,146,0,0,1,1,0,0,20,0,0,6,6,5,11,0,0,6,6,6,13.166666666666700,0,16.2,0.3,-0.92,Graduate
1,17,2,9853,1,1,114,1,Secondary,Secondary,Clerical/service,Other/unknown,108.8,1,0,0,1,0,0,18,0,0,7,11,5,11.4,0,0,7,9,6,13.333333333333300,0,13.9,-0.3,0.79,Not on time
1,43,1,171,1,1,133,1,Basic,Basic,Clerical/service,Manual skilled,133,0,0,0,1,0,0,18,0,0,0,0,0,0,0,0,0,0,0,0,0,15.5,2.8,-4.06,Not on time
1,17,1,9130,1,1,130,1,Secondary,Secondary,Clerical/service,Clerical/service,123.8,0,0,0,1,0,0,18,0,0,5,7,4,12,0,0,5,6,5,12,0,7.6,2.6,0.32,Graduate
1,17,3,9773,1,1,127,1,Basic,Basic,Clerical/service,Manual skilled,120,0,0,0,1,0,0,18,0,0,6,6,0,0,0,0,6,0,0,0,0,8.9,1.4,3.51,Not on time
1,17,3,9238,1,1,143,1,Basic,Basic,Other/unknown,Manual skilled,126.9,1,0,0,1,0,0,18,0,0,6,14,5,11,0,0,6,6,6,11.666666666666700,0,7.6,2.6,0.32,Graduate
1,18,4,9773,1,1,130,1,Basic,Basic,Clerical/service,Clerical/service,121.3,1,0,0,1,0,0,20,0,0,6,12,5,12,0,0,6,8,6,11.571428571428600,0,15.5,2.8,-4.06,Not on time
1,17,3,9500,1,1,136,1,Basic,Secondary,Low-skilled,Low-skilled,129,1,0,0,1,0,1,19,0,0,7,7,7,13.308571428571400,0,0,8,10,8,12.55,0,12.4,0.5,1.79,Graduate
1,1,1,9853,1,1,125,1,Basic,Basic,Low-skilled,Low-skilled,114.9,1,0,1,0,0,0,21,0,0,6,8,3,13.666666666666700,0,0,6,7,3,10.666666666666700,0,15.5,2.8,-4.06,Not on time
1,17,1,9670,1,3,110,1,Secondary,Higher,Clerical/service,Manual skilled,106.5,1,0,1,0,0,0,20,0,0,6,6,0,0,0,0,6,9,0,0,0,10.8,1.4,1.74,Not on time
1,1,1,9254,1,1,130,1,Basic,Basic,Low-skilled,Low-skilled,133.9,1,0,0,1,0,0,18,0,0,6,10,5,12.2,0,0,6,8,4,11.25,0,9.4,-0.8,-3.12,Graduate
1,1,1,9773,1,1,135,1,Secondary,Higher,Clerical/service,High-skilled,124.9,0,0,0,1,0,1,20,0,0,6,7,6,12.666666666666700,0,0,6,6,6,12.833333333333300,0,10.8,1.4,1.74,Graduate
1,1,2,9500,1,1,133,1,Basic,Basic,High-skilled,Low-skilled,128.5,1,0,0,1,0,1,19,0,0,8,8,8,14.07125,0,0,8,8,8,14.07125,0,9.4,-0.8,-3.12,Graduate
1,1,1,9085,1,6,122,1,Basic,Basic,Low-skilled,Low-skilled,126.2,1,0,0,1,0,0,22,0,0,5,14,4,14.25,3,0,5,9,5,13.2,4,9.4,-0.8,-3.12,Not on time
1,17,1,9130,1,1,122,1,Basic,Basic,Low-skilled,Low-skilled,121.7,1,0,0,0,0,0,22,0,0,6,0,0,0,0,0,2,2,0,0,2,9.4,-0.8,-3.12,Not on time
1,1,2,9853,1,1,121,1,Basic,Basic,Manual skilled,Clerical/service,120,1,0,0,1,0,0,18,0,0,6,10,3,12,0,0,6,8,4,10.25,0,10.8,1.4,1.74,Not on time
1,43,1,9147,1,1,123,1,Higher,Basic,Low-skilled,Low-skilled,113.2,0,0,0,1,0,0,21,0,3,10,18,6,11.166666666666700,2,4,10,16,7,10.571428571428600,0,7.6,2.6,0.32,Not on time
1,1,1,9238,1,1,128,1,Basic,Basic,Other/unknown,Clerical/service,120.3,1,0,0,1,0,0,19,0,0,6,12,2,13,0,0,6,8,5,11.6,0,7.6,2.6,0.32,Graduate
1,1,4,171,1,1,139,1,Basic,Basic,Low-skilled,Low-skilled,127.8,1,0,0,1,0,0,19,0,0,0,0,0,0,0,0,0,0,0,0,0,10.8,1.4,1.74,Not on time
1,1,2,9500,1,1,124,1,Unknown,Unknown,Other/unknown,Other/unknown,123.3,1,0,0,1,0,1,20,0,0,8,8,7,14.901428571428600,1,0,8,8,7,14.901428571428600,1,9.4,-0.8,-3.12,Not on time
1,1,3,9500,1,1,135,1,Basic,Basic,Manual skilled,Manual skilled,126.3,1,0,1,1,0,1,18,0,0,7,8,7,12.65,0,0,8,9,8,12.445555555555600,0,15.5,2.8,-4.06,Graduate
1,51,1,9991,0,42,110,1,Basic,Basic,Clerical/service,Low-skilled,128.2,0,0,0,0,0,0,22,0,7,12,12,7,11,0,5,5,5,5,10.6,0,8.9,1.4,3.51,Not on time
1,17,4,9085,1,1,138,1,Basic,Basic,Other/unknown,Manual skilled,134.9,1,0,0,1,0,0,20,0,0,5,7,4,12.4,0,0,5,9,5,12.666666666666700,0,7.6,2.6,0.32,Graduate
1,44,1,9003,1,39,140,1,Basic,Basic,Manual skilled,Manual skilled,140,0,0,0,1,0,0,19,0,0,6,7,6,12,0,0,6,7,6,12.666666666666700,0,12.4,0.5,1.79,Graduate
1,1,5,9500,1,1,126,1,Secondary,Basic,Manual skilled,Manual skilled,115.5,1,0,0,1,0,1,19,0,0,7,8,7,12.135714285714300,0,0,8,10,7,13.328571428571400,0,12.4,0.5,1.79,Graduate
1,1,2,9500,1,1,113,1,Basic,Basic,Low-skilled,Manual skilled,106.7,1,0,0,1,0,1,20,0,0,7,10,5,12.62,0,0,7,8,6,12.5,0,11.1,0.6,2.02,Not on time
1,39,1,9991,0,1,120,1,Basic,Basic,High-skilled,High-skilled,140,0,0,0,1,0,0,25,0,0,5,11,3,10.666666666666700,0,0,5,11,3,11.333333333333300,0,15.5,2.8,-4.06,Not on time
1,1,1,9500,1,1,145,1,Basic,Basic,Low-skilled,Manual skilled,136.6,0,0,0,1,0,1,19,0,0,7,12,6,13.766666666666700,0,0,8,10,7,14.051428571428600,0,15.5,2.8,-4.06,Graduate
1,18,1,9500,1,1,124,1,Basic,Basic,Low-skilled,Manual skilled,119.3,1,0,0,1,0,0,19,0,0,8,8,8,13.11625,0,0,8,8,8,13.11625,0,9.4,-0.8,-3.12,Graduate
1,1,1,9070,1,1,160,1,Higher,Basic,High-skilled,Low-skilled,152,1,0,0,0,0,0,19,0,0,5,5,0,0,0,0,6,0,0,0,0,10.8,1.4,1.74,Not on time
1,1,1,9500,1,1,138,1,Basic,Basic,Low-skilled,Clerical/service,144.3,0,0,0,1,0,0,20,0,0,7,9,6,12.7,0,0,8,8,7,13.571428571428600,0,13.9,-0.3,0.79,Graduate
1,39,2,9556,1,1,130,1,Basic,Basic,Low-skilled,Low-skilled,159,1,0,0,1,0,0,25,0,0,7,11,7,11.857142857142900,0,0,8,21,5,11.7,0,12.4,0.5,1.79,Not on time
1,17,1,9500,1,1,127,1,Basic,Basic,Clerical/service,Low-skilled,129.5,1,0,0,1,0,1,20,0,0,7,7,6,12.333333333333300,0,0,7,7,6,12.333333333333300,0,7.6,2.6,0.32,Graduate
1,39,1,9238,1,1,170,1,Basic,Basic,Low-skilled,Low-skilled,140,1,0,0,1,0,0,24,0,0,6,9,4,15.75,0,0,6,10,5,16.4,0,9.4,-0.8,-3.12,Not on time
1,1,3,9670,1,1,111,1,Secondary,Secondary,Clerical/service,Clerical/service,105.4,0,0,0,1,0,0,20,0,0,5,6,5,13.333333333333300,0,0,5,6,5,13.2,0,7.6,2.6,0.32,Graduate
1,42,1,9500,1,1,100,1,Secondary,Basic,Clerical/service,Manual skilled,136,1,0,0,1,0,0,21,0,4,7,9,7,14.355555555555600,0,5,8,8,8,13.49375,0,15.5,2.8,-4.06,Graduate
1,44,1,9003,1,39,160,1,Basic,Basic,Low-skilled,Low-skilled,160,0,0,1,1,0,1,19,0,0,6,8,6,13,0,0,6,11,5,13,0,15.5,2.8,-4.06,Graduate
1,1,1,9773,1,1,152,1,Basic,Basic,Low-skilled,Low-skilled,139.1,0,0,0,1,0,1,19,0,0,6,6,6,12.833333333333300,0,0,6,6,6,13.5,0,16.2,0.3,-0.92,Graduate
1,1,2,9670,1,1,144,1,Basic,Basic,Low-skilled,Low-skilled,126.9,0,0,0,1,0,1,21,0,0,5,5,5,13.2,0,0,5,5,4,13,0,9.4,-0.8,-3.12,Graduate
1,39,1,9500,1,3,133.8,1,Higher,Basic,High-skilled,Other/unknown,184,0,0,0,1,0,0,28,0,0,7,9,7,17.005555555555600,0,1,8,9,8,16.582222222222200,0,15.5,2.8,-4.06,Graduate
1,1,1,9238,1,1,125,1,Basic,Basic,Low-skilled,Low-skilled,125,1,0,1,0,0,1,19,0,0,6,8,5,10.6,0,0,6,8,5,11,0,10.8,1.4,1.74,Graduate
1,1,1,9147,1,1,150,1,Basic,Basic,Low-skilled,Manual skilled,138.5,0,0,0,1,0,1,18,0,0,5,5,5,14,0,0,5,6,5,13.6,0,12.4,0.5,1.79,Graduate
5,17,5,9500,1,1,143,1,Basic,Basic,Clerical/service,Manual skilled,133.5,1,0,0,1,0,1,18,0,0,8,8,7,12.114285714285700,0,0,8,8,7,12.114285714285700,0,12.7,3.7,-1.7,Graduate
1,1,3,9500,1,1,145,1,Basic,Basic,Manual skilled,Manual skilled,141.5,1,0,0,1,0,1,18,0,0,8,8,8,13.05875,0,0,8,8,8,13.05875,0,9.4,-0.8,-3.12,Graduate
1,42,1,9500,1,1,120,1,Secondary,Higher,Low-skilled,High-skilled,130,1,0,0,1,0,0,22,0,4,8,8,7,13.285714285714300,0,4,8,8,7,13.285714285714300,0,12.7,3.7,-1.7,Graduate
1,1,1,9147,1,1,138,1,Basic,Basic,Low-skilled,Manual skilled,131,1,0,0,1,0,0,19,0,0,5,9,4,11,0,0,5,8,3,10.666666666666700,0,12.4,0.5,1.79,Not on time
1,1,1,9500,1,1,145,1,Basic,Secondary,Low-skilled,Clerical/service,145,0,0,0,1,0,1,18,0,0,7,7,7,14.071428571428600,0,0,8,8,8,15.1625,0,13.9,-0.3,0.79,Graduate
1,17,1,9254,1,1,122,1,Basic,Basic,Clerical/service,Manual skilled,114.3,0,0,0,0,0,0,20,0,0,6,0,0,0,0,0,6,0,0,0,0,15.5,2.8,-4.06,Not on time
1,44,1,171,1,39,110,1,Basic,Basic,Clerical/service,Manual skilled,108.3,0,0,0,0,0,0,26,0,4,9,9,4,11.25,0,3,10,12,3,11,0,12.4,0.5,1.79,Not on time
1,1,3,9070,1,1,136,1,Basic,Basic,Low-skilled,Low-skilled,125.2,1,0,0,1,0,1,18,0,0,6,6,6,14,0,0,6,8,6,13.625,0,10.8,1.4,1.74,Graduate
1,1,1,9254,1,1,145,1,Secondary,Basic,Clerical/service,Low-skilled,131.7,1,0,0,1,0,1,21,0,0,6,8,6,12.166666666666700,0,0,6,11,3,11.666666666666700,0,10.8,1.4,1.74,Not on time
1,17,4,9500,1,1,141,1,Basic,Basic,High-skilled,High-skilled,126.3,1,0,0,1,0,0,18,0,0,8,8,7,13.297142857142900,0,0,8,8,7,13.297142857142900,0,10.8,1.4,1.74,Graduate
1,1,1,9085,1,1,149,1,Basic,Basic,Clerical/service,Manual skilled,147.6,1,0,0,1,0,0,20,0,0,6,14,6,13.923076923076900,0,0,6,9,6,14.25,0,15.5,2.8,-4.06,Graduate
1,1,6,9500,1,1,130,1,Basic,Basic,Clerical/service,Manual skilled,125.1,1,0,0,1,0,0,18,0,0,7,11,7,13.37,0,0,8,13,7,12.833333333333300,0,15.5,2.8,-4.06,Graduate
1,17,6,9147,1,1,121,1,Basic,Basic,Manual skilled,Low-skilled,123.8,0,0,0,1,0,1,19,0,0,5,5,5,12.4,0,0,5,8,3,11,0,12.7,3.7,-1.7,Not on time
1,1,1,9670,1,1,128,1,Secondary,Secondary,High-skilled,High-skilled,130.8,1,0,0,1,0,0,20,0,0,5,5,4,15,0,0,5,5,4,13.75,0,7.6,2.6,0.32,Not on time
1,1,1,9853,1,1,152,1,Basic,Basic,Low-skilled,Clerical/service,154.1,0,0,1,1,0,1,18,0,0,6,6,6,13.333333333333300,0,0,6,7,6,12.571428571428600,0,12.7,3.7,-1.7,Graduate
1,16,2,9147,1,1,132,1,Basic,Basic,Low-skilled,Low-skilled,122.6,1,0,0,1,0,1,20,0,0,5,8,3,12,0,0,5,9,4,12.625,0,10.8,1.4,1.74,Not on time
1,1,2,8014,0,1,107,1,Basic,Basic,Other/unknown,Other/unknown,103.5,1,0,0,1,0,0,22,0,0,6,7,5,13.4,0,0,6,9,5,12.2,0,7.6,2.6,0.32,Graduate
1,1,1,171,1,1,131,1,Basic,Basic,Clerical/service,Clerical/service,132.8,1,0,0,1,0,0,18,0,0,0,0,0,0,0,0,0,0,0,0,0,7.6,2.6,0.32,Not on time
1,51,1,9991,0,1,141,1,Basic,Basic,Clerical/service,Manual skilled,100,0,0,0,1,0,0,21,0,1,5,9,4,11.5,0,1,5,5,5,11.4,0,8.9,1.4,3.51,Graduate
1,18,2,9853,1,1,120,1,Secondary,Secondary,Low-skilled,Other/unknown,115.8,0,0,0,1,0,0,18,0,0,7,12,6,12,0,0,7,11,6,12.166666666666700,0,13.9,-0.3,0.79,Not on time
1,1,1,9500,1,1,148,1,Basic,Basic,Clerical/service,Clerical/service,133.8,0,0,0,1,0,0,18,0,0,8,8,7,13.485714285714300,0,0,8,8,7,13.485714285714300,0,12.7,3.7,-1.7,Graduate
1,1,1,9070,1,1,130,1,Secondary,Basic,Clerical/service,Clerical/service,118.5,0,1,0,1,0,1,18,0,0,6,6,6,12,0,0,6,8,6,11.285714285714300,0,8.9,1.4,3.51,Graduate
1,17,1,171,1,1,145,1,Basic,Basic,Low-skilled,High-skilled,150.3,1,0,0,1,0,0,19,0,0,0,0,0,0,0,0,0,0,0,0,0,15.5,2.8,-4.06,Not on time
1,17,3,9147,1,1,112,1,Secondary,Basic,High-skilled,Clerical/service,107.8,1,0,0,1,0,0,19,0,0,5,7,3,10.333333333333300,0,0,5,11,3,14.428571428571400,0,10.8,1.4,1.74,Not on time
1,1,1,9500,1,1,138,1,Basic,Secondary,Low-skilled,Clerical/service,127.5,1,0,0,1,0,0,19,0,0,7,10,5,12.94,0,0,7,7,5,13.76,0,16.2,0.3,-0.92,Not on time
1,1,3,9500,1,1,135,1,Secondary,Basic,Manual skilled,Manual skilled,120.5,1,0,0,1,0,0,19,0,0,8,11,7,13.258571428571400,0,0,8,11,7,13.258571428571400,0,10.8,1.4,1.74,Graduate
1,1,1,9147,1,1,118,1,Secondary,Higher,Other/unknown,Other/unknown,117.3,1,0,0,1,0,0,19,0,0,5,9,4,12.25,0,0,5,10,4,12,0,8.9,1.4,3.51,Not on time
1,17,1,9254,1,1,123,1,Basic,Basic,Low-skilled,Manual skilled,120.6,1,0,0,0,0,0,19,0,0,6,9,3,11.666666666666700,0,0,6,15,1,10,0,10.8,1.4,1.74,Not on time
1,16,4,9254,1,1,126,1,Basic,Basic,Low-skilled,Manual skilled,118.7,1,0,0,1,0,1,21,0,0,6,7,6,13.571428571428600,0,0,6,6,6,12.5,0,8.9,1.4,3.51,Graduate
1,1,2,9773,1,1,150,41,Secondary,Basic,Low-skilled,Manual skilled,130.8,0,0,0,1,0,1,20,1,0,6,9,5,11.8,0,0,6,9,5,11.833333333333300,0,15.5,2.8,-4.06,Graduate
1,1,1,9147,1,1,121,1,Basic,Basic,High-skilled,Low-skilled,112.6,1,0,0,1,0,1,20,0,0,5,7,5,14.2,0,0,5,7,5,13.285714285714300,0,11.1,0.6,2.02,Graduate
1,39,1,9991,0,19,133.1,1,Basic,Basic,Low-skilled,Low-skilled,117.2,0,0,0,1,0,0,41,0,0,5,8,5,11,0,0,5,6,5,11.8,1,7.6,2.6,0.32,Graduate
4,7,1,9500,1,40,130,1,Basic,Basic,High-skilled,High-skilled,130,1,0,0,1,0,0,32,0,0,7,16,4,13.625,0,0,7,8,7,12.6375,0,12.4,0.5,1.79,Not on time
1,17,3,9500,1,1,139,1,Basic,Secondary,Low-skilled,Clerical/service,131.8,1,0,0,1,0,0,18,0,0,8,8,7,14.652857142857100,0,0,8,8,7,14.652857142857100,0,10.8,1.4,1.74,Graduate
4,39,1,8014,0,1,160,1,Basic,Basic,High-skilled,Clerical/service,97,0,0,0,1,0,1,35,0,0,6,9,6,11.333333333333300,0,0,6,6,6,11.333333333333300,0,15.5,2.8,-4.06,Graduate
1,39,1,9500,1,1,110,1,Basic,Basic,Low-skilled,Low-skilled,130,0,0,1,0,0,0,32,0,0,7,12,4,13.7,0,0,7,7,0,0,0,16.2,0.3,-0.92,Not on time
1,39,1,8014,0,40,140,1,Basic,Basic,Clerical/service,Low-skilled,148,0,0,0,1,0,0,37,0,7,11,11,11,13.727272727272700,0,4,8,8,8,14.75,0,12.4,0.5,1.79,Graduate
2,39,2,9147,1,3,130,1,Higher,Basic,Low-skilled,Low-skilled,103.4,0,0,0,1,0,0,30,0,4,7,9,7,11.75,0,3,8,12,7,11.142857142857100,0,12.7,3.7,-1.7,Not on time
1,43,2,9773,1,1,132,1,Basic,Basic,Other/unknown,Other/unknown,127.1,0,0,0,1,1,0,23,0,0,6,9,6,12.333333333333300,0,0,6,11,5,13,0,7.6,2.6,0.32,Graduate
1,17,2,9773,1,1,139,1,Higher,Secondary,High-skilled,Manual skilled,124,1,0,0,1,0,1,20,0,0,6,6,6,14,0,0,6,7,6,13.857142857142900,0,15.5,2.8,-4.06,Not on time
1,1,1,9670,1,1,135,1,Basic,Basic,Clerical/service,Manual skilled,121.4,0,0,0,1,1,0,21,0,0,5,7,4,11.5,0,0,5,6,4,11.75,0,9.4,-0.8,-3.12,Graduate
1,1,1,9147,1,1,117,1,Basic,Basic,Clerical/service,Manual skilled,118.1,0,0,0,1,1,0,19,0,0,5,6,5,11.2,0,0,5,5,5,13.2,0,12.4,0.5,1.79,Graduate
1,17,4,9500,1,1,137,1,Secondary,Basic,Clerical/service,High-skilled,121.3,1,0,0,1,1,1,18,0,0,8,8,7,15.07,0,0,8,8,7,15.07,0,10.8,1.4,1.74,Graduate
1,42,1,9119,1,1,144,1,Unknown,Unknown,Other/unknown,Other/unknown,119.5,0,0,0,1,1,0,18,0,0,5,6,1,10,0,0,5,7,1,12,0,10.8,1.4,1.74,Not on time
1,39,1,9991,0,1,130,1,Secondary,Secondary,Clerical/service,Other/unknown,115.2,0,0,0,1,1,0,24,0,0,5,5,4,12,0,0,5,6,5,12.666666666666700,0,12.4,0.5,1.79,Not on time
1,18,1,9670,1,1,140,1,Secondary,Basic,Low-skilled,Low-skilled,130.2,1,0,0,1,1,0,22,0,0,6,11,4,13,0,0,6,11,4,12.6,0,12.7,3.7,-1.7,Graduate
1,17,4,9254,1,1,130,1,Basic,Secondary,Clerical/service,Clerical/service,130,1,0,0,1,1,0,18,0,0,6,7,4,11,0,0,6,7,3,11.25,0,16.2,0.3,-0.92,Not on time
1,16,2,9238,1,1,130,1,Basic,Basic,Clerical/service,Manual skilled,126.9,1,0,0,1,0,0,18,0,0,6,8,6,13.571428571428600,0,0,6,11,5,12.166666666666700,0,9.4,-0.8,-3.12,Graduate
1,1,2,9070,1,1,152,101,Higher,Secondary,Low-skilled,High-skilled,168.5,1,0,0,1,1,0,21,1,0,6,7,5,14.6,0,0,6,6,5,14.2,0,16.2,0.3,-0.92,Graduate
4,39,1,9500,1,1,133.1,1,Basic,Basic,Low-skilled,Low-skilled,130,0,0,1,1,0,0,38,0,0,7,13,3,11.833333333333300,0,0,7,14,2,10,0,16.2,0.3,-0.92,Not on time
1,18,1,9556,1,1,140,1,Basic,Basic,Low-skilled,Low-skilled,122.8,0,0,0,1,0,1,19,0,0,7,11,7,12.625,0,0,8,11,8,12.5125,0,12.7,3.7,-1.7,Graduate
6,39,1,9500,1,1,133.1,1,Basic,Basic,Low-skilled,Low-skilled,110,0,0,0,1,0,0,36,0,0,7,12,4,11.5,0,0,7,14,3,12.333333333333300,0,16.2,0.3,-0.92,Not on time
1,16,1,9085,1,1,140,1,Secondary,Secondary,Low-skilled,Low-skilled,127.1,1,0,0,1,0,0,18,0,0,5,8,4,13.25,1,0,5,10,4,10.5,0,12.7,3.7,-1.7,Graduate
1,1,3,9500,1,1,133.1,1,Basic,Basic,Clerical/service,Clerical/service,108.5,1,0,0,1,0,0,19,0,0,7,9,7,12.60625,0,0,8,12,6,11.9,0,12.4,0.5,1.79,Graduate
1,53,1,9085,1,42,140,1,Basic,Basic,Low-skilled,Low-skilled,138.2,0,0,1,0,0,0,21,0,7,10,15,8,13.75,0,4,9,17,5,13.2,0,8.9,1.4,3.51,Not on time
1,1,2,9500,1,1,133.1,1,Basic,Basic,Low-skilled,Low-skilled,96,1,0,0,1,0,0,19,0,0,7,10,6,13.598333333333300,0,0,8,11,6,11.933333333333300,0,11.1,0.6,2.02,Not on time
1,1,1,9238,1,1,135,1,Basic,Basic,Low-skilled,Low-skilled,124.5,0,0,0,1,0,1,18,0,0,6,11,5,11.142857142857100,0,0,6,8,6,12.285714285714300,0,16.2,0.3,-0.92,Graduate
2,7,1,9500,1,3,120,1,Basic,Basic,Low-skilled,Manual skilled,120,1,0,0,1,0,0,45,0,7,11,11,11,12.7,0,6,10,12,10,12.96818181818180,0,13.9,-0.3,0.79,Not on time
1,17,1,9147,1,1,140,1,Basic,Basic,Low-skilled,Manual skilled,132.3,1,0,0,1,0,0,20,0,0,5,9,1,10,0,0,5,10,1,11,0,7.6,2.6,0.32,Not on time
1,17,1,9254,1,1,128,1,Basic,Secondary,Clerical/service,Manual skilled,120.7,1,0,1,1,0,0,18,0,0,6,8,6,11.666666666666700,0,0,6,10,4,11.5,0,13.9,-0.3,0.79,Graduate
1,1,1,9670,1,1,141,1,Secondary,Basic,Clerical/service,Clerical/service,132.6,0,0,0,1,0,1,18,0,0,6,8,6,14,0,0,6,7,6,13.142857142857100,0,11.1,0.6,2.02,Graduate
1,7,2,9130,1,3,140,1,Unknown,Unknown,Other/unknown,Other/unknown,140,0,0,0,1,0,0,25,0,0,5,9,0,0,4,0,5,9,0,0,3,10.8,1.4,1.74,Not on time
1,1,6,9500,1,1,139,1,Secondary,Secondary,Clerical/service,Clerical/service,124.5,1,0,0,1,0,0,19,0,0,8,9,7,12.04142857142860,0,0,8,9,7,12.04142857142860,0,10.8,1.4,1.74,Graduate
1,1,1,171,1,1,142,1,Basic,Basic,Manual skilled,Manual skilled,142,1,0,0,1,0,1,18,0,0,0,0,0,0,0,0,0,0,0,0,0,13.9,-0.3,0.79,Graduate
1,7,1,9254,1,40,130,1,Secondary,Secondary,High-skilled,Manual skilled,130,0,0,0,1,0,0,39,0,12,13,14,13,13.76923076923080,0,9,12,16,12,14.583333333333300,0,13.9,-0.3,0.79,Graduate
2,39,1,9003,1,1,130,1,Basic,Basic,Low-skilled,Low-skilled,144,0,0,0,1,0,0,29,0,13,18,20,18,15.444444444444400,0,11,13,13,13,15.307692307692300,0,15.5,2.8,-4.06,Graduate
1,17,1,9853,1,1,125,1,Basic,Basic,Clerical/service,Manual skilled,128.5,1,0,0,1,0,0,18,0,0,7,9,6,11.5,0,0,7,8,7,12.714285714285700,0,13.9,-0.3,0.79,Not on time
1,7,1,9070,1,3,140,1,Basic,Higher,Low-skilled,High-skilled,140,0,0,0,0,0,0,23,0,0,3,3,2,10,0,0,6,0,0,0,0,10.8,1.4,1.74,Not on time
1,42,1,9853,1,1,120,1,Secondary,Basic,Clerical/service,Clerical/service,113.9,1,0,0,1,0,0,21,0,0,6,8,4,12.25,0,0,6,13,3,10.333333333333300,0,12.7,3.7,-1.7,Not on time
1,1,1,9238,1,1,147,1,Secondary,Basic,Clerical/service,Clerical/service,137.2,0,0,0,0,0,0,18,0,0,6,6,6,14.5,0,0,6,6,6,15.166666666666700,0,10.8,1.4,1.74,Graduate
1,7,1,9085,1,40,140,1,Secondary,Basic,Clerical/service,Clerical/service,140,1,0,0,1,0,0,23,0,0,6,7,6,15.571428571428600,0,0,6,8,6,16.375,0,12.4,0.5,1.79,Graduate
1,1,1,9130,1,1,161,1,Secondary,Basic,Clerical/service,Clerical/service,152.3,0,0,0,1,0,0,18,0,0,6,7,6,15.571428571428600,0,0,6,7,6,14.714285714285700,0,11.1,0.6,2.02,Graduate
2,39,1,8014,0,19,133.1,1,Basic,Basic,Clerical/service,Manual skilled,112.5,0,0,0,1,0,0,32,0,0,6,8,5,13.8,0,0,6,7,6,12.166666666666700,0,9.4,-0.8,-3.12,Graduate
2,39,2,9147,1,1,150,1,Basic,Basic,Low-skilled,Manual skilled,101,0,0,1,0,0,0,29,0,0,5,8,3,10.666666666666700,0,0,5,14,2,14.8,0,10.8,1.4,1.74,Not on time
1,1,6,9238,1,1,113,1,Secondary,Basic,Low-skilled,Manual skilled,112.3,1,0,1,1,0,1,20,0,0,6,8,5,11.6,0,0,6,8,4,11.75,0,8.9,1.4,3.51,Graduate
1,39,1,9238,1,1,140,1,Unknown,Unknown,Other/unknown,Other/unknown,114,1,0,0,0,0,0,28,0,0,6,11,1,13,0,0,6,12,0,0,0,9.4,-0.8,-3.12,Not on time
1,7,1,9147,1,3,130,1,Basic,Basic,High-skilled,Low-skilled,130,0,0,0,1,0,0,27,0,0,5,9,3,12,0,0,5,11,4,13.625,0,10.8,1.4,1.74,Graduate
1,43,2,9500,1,1,120,1,Basic,Unknown,Other/unknown,Other/unknown,121.5,0,0,1,1,0,0,22,0,11,14,14,12,12.333333333333300,2,11,14,14,12,12.333333333333300,2,7.6,2.6,0.32,Graduate
2,39,1,9003,1,19,133.1,1,Basic,Basic,Low-skilled,Other/unknown,120,0,0,1,1,0,0,37,0,0,6,10,6,12.875,0,0,6,12,6,12.9,0,16.2,0.3,-0.92,Not on time
1,7,1,8014,0,3,130,1,Basic,Basic,Other/unknown,Clerical/service,130,0,0,0,0,0,0,28,0,0,6,12,1,11,0,0,6,0,0,0,0,12.7,3.7,-1.7,Not on time
2,39,1,9003,1,1,120,1,Basic,Basic,Low-skilled,Low-skilled,125.7,0,0,1,0,0,0,43,0,0,6,10,4,12.25,0,0,6,13,4,10.5,0,8.9,1.4,3.51,Not on time
1,43,1,9556,1,1,140,1,Basic,Basic,Low-skilled,Low-skilled,128,1,0,0,0,0,0,32,0,0,7,7,0,0,7,0,8,8,0,0,7,10.8,1.4,1.74,Not on time
1,17,1,9238,1,1,123,1,Secondary,Secondary,Low-skilled,Low-skilled,113.2,0,0,0,1,0,1,20,0,0,6,11,4,10.75,0,0,6,13,5,11.5,0,15.5,2.8,-4.06,Not on time
4,39,1,9500,1,19,133.1,1,Basic,Secondary,Low-skilled,Clerical/service,120,0,0,0,1,0,1,35,0,0,8,9,8,13.63,1,0,8,9,8,13.63,1,9.4,-0.8,-3.12,Graduate
1,1,1,9670,1,1,130,1,Basic,Basic,Other/unknown,Other/unknown,117.8,1,0,0,1,0,0,21,0,0,5,8,3,13,0,0,5,7,4,11.5,1,7.6,2.6,0.32,Graduate
1,1,4,9500,1,1,126,1,Basic,Basic,Manual skilled,Low-skilled,121.3,1,0,0,1,0,1,18,0,0,7,9,6,13.533333333333300,0,0,7,7,7,12.228571428571400,0,12.4,0.5,1.79,Not on time
1,1,1,9500,1,1,176,1,Higher,Basic,High-skilled,Manual skilled,169.7,0,0,0,1,0,1,18,0,0,7,7,7,16.9,0,0,8,9,8,16.37777777777780,0,16.2,0.3,-0.92,Graduate
1,17,4,9238,1,1,124,1,Basic,Basic,Clerical/service,Manual skilled,117.7,1,0,0,1,0,0,18,0,0,6,10,5,12,0,0,6,11,4,12,0,16.2,0.3,-0.92,Graduate
1,44,1,8014,0,39,120,1,Basic,Basic,Manual skilled,Manual skilled,121.8,1,0,0,1,0,0,22,0,3,6,6,6,12.5,0,2,6,7,6,13.285714285714300,0,12.4,0.5,1.79,Graduate
1,1,2,9500,1,1,140,1,Secondary,Secondary,Clerical/service,Other/unknown,128.3,1,0,0,1,0,0,19,0,0,8,8,7,12.764285714285700,0,0,8,8,7,12.764285714285700,0,10.8,1.4,1.74,Graduate
1,18,2,9147,1,1,143,1,Basic,Basic,Low-skilled,Manual skilled,132.2,1,0,0,1,0,1,18,0,0,5,8,5,13.75,0,0,5,6,5,12.166666666666700,0,13.9,-0.3,0.79,Graduate
1,1,2,171,1,1,136,1,Secondary,Secondary,High-skilled,Clerical/service,134.3,1,0,1,1,0,0,19,0,0,0,0,0,0,0,0,0,0,0,0,0,12.4,0.5,1.79,Not on time
1,1,1,9500,1,1,132,1,Basic,Secondary,Low-skilled,Clerical/service,123.4,0,0,0,1,0,1,18,0,0,7,7,7,14.604285714285700,0,0,8,9,8,15.68333333333330,0,11.1,0.6,2.02,Graduate
2,39,1,9991,0,19,133.1,1,Basic,Secondary,Clerical/service,High-skilled,121.7,0,0,1,0,0,0,31,0,0,5,7,0,0,0,0,5,7,0,0,0,16.2,0.3,-0.92,Not on time
2,39,1,8014,0,19,100,1,Secondary,Basic,High-skilled,Clerical/service,130,0,0,1,1,0,1,33,0,0,6,9,5,13.833333333333300,0,0,6,7,6,12.5,0,9.4,-0.8,-3.12,Graduate
1,1,3,9500,1,1,137,1,Basic,Basic,Manual skilled,Manual skilled,126.5,1,0,0,1,0,1,19,0,0,8,8,8,13.57625,0,0,8,8,8,13.57625,0,9.4,-0.8,-3.12,Graduate
1,17,1,9238,1,1,153,1,Basic,Basic,Manual skilled,Manual skilled,159.7,1,0,0,1,0,1,18,0,0,6,7,6,15.142857142857100,0,0,6,6,6,15.833333333333300,0,12.7,3.7,-1.7,Graduate
1,1,1,9147,1,1,160,1,Secondary,Basic,Clerical/service,High-skilled,151.3,0,0,0,1,0,0,23,0,0,5,8,3,10.666666666666700,0,0,5,8,5,11.6,0,7.6,2.6,0.32,Graduate
1,17,1,9238,1,1,145,1,Basic,Basic,Clerical/service,Manual skilled,138,1,0,0,1,0,0,20,0,0,6,11,5,11.2,0,0,6,6,6,12,0,9.4,-0.8,-3.12,Graduate
1,1,5,9500,1,1,137,1,Basic,Basic,Clerical/service,Manual skilled,126.5,1,0,0,1,0,0,18,0,0,8,8,8,13.76375,0,0,8,8,8,13.76375,0,9.4,-0.8,-3.12,Graduate
1,53,1,9085,1,42,140,1,Secondary,Secondary,Clerical/service,High-skilled,140,1,0,1,1,0,0,21,0,7,9,10,8,13.25,0,4,9,14,5,12.2,0,8.9,1.4,3.51,Not on time
1,1,1,9238,1,1,120,1,Basic,Basic,Clerical/service,Manual skilled,112.3,0,0,0,1,0,1,22,0,0,6,10,5,10.714285714285700,0,0,6,10,5,12.2,0,12.7,3.7,-1.7,Graduate
1,1,1,9238,1,1,122,1,Secondary,Basic,Clerical/service,Clerical/service,127.3,1,0,1,1,0,0,20,0,0,6,6,6,12.166666666666700,0,0,6,7,6,11.666666666666700,0,9.4,-0.8,-3.12,Graduate
1,7,1,9500,1,3,130,1,Basic,Basic,Clerical/service,Other/unknown,130,1,0,0,1,0,0,23,0,1,7,8,6,14.357142857142900,0,1,7,8,6,14.357142857142900,0,7.6,2.6,0.32,Graduate
1,17,2,9773,1,1,133.1,1,Higher,Secondary,Clerical/service,Clerical/service,115,1,0,0,1,0,0,19,0,0,6,6,6,12.833333333333300,0,0,6,6,6,12.666666666666700,0,16.2,0.3,-0.92,Graduate
1,17,6,9500,1,1,150,1,Secondary,Basic,High-skilled,High-skilled,131.5,1,0,0,1,0,0,19,0,0,8,8,7,13.925714285714300,0,0,8,8,7,13.925714285714300,0,10.8,1.4,1.74,Graduate
1,39,1,9991,0,1,133.1,1,Basic,Basic,Manual skilled,Clerical/service,125.7,0,0,0,1,0,0,26,0,0,5,9,2,12,0,0,5,9,3,11,0,10.8,1.4,1.74,Not on time
1,1,6,9500,1,1,141,1,Secondary,Basic,Clerical/service,High-skilled,126.8,1,0,0,1,0,0,18,0,0,7,7,7,13.44285714285710,0,0,8,9,8,13.744444444444400,0,16.2,0.3,-0.92,Graduate
1,18,1,9119,1,1,146,1,Secondary,Basic,Manual skilled,Manual skilled,132.4,1,0,0,1,1,0,18,0,0,5,5,1,16,0,0,5,5,0,0,0,9.4,-0.8,-3.12,Not on time
1,44,1,9003,1,39,150,1,Basic,Basic,Low-skilled,Low-skilled,150,1,0,0,1,1,0,20,0,0,6,8,6,13.125,0,0,6,10,6,13.2,0,16.2,0.3,-0.92,Graduate
1,1,1,9670,1,1,133.1,1,Higher,Secondary,Clerical/service,Clerical/service,95,0,0,0,1,1,0,19,0,0,6,7,0,0,0,0,6,6,0,0,0,15.5,2.8,-4.06,Not on time
1,43,1,9991,0,1,120,1,Basic,Basic,Low-skilled,Low-skilled,128.2,0,0,0,0,1,0,32,0,5,9,9,5,11.4,0,4,4,4,4,11,0,10.8,1.4,1.74,Not on time
2,39,1,9130,1,1,150,1,Basic,Basic,Clerical/service,Clerical/service,130,0,0,0,0,1,0,31,0,0,4,12,2,11,2,0,5,9,3,11.666666666666700,0,9.4,-0.8,-3.12,Not on time
1,39,1,9119,1,19,133.1,1,Secondary,Basic,Clerical/service,Clerical/service,100,0,0,0,1,1,0,25,0,0,5,13,1,11,0,0,5,11,1,10,0,13.9,-0.3,0.79,Not on time
1,42,1,9085,1,39,140,1,Basic,Higher,Low-skilled,High-skilled,159.9,1,0,0,1,0,0,21,0,2,6,14,5,13.666666666666700,0,2,6,10,5,13,0,16.2,0.3,-0.92,Graduate
2,43,1,9991,0,1,140,1,Basic,Basic,Clerical/service,Low-skilled,100,0,0,0,0,0,0,31,0,2,6,10,4,11.75,0,0,5,6,1,10,0,12.7,3.7,-1.7,Not on time
2,39,1,9853,1,1,133.1,1,Basic,Basic,Clerical/service,Clerical/service,116.5,0,0,0,1,0,0,34,0,0,7,11,1,10,0,0,7,7,1,13,0,16.2,0.3,-0.92,Not on time
1,1,1,9238,1,1,128,1,Basic,Basic,Low-skilled,Low-skilled,120,0,0,0,1,0,1,18,0,0,6,8,6,13.5,0,0,6,9,6,12.833333333333300,0,11.1,0.6,2.02,Graduate
1,1,3,9238,1,1,117,1,Basic,Basic,Low-skilled,Low-skilled,117,1,0,1,1,0,0,19,0,0,6,0,0,0,0,0,6,0,0,0,0,12.4,0.5,1.79,Not on time
1,53,1,9670,1,42,140,1,Basic,Basic,High-skilled,Manual skilled,140,1,0,1,1,0,0,21,0,0,6,12,1,12,0,0,6,11,1,11,0,8.9,1.4,3.51,Not on time
1,1,2,9853,1,1,124,1,Basic,Basic,Clerical/service,High-skilled,118.1,1,0,0,0,0,0,18,0,0,6,11,3,13,0,0,6,10,5,11.8,0,9.4,-0.8,-3.12,Not on time
1,1,1,9254,1,1,158,1,Basic,Secondary,Clerical/service,Manual skilled,153.5,1,0,0,1,0,0,20,0,0,6,7,6,14.833333333333300,0,0,6,6,6,16,0,11.1,0.6,2.02,Graduate
1,43,1,9773,1,1,137,1,Basic,Basic,Low-skilled,Clerical/service,127.9,1,0,0,1,0,0,20,0,0,6,6,6,11.833333333333300,0,0,6,7,6,12.857142857142900,0,15.5,2.8,-4.06,Graduate
1,17,3,9670,1,1,123,1,Basic,Basic,Manual skilled,Manual skilled,118.8,1,1,0,1,0,1,18,0,0,6,10,5,12,0,0,6,11,5,12.333333333333300,0,11.1,0.6,2.02,Graduate
1,1,1,9238,1,1,126,1,Basic,Basic,Manual skilled,Manual skilled,126.7,1,0,0,1,0,0,19,0,0,6,11,4,12.75,0,0,6,7,6,11.333333333333300,0,7.6,2.6,0.32,Graduate
1,43,1,9085,1,1,170,1,Basic,Basic,Clerical/service,High-skilled,170,1,0,0,1,0,0,19,0,0,5,5,0,0,5,0,5,7,4,14.75,1,12.7,3.7,-1.7,Not on time
4,39,1,9130,1,1,133.1,1,Higher,Secondary,Clerical/service,Clerical/service,110,1,0,0,1,0,1,30,0,0,6,7,0,0,0,0,6,16,1,10,0,11.1,0.6,2.02,Not on time
1,17,1,9238,1,1,115,1,Basic,Basic,Clerical/service,Clerical/service,115,1,0,0,1,0,0,19,0,0,6,6,6,12,0,0,6,7,6,12.857142857142900,0,11.1,0.6,2.02,Graduate
1,1,3,9556,1,1,132,1,Basic,Basic,Manual skilled,Manual skilled,119,1,0,0,1,0,0,19,0,0,7,9,7,11.677777777777800,0,0,8,8,8,13.8,0,12.7,3.7,-1.7,Graduate
1,1,4,9500,1,1,132,1,Secondary,Basic,Clerical/service,Manual skilled,121.8,1,0,0,1,0,1,19,0,0,8,8,7,13.6,0,0,8,8,7,13.6,0,12.7,3.7,-1.7,Graduate
1,1,1,9085,1,1,143,1,Basic,Basic,Low-skilled,Low-skilled,133.4,1,0,0,1,0,0,19,0,0,6,7,6,16,0,0,6,8,6,15.875,0,12.4,0.5,1.79,Graduate
1,1,3,9238,1,1,137,1,Secondary,Secondary,High-skilled,High-skilled,131.4,1,0,0,1,0,0,20,0,0,6,9,5,11.8,0,0,6,7,6,11.5,0,7.6,2.6,0.32,Graduate
1,42,1,9119,1,1,130,1,Basic,Basic,Low-skilled,High-skilled,135,0,0,1,1,1,0,25,0,0,5,5,0,0,0,2,6,7,2,14,0,13.9,-0.3,0.79,Not on time
1,1,2,9773,1,1,121,1,Basic,Basic,Low-skilled,Low-skilled,122.8,0,0,0,1,1,0,19,0,0,6,0,0,0,0,0,6,0,0,0,0,12.4,0.5,1.79,Not on time
2,39,1,9853,1,1,130,1,Basic,Basic,Manual skilled,High-skilled,140,0,0,1,1,0,1,34,0,0,6,7,6,16.142857142857100,0,0,6,10,6,16.2,0,9.4,-0.8,-3.12,Graduate
1,18,2,9500,1,1,135,1,Basic,Basic,Low-skilled,Clerical/service,125.3,1,0,0,1,0,1,18,0,0,8,8,7,11.785714285714300,0,0,8,8,7,11.785714285714300,0,12.7,3.7,-1.7,Graduate
1,1,6,9500,1,1,137,1,Secondary,Secondary,Clerical/service,Clerical/service,126.3,1,0,0,1,0,1,18,0,0,8,8,8,13.42375,0,0,8,8,8,13.42375,0,9.4,-0.8,-3.12,Graduate
1,1,1,9670,1,1,100,1,Basic,Basic,Low-skilled,Other/unknown,100,0,0,0,1,0,0,20,0,0,6,8,6,12.5,0,0,6,10,5,14.166666666666700,0,11.1,0.6,2.02,Graduate
1,17,2,9500,1,1,127,1,Basic,Basic,Low-skilled,Manual skilled,121.3,1,0,0,1,0,1,20,0,0,8,8,7,12.464285714285700,0,0,8,8,7,12.464285714285700,0,10.8,1.4,1.74,Graduate
1,53,1,9991,0,1,140,1,Basic,Basic,Low-skilled,Low-skilled,135,0,0,1,1,0,0,23,0,6,11,18,8,12.375,0,3,9,15,5,12.6,0,8.9,1.4,3.51,Not on time
1,39,1,9670,1,1,140,1,Basic,Basic,Manual skilled,Manual skilled,120,0,0,0,1,0,0,28,0,0,6,8,1,10,0,0,6,9,0,0,0,10.8,1.4,1.74,Not on time
1,17,1,9773,1,1,121,1,Basic,Basic,Low-skilled,Other/unknown,113.7,0,0,0,1,0,0,18,0,0,6,8,5,12.6,0,0,6,10,6,12.428571428571400,0,15.5,2.8,-4.06,Not on time
1,43,1,9147,1,1,131,1,Basic,Basic,Low-skilled,Low-skilled,129.7,1,0,0,1,0,0,19,0,0,5,5,5,12.6,0,0,5,6,4,12.4,0,16.2,0.3,-0.92,Graduate
2,1,1,9147,1,1,151,1,Basic,Basic,Low-skilled,Manual skilled,132.1,1,0,0,1,0,0,34,0,0,5,7,2,10,0,0,5,6,4,12,0,7.6,2.6,0.32,Not on time
2,51,1,9853,1,1,130,1,Basic,Basic,Manual skilled,Manual skilled,120.3,0,0,0,1,0,0,35,0,0,7,7,0,0,0,0,6,0,0,0,0,8.9,1.4,3.51,Not on time
1,7,1,9991,0,40,120,1,Basic,Basic,Low-skilled,Manual skilled,120,0,0,0,1,0,0,32,0,0,5,7,5,11.6,0,0,5,8,5,12.333333333333300,0,12.4,0.5,1.79,Graduate
1,17,2,9254,1,1,136,1,Basic,Basic,Clerical/service,Manual skilled,123.1,1,0,0,1,0,0,19,0,0,6,8,6,12.166666666666700,0,0,6,6,6,13.5,0,11.1,0.6,2.02,Graduate
1,17,5,9670,1,1,125,1,Secondary,Basic,Low-skilled,Manual skilled,119.4,1,0,0,1,0,0,18,0,0,6,10,4,13.6,0,0,6,7,5,12.666666666666700,0,11.1,0.6,2.02,Graduate
2,39,1,9147,1,1,133.1,1,Basic,Basic,Low-skilled,Low-skilled,140,0,0,0,0,0,0,35,0,0,5,8,4,12.5,1,0,5,8,5,11.8,0,9.4,-0.8,-3.12,Not on time
1,39,1,8014,0,1,133.1,1,Secondary,Secondary,Clerical/service,Clerical/service,116.5,0,0,0,1,1,1,24,0,0,6,6,4,12.25,0,0,6,10,4,11.5,0,12.4,0.5,1.79,Not on time
1,17,1,9238,1,1,120,1,Basic,Basic,Low-skilled,Low-skilled,113,1,0,0,1,0,1,20,0,0,6,7,6,11.714285714285700,0,0,6,8,6,12.625,0,13.9,-0.3,0.79,Graduate
1,1,3,9773,1,1,143,11,Basic,Basic,Clerical/service,Low-skilled,133.9,1,0,0,1,1,1,18,1,0,6,7,6,13.5,0,0,6,7,6,13,0,16.2,0.3,-0.92,Graduate
1,1,3,9500,1,1,133.1,1,Basic,Basic,Manual skilled,Low-skilled,115.5,1,0,0,1,1,1,20,0,0,8,8,7,13.024285714285700,0,0,8,8,7,13.024285714285700,0,10.8,1.4,1.74,Graduate
1,17,5,9254,1,1,121,1,Secondary,Basic,Clerical/service,Manual skilled,116.5,1,0,0,0,1,0,18,0,0,6,12,0,0,0,0,6,0,0,0,0,9.4,-0.8,-3.12,Not on time
1,1,1,9119,1,1,168,1,Basic,Basic,Clerical/service,Clerical/service,171.2,0,0,0,1,1,1,18,0,0,5,6,5,17.333333333333300,0,0,5,8,5,18.571428571428600,0,12.4,0.5,1.79,Graduate
1,1,1,9670,1,1,124,1,Basic,Basic,Clerical/service,Manual skilled,119.1,0,0,0,1,1,1,20,0,0,5,7,4,11,0,0,5,7,4,11.5,0,9.4,-0.8,-3.12,Graduate
1,17,2,9853,1,1,127,1,Basic,Basic,High-skilled,High-skilled,121.1,1,0,0,1,1,0,19,0,0,7,10,6,13.666666666666700,0,0,7,9,6,12.5,0,12.4,0.5,1.79,Not on time
1,1,2,9070,1,1,129,1,Secondary,Secondary,Clerical/service,Low-skilled,132.9,1,0,0,1,1,1,20,0,0,6,9,6,11.375,0,0,6,6,5,13.8,0,7.6,2.6,0.32,Not on time
1,1,1,9238,1,1,137,1,Basic,Secondary,Low-skilled,Low-skilled,132.8,0,0,0,1,1,0,19,0,0,6,6,6,12.833333333333300,0,0,6,8,6,11.833333333333300,0,10.8,1.4,1.74,Graduate
1,1,1,9773,1,1,120,1,Basic,Basic,Other/unknown,Other/unknown,126.7,1,0,0,1,1,0,20,0,0,6,9,5,12.6,0,0,6,11,4,11.5,0,7.6,2.6,0.32,Graduate
1,1,1,9500,1,1,110,1,Basic,Basic,Low-skilled,Manual skilled,105.8,1,0,0,1,1,0,22,0,0,7,8,6,14.333333333333300,0,0,8,9,7,13.771428571428600,0,11.1,0.6,2.02,Graduate
1,17,2,9119,1,1,120,1,Secondary,Basic,Low-skilled,Manual skilled,117.2,0,0,0,1,1,1,18,0,0,5,8,4,13.5,0,0,6,10,6,13.625,0,11.1,0.6,2.02,Not on time
1,1,1,9500,1,1,143,1,Basic,Basic,Low-skilled,Low-skilled,140,0,0,0,1,1,0,19,0,0,8,8,7,14.285714285714300,0,0,8,8,7,14.285714285714300,0,12.7,3.7,-1.7,Graduate
1,44,1,9003,1,39,120,1,Secondary,Basic,Low-skilled,Manual skilled,120,0,0,0,1,1,0,22,0,2,6,15,3,11.75,0,0,6,12,2,10,0,13.9,-0.3,0.79,Not on time
1,17,5,9119,1,1,124,11,Higher,Secondary,High-skilled,Low-skilled,119.5,1,0,0,1,1,0,20,1,0,5,5,5,14.8,0,0,5,5,5,17.6,0,8.9,1.4,3.51,Graduate
2,39,1,9003,1,1,168,1,Secondary,Higher,Low-skilled,High-skilled,153.9,0,0,1,0,1,0,34,0,0,6,7,0,0,0,0,6,0,0,0,0,12.4,0.5,1.79,Not on time
2,39,1,8014,0,19,133.1,1,Secondary,Secondary,Clerical/service,Clerical/service,130,0,0,0,1,1,0,24,0,0,6,14,1,10,0,0,5,5,0,0,0,16.2,0.3,-0.92,Not on time
1,39,2,9670,1,1,150,1,Unknown,Unknown,Other/unknown,Other/unknown,107,1,0,0,1,1,0,26,0,0,5,5,0,0,0,0,5,5,0,0,0,7.6,2.6,0.32,Not on time
1,39,1,9500,1,1,140,1,Basic,Basic,Low-skilled,Manual skilled,132.8,0,0,0,1,1,0,35,0,0,7,10,4,12.6,0,0,7,9,5,12.38,0,12.4,0.5,1.79,Not on time
1,1,1,9991,0,1,145,1,Higher,Basic,Clerical/service,Low-skilled,127.5,1,0,0,1,1,0,22,0,0,5,9,5,12.428571428571400,1,0,5,7,5,11.8,0,7.6,2.6,0.32,Graduate
1,18,1,9254,1,1,118,1,Basic,Basic,Clerical/service,Clerical/service,123.3,1,0,0,1,1,0,26,0,0,6,10,4,10,0,0,6,11,3,12,0,9.4,-0.8,-3.12,Not on time
1,17,1,9147,1,1,123,1,Secondary,Basic,High-skilled,Clerical/service,122,0,0,0,1,1,0,19,0,0,5,7,3,12.333333333333300,0,0,5,5,0,0,0,8.9,1.4,3.51,Not on time
1,1,5,9254,1,1,120,1,Higher,Basic,High-skilled,Low-skilled,114.8,1,0,0,0,1,0,19,0,0,6,0,0,0,0,0,6,0,0,0,0,8.9,1.4,3.51,Not on time
1,44,1,171,1,39,140,1,Higher,Higher,High-skilled,High-skilled,140,0,0,1,1,1,0,20,0,0,0,0,0,0,0,0,0,0,0,0,0,15.5,2.8,-4.06,Graduate
1,51,1,9670,1,1,126,1,Higher,Higher,High-skilled,Other/unknown,111,0,0,1,1,1,0,21,0,5,11,12,10,12.1,0,2,8,9,8,13.333333333333300,0,11.1,0.6,2.02,Graduate
1,1,2,9773,1,1,137,1,Secondary,Basic,Manual skilled,Manual skilled,133.2,1,0,0,1,0,1,19,0,0,6,7,6,14.714285714285700,0,0,6,6,6,15,0,13.9,-0.3,0.79,Graduate
1,1,3,9773,1,1,130,1,Basic,Basic,Low-skilled,Low-skilled,123,1,0,0,1,0,0,18,0,0,6,6,6,12.666666666666700,0,0,6,7,6,12.833333333333300,0,12.7,3.7,-1.7,Graduate
1,53,1,9003,1,42,150,1,Secondary,Basic,Manual skilled,Manual skilled,150,0,0,0,1,0,1,23,0,7,12,14,12,14.384615384615400,0,5,10,12,10,13.3,0,8.9,1.4,3.51,Graduate
1,17,3,9147,1,1,147,1,Basic,Basic,Clerical/service,Manual skilled,132.3,1,0,0,1,0,1,18,0,0,5,5,5,13.4,0,0,5,6,5,12.2,0,12.7,3.7,-1.7,Graduate
1,18,1,9500,1,1,140,1,Basic,Basic,Clerical/service,Manual skilled,126,1,0,0,1,0,0,18,0,0,8,8,7,13.314285714285700,0,0,8,8,7,13.314285714285700,0,12.7,3.7,-1.7,Graduate
1,1,3,9500,1,1,132,1,Basic,Basic,Low-skilled,Low-skilled,119.3,1,0,0,1,0,0,19,0,0,8,8,7,11.98857142857140,0,0,8,8,7,11.98857142857140,0,10.8,1.4,1.74,Graduate
1,53,1,9147,1,42,130,1,Secondary,Basic,Clerical/service,Manual skilled,133.8,1,0,0,1,0,0,21,0,6,11,17,11,11.545454545454500,0,3,9,13,8,12.88888888888890,0,8.9,1.4,3.51,Graduate
1,1,1,9085,1,1,130,1,Basic,Basic,Low-skilled,Manual skilled,126.5,1,0,0,1,0,1,18,0,0,6,13,6,16.46153846153850,0,0,6,8,6,13.875,0,15.5,2.8,-4.06,Graduate
1,1,1,9773,1,1,151,1,Basic,Basic,Low-skilled,Clerical/service,138.4,1,0,0,1,0,1,24,0,0,6,7,6,13.666666666666700,0,0,6,6,6,12.833333333333300,0,10.8,1.4,1.74,Graduate
1,1,4,9500,1,1,144,1,Higher,Secondary,High-skilled,High-skilled,129,1,0,0,1,0,0,18,0,0,7,8,7,12.65,0,0,8,9,8,13.411111111111100,0,16.2,0.3,-0.92,Not on time
1,1,1,9670,1,1,127,1,Basic,Secondary,Clerical/service,Manual skilled,118.3,1,0,0,1,0,0,18,0,0,6,7,6,12.333333333333300,0,0,6,10,3,12,0,13.9,-0.3,0.79,Not on time
1,17,2,9500,1,1,131,1,Basic,Basic,Low-skilled,Manual skilled,129.8,1,0,0,1,0,0,20,0,0,7,8,6,14.37,0,0,8,10,7,14.65,0,12.4,0.5,1.79,Graduate
1,17,2,9085,1,1,123,1,Secondary,Basic,Clerical/service,Low-skilled,113.6,1,0,0,1,0,0,19,0,0,5,13,3,12,2,0,5,8,4,11.75,0,9.4,-0.8,-3.12,Not on time
1,1,5,9773,1,1,130,1,Unknown,Basic,Other/unknown,Manual skilled,128.3,1,0,0,0,0,1,18,0,0,6,12,3,12,0,0,6,15,3,10.666666666666700,0,7.6,2.6,0.32,Not on time
1,43,1,9254,1,1,130,1,Secondary,Basic,Clerical/service,Manual skilled,130,0,0,0,1,0,1,19,0,0,6,11,4,12,0,0,6,14,3,11,0,10.8,1.4,1.74,Not on time
1,17,2,9853,1,1,131,1,Secondary,Basic,Clerical/service,Manual skilled,121.9,1,0,0,1,0,0,19,0,0,6,10,5,12.6,0,0,6,7,5,11.2,0,10.8,1.4,1.74,Graduate
1,1,5,9238,1,3,135,1,Secondary,Basic,Low-skilled,High-skilled,129.4,0,0,1,1,0,0,18,0,0,6,6,6,12.166666666666700,0,0,6,6,6,12.333333333333300,0,10.8,1.4,1.74,Graduate
1,1,2,9853,1,1,123,1,Basic,Secondary,Low-skilled,Other/unknown,115.3,1,0,0,1,0,0,20,0,0,7,8,6,13.5,0,0,7,8,6,14,0,11.1,0.6,2.02,Not on time
1,1,5,9500,1,1,145,1,Basic,Basic,Low-skilled,Low-skilled,125.5,1,0,0,1,0,1,18,0,0,8,8,8,13.76375,0,0,8,8,8,13.76375,0,9.4,-0.8,-3.12,Graduate
1,17,6,9556,1,1,118,1,Basic,Basic,Clerical/service,Clerical/service,117.8,1,0,0,1,0,1,19,0,0,7,11,6,12.4,0,0,7,8,6,12.8,0,11.1,0.6,2.02,Graduate
1,17,3,9147,1,1,125,1,Higher,Basic,High-skilled,Other/unknown,118.7,1,0,0,1,0,0,18,0,0,5,16,4,10.666666666666700,0,0,5,11,2,12,0,13.9,-0.3,0.79,Not on time
1,1,2,9500,1,1,152,1,Basic,Basic,Low-skilled,Low-skilled,139,1,0,0,1,0,0,18,0,0,7,7,6,14.333333333333300,0,0,7,7,6,14.333333333333300,0,7.6,2.6,0.32,Graduate
1,1,1,9085,1,1,101,1,Secondary,Basic,Clerical/service,Low-skilled,98.9,1,0,0,1,0,0,21,0,0,6,12,4,12.5,0,0,6,13,2,12.666666666666700,0,11.1,0.6,2.02,Not on time
1,17,1,9254,1,1,137,1,Unknown,Basic,Other/unknown,Manual skilled,137.7,1,0,1,0,0,0,19,0,0,6,14,1,10,0,0,6,13,0,0,0,7.6,2.6,0.32,Not on time
1,1,4,9500,1,1,123,1,Secondary,Secondary,High-skilled,High-skilled,113.6,1,0,0,1,0,0,21,0,0,7,8,7,14.69625,0,0,8,9,8,14.622222222222200,0,12.4,0.5,1.79,Graduate
1,1,1,9085,1,1,120,1,Higher,Secondary,High-skilled,Low-skilled,113.4,0,0,0,1,0,0,18,0,0,6,14,4,11.5,0,0,6,17,3,13.75,0,11.1,0.6,2.02,Not on time
1,17,3,9556,1,1,131,1,Basic,Basic,Low-skilled,Manual skilled,128.5,0,0,0,1,0,1,18,0,0,7,9,7,12.855555555555600,0,0,8,8,8,13.9125,0,12.7,3.7,-1.7,Graduate
1,1,1,9500,1,1,141,1,Secondary,Secondary,High-skilled,Other/unknown,142.8,0,0,0,1,0,0,18,0,0,7,7,7,13.7,0,0,8,9,8,13.994444444444400,0,11.1,0.6,2.02,Graduate
1,1,1,9130,1,1,144,1,Higher,Secondary,High-skilled,High-skilled,137.7,0,0,0,0,0,0,23,0,0,5,9,0,0,3,1,5,10,1,12,3,10.8,1.4,1.74,Not on time
1,1,1,9238,1,1,107,1,Basic,Basic,Manual skilled,Manual skilled,103.5,1,0,0,1,0,0,20,0,0,6,13,3,11.2,0,0,6,9,4,12,0,16.2,0.3,-0.92,Not on time
1,1,1,9500,1,1,133,1,Basic,Basic,Clerical/service,Clerical/service,123.2,0,0,0,1,0,0,18,0,0,7,7,7,13.285714285714300,0,0,8,9,8,13.333333333333300,0,16.2,0.3,-0.92,Graduate
1,17,2,9853,1,1,126,1,Secondary,Basic,High-skilled,Other/unknown,126,1,0,0,1,0,0,19,0,0,6,9,5,13,0,0,6,8,5,10.4,0,7.6,2.6,0.32,Not on time
1,39,1,9500,1,1,133.1,1,Secondary,Basic,High-skilled,Manual skilled,121.7,0,0,0,1,0,1,27,0,0,7,8,6,12.6,0,0,7,9,6,11.685714285714300,0,12.4,0.5,1.79,Not on time
1,17,1,9147,1,1,147,1,Basic,Basic,Low-skilled,Manual skilled,142.8,1,0,1,0,0,1,19,0,0,5,5,5,12.8,0,0,5,5,4,12,0,11.1,0.6,2.02,Not on time
1,43,1,9130,1,1,120,1,Secondary,Basic,Low-skilled,Low-skilled,120,1,0,0,1,0,0,21,0,0,6,14,5,11.5,1,0,6,13,5,11,1,15.5,2.8,-4.06,Not on time
1,18,1,9500,1,1,130,1,Basic,Basic,Manual skilled,Manual skilled,119.3,1,0,0,1,0,1,19,0,0,8,8,7,11.4,0,0,8,8,7,11.4,0,10.8,1.4,1.74,Graduate
1,44,1,9238,1,1,120,1,Basic,Basic,Manual skilled,Low-skilled,121,0,0,0,1,0,1,21,0,3,6,6,6,12.333333333333300,0,2,6,8,6,11.333333333333300,0,13.9,-0.3,0.79,Graduate
1,1,5,9773,1,1,138,1,Basic,Basic,Low-skilled,Low-skilled,139.4,1,0,0,1,0,0,18,0,0,6,7,5,12.8,0,0,6,10,4,12.2,0,10.8,1.4,1.74,Graduate
1,17,1,9085,1,1,124,1,Basic,Basic,Manual skilled,Manual skilled,113.9,1,0,0,1,0,1,20,0,0,5,8,5,12,1,0,5,8,4,15,1,12.7,3.7,-1.7,Graduate
1,1,1,9853,1,1,133,1,Basic,Basic,Low-skilled,Manual skilled,124.6,1,0,0,1,0,1,18,0,0,6,8,5,13,0,0,6,9,5,13.5,0,9.4,-0.8,-3.12,Graduate
1,17,1,9070,1,1,122,1,Secondary,Secondary,Clerical/service,Manual skilled,123.8,1,0,1,0,0,1,18,0,0,6,6,6,11.833333333333300,0,0,6,8,6,11,0,12.7,3.7,-1.7,Not on time
1,1,3,9085,1,1,138,1,Secondary,Higher,Clerical/service,Clerical/service,126.3,1,0,0,1,0,0,18,0,0,6,8,6,14,0,0,6,9,6,13.333333333333300,0,8.9,1.4,3.51,Graduate
1,17,4,9773,1,1,134,1,Secondary,Secondary,High-skilled,High-skilled,120.4,1,0,0,1,0,1,18,0,0,6,6,6,12.333333333333300,0,0,6,6,6,13.5,0,16.2,0.3,-0.92,Graduate
1,1,3,9500,1,1,128,1,Secondary,Secondary,Manual skilled,Manual skilled,120.5,1,0,0,1,0,1,19,0,0,7,10,5,13.04,0,0,7,7,7,12.5,0,12.4,0.5,1.79,Not on time
1,53,1,9085,1,42,140,1,Basic,Basic,Manual skilled,Low-skilled,144.9,1,0,1,0,0,0,23,0,7,11,18,11,13.166666666666700,0,4,9,15,8,13.333333333333300,0,8.9,1.4,3.51,Not on time
1,39,1,9085,1,19,133.1,1,Basic,Basic,Clerical/service,Low-skilled,139.9,1,0,0,1,0,1,24,0,1,6,7,6,12.5,0,0,6,11,6,12.833333333333300,0,8.9,1.4,3.51,Graduate
1,1,1,171,1,1,142,1,Secondary,Secondary,High-skilled,High-skilled,133.3,1,0,0,1,0,0,19,0,0,0,0,0,0,0,0,0,0,0,0,0,10.8,1.4,1.74,Graduate
1,1,3,9500,1,1,141,1,Basic,Basic,Low-skilled,Low-skilled,126,1,0,0,1,0,0,18,0,0,8,8,7,15.657142857142900,0,0,8,8,7,15.657142857142900,0,12.7,3.7,-1.7,Graduate
1,1,2,9070,1,1,145,1,Secondary,Basic,Clerical/service,High-skilled,133.5,0,0,0,1,0,0,19,0,0,6,6,6,12.166666666666700,0,0,6,6,6,11.333333333333300,0,12.7,3.7,-1.7,Graduate
1,17,2,9853,1,1,145,1,Basic,Basic,Clerical/service,Low-skilled,127.9,1,0,0,1,0,0,19,0,0,6,0,0,0,0,0,6,0,0,0,0,10.8,1.4,1.74,Not on time
1,1,1,9238,1,1,108,1,Secondary,Basic,Clerical/service,Manual skilled,105.9,0,0,0,1,0,1,20,0,0,6,11,5,10.6,0,0,6,9,5,11.166666666666700,0,11.1,0.6,2.02,Not on time
1,1,1,9085,1,1,132,1,Secondary,Secondary,Clerical/service,Clerical/service,124.3,0,0,0,1,0,0,20,0,0,6,10,6,13.428571428571400,0,0,6,11,5,12.666666666666700,0,13.9,-0.3,0.79,Not on time
1,39,1,9773,1,1,140,1,Unknown,Basic,Other/unknown,Other/unknown,102.5,0,0,0,1,0,0,26,0,0,6,8,4,11.75,0,0,6,12,0,0,0,7.6,2.6,0.32,Not on time
1,39,1,9254,1,19,133.1,1,Basic,Secondary,Low-skilled,Clerical/service,97,0,0,1,0,1,0,36,0,0,5,10,0,0,0,0,5,5,0,0,0,15.5,2.8,-4.06,Not on time
1,17,1,171,1,1,128,1,Secondary,Secondary,Clerical/service,Other/unknown,134.7,0,0,0,0,1,0,19,0,0,0,0,0,0,0,0,0,0,0,0,0,10.8,1.4,1.74,Not on time
1,42,1,9119,1,1,120,1,Basic,Basic,Low-skilled,Low-skilled,113.8,0,0,0,0,1,0,27,0,0,5,0,0,0,0,0,5,0,0,0,0,15.5,2.8,-4.06,Not on time
1,1,4,9119,1,1,120,1,Higher,Secondary,High-skilled,Clerical/service,116.9,0,0,0,1,1,0,18,0,0,5,9,1,13,0,0,5,5,0,0,0,8.9,1.4,3.51,Not on time
1,1,4,9500,1,1,139,1,Basic,Basic,Low-skilled,Low-skilled,124,1,0,0,1,1,1,18,0,0,8,8,7,13.331428571428600,0,0,8,8,7,13.331428571428600,0,10.8,1.4,1.74,Graduate
1,39,1,9070,1,1,139.3,1,Basic,Basic,Clerical/service,Clerical/service,117.5,0,0,0,1,1,0,28,0,0,6,0,0,0,0,0,6,0,0,0,0,12.4,0.5,1.79,Not on time
1,44,1,171,1,39,150,1,Basic,Secondary,Low-skilled,Low-skilled,154.8,1,0,0,1,1,0,21,0,0,0,0,0,0,0,0,0,0,0,0,0,12.4,0.5,1.79,Graduate
1,1,1,9500,1,1,138,1,Basic,Basic,Clerical/service,Low-skilled,141,0,0,0,1,1,0,19,0,0,7,7,6,13.7,0,0,7,7,6,13.7,0,7.6,2.6,0.32,Graduate
1,39,1,9670,1,9,133.1,1,Secondary,Secondary,High-skilled,High-skilled,120,0,0,1,0,1,0,26,0,0,5,5,0,0,0,0,5,5,0,0,5,9.4,-0.8,-3.12,Not on time
1,51,1,9119,1,1,136,1,Secondary,Basic,High-skilled,Clerical/service,133.6,1,0,0,1,1,0,20,0,4,9,12,9,13.454545454545500,0,2,7,9,6,13.875,0,11.1,0.6,2.02,Not on time
1,1,6,9500,1,1,134,1,Basic,Basic,Low-skilled,Low-skilled,122,1,0,0,1,1,0,19,0,0,8,8,7,12.2,0,0,8,8,7,12.2,0,12.7,3.7,-1.7,Graduate
1,1,1,9147,1,1,140,1,Basic,Basic,Manual skilled,High-skilled,120,1,0,0,1,1,0,21,0,0,5,8,3,10,0,0,5,10,4,11,0,12.7,3.7,-1.7,Not on time
1,53,1,9670,1,42,110,1,Secondary,Basic,Low-skilled,Low-skilled,114.2,0,0,0,1,1,1,23,0,0,6,7,5,13,0,0,6,7,6,12.857142857142900,0,8.9,1.4,3.51,Graduate
1,39,1,8014,0,38,133.1,1,Basic,Basic,Clerical/service,Manual skilled,95.5,0,0,0,1,1,0,29,0,0,6,11,6,12,0,0,6,6,6,14,0,11.1,0.6,2.02,Graduate
1,1,1,9500,1,1,129,1,Secondary,Secondary,Low-skilled,Low-skilled,120,0,0,0,1,1,0,20,0,0,8,8,7,15.028571428571400,0,0,8,8,7,15.028571428571400,0,12.7,3.7,-1.7,Graduate
1,1,1,9238,1,1,116,1,Secondary,Basic,Clerical/service,Low-skilled,111.1,0,0,0,1,1,0,18,0,0,6,8,6,12,0,0,6,7,6,11.714285714285700,0,15.5,2.8,-4.06,Graduate
1,1,1,9773,1,1,130,1,Secondary,Basic,High-skilled,Clerical/service,128.6,1,0,0,1,1,0,19,0,0,6,8,5,12,0,0,6,8,5,12.4,0,9.4,-0.8,-3.12,Graduate
1,7,1,9556,1,3,130,1,Secondary,Basic,Clerical/service,Manual skilled,130,0,0,0,0,1,0,23,0,3,7,7,3,13.666666666666700,0,3,8,8,3,11.333333333333300,4,10.8,1.4,1.74,Not on time
1,1,1,171,1,1,116,1,Basic,Secondary,Clerical/service,High-skilled,111.1,0,0,0,1,1,0,21,0,0,0,0,0,0,0,0,0,0,0,0,0,13.9,-0.3,0.79,Not on time
1,17,1,9147,1,1,136,1,Secondary,Secondary,Low-skilled,High-skilled,122.7,1,0,0,1,1,0,18,0,0,5,6,5,12,0,0,5,7,4,12.5,0,15.5,2.8,-4.06,Not on time
1,1,1,171,1,1,147,1,Basic,Basic,Manual skilled,Manual skilled,134.4,1,0,0,1,1,1,18,0,0,0,0,0,0,0,0,0,0,0,0,0,10.8,1.4,1.74,Graduate
1,1,5,9070,1,1,117,1,Basic,Basic,Clerical/service,Clerical/service,131,1,0,1,0,1,0,21,0,0,6,6,1,14,0,0,6,7,0,0,7,9.4,-0.8,-3.12,Not on time
1,51,1,9238,1,1,141,1,Secondary,Secondary,Clerical/service,Low-skilled,125,0,0,0,1,1,0,22,0,0,6,6,0,0,0,0,6,7,0,0,0,11.1,0.6,2.02,Not on time
1,18,1,9556,1,1,133.1,1,Higher,Basic,High-skilled,Manual skilled,106,1,0,0,1,1,0,21,0,0,7,8,7,12.375,0,0,7,11,5,12.583333333333300,0,8.9,1.4,3.51,Graduate
1,39,1,9500,1,1,133.1,1,Basic,Basic,Low-skilled,Low-skilled,128,1,0,0,0,1,0,32,0,0,7,0,0,0,0,0,8,0,0,0,0,16.2,0.3,-0.92,Not on time
1,7,1,9003,1,3,120,1,Secondary,Basic,Clerical/service,High-skilled,120,1,0,0,1,1,0,27,0,14,18,21,18,11.421052631578900,0,10,13,16,13,11.076923076923100,1,15.5,2.8,-4.06,Graduate
1,1,1,9500,1,1,148,1,Basic,Basic,Low-skilled,Manual skilled,134.8,1,0,0,1,1,0,18,0,0,7,7,6,13.35,0,0,7,7,6,13.35,0,7.6,2.6,0.32,Graduate
1,39,1,9070,1,1,130,1,Secondary,Secondary,Clerical/service,High-skilled,112,1,0,0,1,1,1,24,0,0,6,6,6,15,0,0,6,6,2,16,0,15.5,2.8,-4.06,Graduate
1,1,1,9130,1,1,120,1,Basic,Basic,High-skilled,Low-skilled,116.1,1,0,0,1,1,0,22,0,0,5,9,2,10.5,0,0,5,5,0,0,0,12.7,3.7,-1.7,Not on time
1,43,1,9130,1,1,120,1,Higher,Higher,High-skilled,High-skilled,120,1,0,0,0,1,0,22,0,0,6,0,0,0,0,0,4,6,0,0,2,10.8,1.4,1.74,Not on time
1,1,3,9147,1,1,133,1,Basic,Basic,Low-skilled,Clerical/service,119.7,1,0,0,1,1,0,19,0,0,5,8,5,13.25,0,0,5,6,5,11.833333333333300,0,13.9,-0.3,0.79,Graduate
1,17,6,9119,1,1,129,1,Basic,Secondary,Clerical/service,Other/unknown,117.1,1,0,0,1,1,0,19,0,0,5,10,0,0,0,0,5,5,0,0,0,7.6,2.6,0.32,Not on time
1,1,2,9085,1,1,118,1,Secondary,Basic,High-skilled,High-skilled,112.4,1,0,0,1,1,0,21,0,0,5,7,4,11.5,0,0,5,15,3,10.6,4,10.8,1.4,1.74,Not on time
1,1,2,9500,1,1,140,1,Secondary,Secondary,High-skilled,Manual skilled,131,1,0,0,1,0,1,18,0,0,8,8,8,13.88125,0,0,8,8,8,13.88125,0,9.4,-0.8,-3.12,Graduate
1,1,2,9254,1,1,127,1,Higher,Basic,High-skilled,Other/unknown,130.9,1,0,0,1,0,0,18,0,0,6,8,6,11.333333333333300,0,0,6,8,5,12.6,0,9.4,-0.8,-3.12,Graduate
1,1,1,171,1,1,131,1,Basic,Basic,Low-skilled,Low-skilled,134.9,1,0,1,1,0,0,20,0,0,0,0,0,0,0,0,0,0,0,0,0,16.2,0.3,-0.92,Not on time
1,17,1,9238,1,1,132,1,Secondary,Basic,Clerical/service,Low-skilled,127.1,1,0,0,1,0,0,19,0,0,6,7,6,12.857142857142900,0,0,6,7,6,13.666666666666700,0,13.9,-0.3,0.79,Graduate
1,17,5,9773,1,1,113,1,Basic,Basic,Low-skilled,Manual skilled,110.2,1,0,1,1,0,0,19,0,0,6,6,5,11.6,0,0,6,6,6,12.5,0,8.9,1.4,3.51,Graduate
1,17,1,9254,1,1,115,1,Secondary,Secondary,Low-skilled,High-skilled,108.7,1,0,0,1,0,1,18,0,0,6,9,5,11.4,0,0,6,6,6,11.333333333333300,0,12.4,0.5,1.79,Graduate
1,1,1,9130,1,1,133.1,1,Secondary,Secondary,High-skilled,Low-skilled,138,1,0,0,1,0,0,20,0,0,6,11,6,13.333333333333300,0,0,6,10,6,13,0,16.2,0.3,-0.92,Not on time
1,44,1,9070,1,39,150,1,Secondary,Basic,High-skilled,Low-skilled,147.7,0,0,1,1,0,1,22,0,2,7,7,7,13.571428571428600,0,5,9,9,9,13.77777777777780,0,12.4,0.5,1.79,Graduate
2,39,1,9556,1,19,133.1,1,Basic,Basic,Low-skilled,Low-skilled,123,0,0,0,1,0,0,31,0,0,7,13,6,11.833333333333300,0,0,7,8,7,12.228571428571400,0,12.4,0.5,1.79,Graduate
1,17,1,9853,1,1,141,1,Basic,Basic,Low-skilled,Manual skilled,142.8,0,0,0,1,0,1,19,0,0,7,7,7,14.428571428571400,0,0,7,7,7,14.142857142857100,0,16.2,0.3,-0.92,Graduate
1,1,2,171,1,1,140,1,Secondary,Higher,High-skilled,High-skilled,138.3,1,0,0,1,0,0,18,0,0,0,0,0,0,0,0,0,0,0,0,0,12.4,0.5,1.79,Not on time
1,1,2,9254,1,1,136,1,Basic,Basic,Low-skilled,Manual skilled,125.2,1,0,0,1,0,1,18,0,0,6,8,6,12.285714285714300,0,0,6,9,5,12.4,0,8.9,1.4,3.51,Graduate
1,1,1,9085,1,1,140,1,Secondary,Secondary,High-skilled,Other/unknown,141.8,0,0,0,1,0,0,21,0,0,5,7,5,14.4,0,0,5,5,5,13.8,0,7.6,2.6,0.32,Graduate
1,17,5,9500,1,1,143,1,Basic,Secondary,Low-skilled,Manual skilled,130.6,1,0,0,1,0,1,18,0,0,7,8,7,13.15,0,0,8,9,8,15.06875,0,13.9,-0.3,0.79,Graduate
1,44,1,9147,1,39,130,22,Higher,Basic,High-skilled,Manual skilled,130,0,0,1,0,1,0,25,1,0,5,6,0,0,0,0,5,5,0,0,0,15.5,2.8,-4.06,Not on time
1,15,1,9119,1,1,133.1,41,Secondary,Higher,Clerical/service,Manual skilled,100,0,0,1,1,1,0,21,1,0,5,5,0,0,0,0,6,8,0,0,0,11.1,0.6,2.02,Not on time
1,18,2,9500,1,1,129,1,Basic,Basic,Clerical/service,Clerical/service,119,1,0,0,1,0,1,19,0,0,8,8,7,12.342857142857100,0,0,8,8,7,12.342857142857100,0,10.8,1.4,1.74,Graduate
1,1,2,9773,1,1,132,1,Basic,Secondary,Low-skilled,Low-skilled,124.3,1,0,0,1,0,0,19,0,0,6,6,5,12.2,0,0,6,7,5,10.8,0,10.8,1.4,1.74,Not on time
1,17,1,9254,1,1,118,1,Basic,Unknown,Clerical/service,Other/unknown,122.2,1,0,0,1,0,0,22,0,0,6,10,4,10.5,0,0,6,14,1,11,0,7.6,2.6,0.32,Not on time
1,15,1,9147,1,1,150,1,Basic,Secondary,Low-skilled,High-skilled,150,0,0,0,1,1,0,19,0,0,5,5,5,10.6,0,0,5,8,5,11.6,0,12.4,0.5,1.79,Graduate
1,39,1,8014,0,19,133.1,1,Basic,Basic,Low-skilled,Clerical/service,135.5,0,0,0,1,0,0,58,0,0,6,6,0,0,0,0,6,6,0,0,0,11.1,0.6,2.02,Not on time
1,16,2,9238,1,1,122,1,Basic,Basic,Low-skilled,Manual skilled,127.3,1,0,0,1,0,1,19,0,0,6,8,4,11.25,0,0,6,6,6,12,0,10.8,1.4,1.74,Graduate
1,43,1,9670,1,1,127,22,Basic,Basic,Low-skilled,Low-skilled,127,1,0,0,1,1,0,23,1,3,9,11,6,10.5,0,4,10,10,10,11.7,0,9.4,-0.8,-3.12,Graduate
1,1,2,9773,1,1,122,1,Basic,Basic,Low-skilled,Low-skilled,126.9,1,0,0,1,0,1,19,0,0,6,11,4,11,0,0,6,11,3,11.666666666666700,0,9.4,-0.8,-3.12,Not on time
1,18,3,9500,1,1,131,1,Basic,Secondary,Clerical/service,Manual skilled,127.5,1,0,0,1,0,0,18,0,0,7,7,7,13.457142857142900,0,0,8,8,8,14.5125,0,13.9,-0.3,0.79,Graduate
1,1,2,9085,1,1,130,1,Basic,Basic,Other/unknown,Other/unknown,122,0,0,0,1,0,0,20,0,0,5,6,5,12.6,0,0,5,8,4,12.333333333333300,0,7.6,2.6,0.32,Graduate
1,17,5,9085,1,1,130,1,Basic,Basic,Other/unknown,Manual skilled,115.8,0,0,0,0,0,0,18,0,0,6,0,0,0,0,0,6,0,0,0,0,12.7,3.7,-1.7,Not on time
1,17,1,9670,1,1,130,1,Higher,Basic,Clerical/service,Clerical/service,121.6,0,0,0,1,0,0,18,0,0,6,6,6,13.666666666666700,0,0,6,8,5,13.6,0,8.9,1.4,3.51,Graduate
1,17,4,9147,1,1,122,1,Basic,Basic,Clerical/service,Manual skilled,116.4,1,0,1,1,0,1,18,0,0,5,5,5,11.6,0,0,5,5,5,11.8,0,11.1,0.6,2.02,Graduate
1,39,1,9130,1,1,114,1,Basic,Basic,Low-skilled,Other/unknown,120,0,0,0,1,0,0,24,0,0,6,9,6,12.571428571428600,0,0,6,10,5,12.833333333333300,0,11.1,0.6,2.02,Not on time
1,17,4,9853,1,1,143,1,Basic,Basic,Low-skilled,Clerical/service,127.3,1,0,0,1,0,0,18,0,0,6,7,5,11.8,0,0,6,7,5,11.4,0,10.8,1.4,1.74,Not on time
1,1,3,9147,1,1,127,1,Secondary,Basic,Clerical/service,Manual skilled,123.5,1,0,0,1,0,1,19,0,0,5,5,5,11.6,0,0,5,11,3,12.666666666666700,0,9.4,-0.8,-3.12,Not on time
1,17,3,9238,1,1,141,1,Basic,Basic,Low-skilled,Manual skilled,125.6,1,0,0,1,0,1,19,0,0,6,8,6,11.333333333333300,0,0,6,6,6,11.833333333333300,0,8.9,1.4,3.51,Graduate
1,1,1,9254,1,1,129,1,Basic,Basic,Manual skilled,Manual skilled,118.5,1,0,0,1,0,0,18,0,0,6,6,6,10.666666666666700,0,0,6,6,6,11.5,0,7.6,2.6,0.32,Graduate
1,1,2,9130,1,1,140,1,Basic,Basic,Low-skilled,Low-skilled,129.5,1,0,0,1,0,0,18,0,0,5,10,4,13.5,1,0,5,5,5,13.4,0,12.7,3.7,-1.7,Not on time
1,1,1,171,1,1,137,1,Basic,Basic,Clerical/service,Clerical/service,134.6,1,0,0,1,0,1,19,0,0,0,0,0,0,0,0,0,0,0,0,0,10.8,1.4,1.74,Graduate
1,44,1,9085,1,1,140,1,Higher,Higher,High-skilled,Manual skilled,140,0,0,0,1,0,0,22,0,2,6,9,6,13.333333333333300,0,1,6,9,4,11.5,0,13.9,-0.3,0.79,Graduate
1,1,1,9254,1,1,143,1,Higher,Basic,High-skilled,High-skilled,133.2,1,0,0,1,0,0,19,0,0,6,9,5,13.4,0,0,6,16,2,13.5,0,10.8,1.4,1.74,Not on time
3,17,1,9238,1,1,138,1,Basic,Basic,Low-skilled,Low-skilled,133.5,1,0,0,1,0,1,21,0,0,6,8,3,10.2,0,0,6,13,4,12.25,0,12.7,3.7,-1.7,Not on time
1,17,1,9773,1,1,120,1,Basic,Basic,Low-skilled,Manual skilled,117.9,1,0,0,1,0,1,21,0,0,6,6,5,13,0,0,6,7,6,12.833333333333300,0,8.9,1.4,3.51,Graduate
1,1,3,9500,1,1,144,1,Basic,Basic,Clerical/service,Manual skilled,128,1,0,0,1,0,1,18,0,0,8,11,7,12.90857142857140,0,0,8,11,7,12.90857142857140,0,10.8,1.4,1.74,Graduate
1,1,5,9853,1,1,123,1,Secondary,Secondary,Clerical/service,Low-skilled,113.2,1,0,0,1,0,0,20,0,0,6,12,4,12,0,0,6,11,1,10,0,10.8,1.4,1.74,Not on time
1,1,3,9254,1,1,129,1,Basic,Basic,Manual skilled,Manual skilled,122,1,0,0,1,0,1,18,0,0,6,9,6,10.833333333333300,0,0,6,8,5,11,0,7.6,2.6,0.32,Not on time
1,16,3,9070,1,1,152,1,Secondary,Basic,Clerical/service,Manual skilled,156.9,1,0,0,1,0,0,19,0,0,6,6,6,15.333333333333300,0,0,6,9,6,15.833333333333300,0,12.7,3.7,-1.7,Graduate
1,1,2,9500,1,1,130,1,Secondary,Basic,Low-skilled,Low-skilled,125.1,1,0,0,1,0,1,18,0,0,7,9,6,12.816666666666700,0,0,8,11,6,12.875,0,11.1,0.6,2.02,Not on time
1,15,1,9147,1,1,133.1,41,Higher,Secondary,High-skilled,Clerical/service,100,0,0,1,0,1,0,26,1,6,7,7,6,13,0,2,6,6,2,14,0,11.1,0.6,2.02,Not on time
1,15,1,9119,1,1,160,32,Secondary,Higher,Clerical/service,Clerical/service,160,0,0,1,1,0,0,19,1,0,6,11,2,13.5,1,0,5,11,2,11,0,8.9,1.4,3.51,Not on time
2,39,1,8014,0,1,140,1,Basic,Basic,Low-skilled,Low-skilled,101,0,0,0,1,0,0,35,0,0,6,7,6,12.5,0,0,6,6,6,12.166666666666700,0,15.5,2.8,-4.06,Graduate
1,18,1,9670,1,1,133,1,Secondary,Secondary,Low-skilled,Low-skilled,121.5,1,0,0,1,0,1,19,0,0,6,7,6,13,0,0,6,6,6,14.333333333333300,0,12.4,0.5,1.79,Graduate
1,1,1,9085,1,1,138,1,Basic,Basic,Low-skilled,Manual skilled,126.8,1,0,0,1,1,0,18,0,0,5,6,4,11.75,0,0,5,10,5,12.571428571428600,1,10.8,1.4,1.74,Graduate
1,1,5,9670,1,1,142,1,Basic,Basic,Manual skilled,High-skilled,132.9,0,0,0,1,1,0,19,0,0,5,5,4,12.5,0,0,5,5,4,14.25,0,7.6,2.6,0.32,Graduate
1,1,1,171,1,1,115,1,Secondary,Secondary,Low-skilled,Low-skilled,134.3,1,0,0,1,1,0,25,0,16,17,19,17,11.61111111111110,0,14,17,22,17,12.055555555555600,0,12.4,0.5,1.79,Graduate
1,17,6,9254,1,1,125,1,Secondary,Secondary,Clerical/service,High-skilled,120.5,1,0,0,1,1,0,18,0,0,6,6,6,14,0,0,6,6,6,14.666666666666700,0,11.1,0.6,2.02,Graduate
1,17,1,9003,1,1,170,1,Secondary,Higher,Low-skilled,Clerical/service,144.1,1,0,1,0,1,0,26,0,0,6,8,0,0,0,0,6,10,0,0,0,16.2,0.3,-0.92,Not on time
1,43,1,9991,0,1,140,1,Secondary,Secondary,Manual skilled,Manual skilled,100,0,0,0,1,1,0,34,0,0,5,5,5,13.8,0,0,5,6,5,13.833333333333300,0,9.4,-0.8,-3.12,Graduate
1,1,2,9254,1,1,110,1,Higher,Basic,Clerical/service,High-skilled,114.8,1,0,0,0,1,0,18,0,0,5,6,0,0,0,0,5,5,0,0,0,12.7,3.7,-1.7,Not on time
1,1,1,171,1,1,114,1,Higher,Basic,High-skilled,Clerical/service,111.9,0,0,0,0,1,0,18,0,0,0,0,0,0,0,0,0,0,0,0,0,9.4,-0.8,-3.12,Not on time
1,17,3,9119,1,1,138,1,Secondary,Basic,Clerical/service,High-skilled,125.4,1,0,0,1,1,1,18,0,0,5,9,4,12.25,0,0,5,9,3,12.333333333333300,0,8.9,1.4,3.51,Not on time
1,44,1,9003,1,39,140,1,Basic,Basic,Low-skilled,Clerical/service,140,0,0,0,1,1,0,20,0,0,6,12,3,11.5,0,0,6,12,3,13.666666666666700,0,12.4,0.5,1.79,Not on time
1,44,1,9070,1,39,140,1,Secondary,Basic,Clerical/service,Clerical/service,140,0,0,0,1,1,0,25,0,2,7,9,6,12.571428571428600,0,5,9,9,9,12.555555555555600,0,16.2,0.3,-0.92,Graduate
1,17,1,9130,1,1,132,1,Higher,Secondary,Clerical/service,High-skilled,127.8,0,0,0,1,1,0,18,0,0,6,9,6,12,0,0,6,10,5,12.166666666666700,0,11.1,0.6,2.02,Not on time
1,1,1,9003,1,1,148,1,Basic,Basic,Low-skilled,Low-skilled,131.6,1,0,0,1,1,0,19,0,8,12,17,11,12,2,4,12,21,12,12.307692307692300,0,15.5,2.8,-4.06,Graduate
1,1,1,171,1,1,132,1,Secondary,Secondary,Clerical/service,High-skilled,119.4,1,0,0,1,1,0,20,0,0,0,0,0,0,0,0,0,0,0,0,0,10.8,1.4,1.74,Not on time
1,18,2,9238,1,1,126,1,Basic,Basic,Clerical/service,Manual skilled,129.9,1,0,0,1,1,1,20,0,1,7,9,6,12,0,2,6,6,6,11.166666666666700,0,10.8,1.4,1.74,Graduate
1,1,1,9119,1,1,121,1,Higher,Secondary,High-skilled,High-skilled,114,0,0,0,1,1,0,20,0,0,5,9,4,11.6,0,0,5,7,4,12.25,2,7.6,2.6,0.32,Not on time
1,1,2,9147,1,1,120,1,Secondary,Basic,Clerical/service,Low-skilled,113.4,1,0,0,1,1,1,19,0,0,5,5,0,0,0,0,5,5,0,0,0,11.1,0.6,2.02,Not on time
1,1,1,9147,1,1,123,1,Secondary,Basic,Clerical/service,Clerical/service,117.8,0,0,0,1,1,0,20,0,0,5,9,5,12,0,0,5,9,4,13,0,8.9,1.4,3.51,Not on time
1,1,6,9500,1,1,122,1,Secondary,Secondary,High-skilled,Manual skilled,114.3,1,0,0,1,1,0,18,0,0,7,8,6,13.976666666666700,0,0,8,12,6,12.041666666666700,1,11.1,0.6,2.02,Not on time
1,1,1,9670,1,1,136,1,Higher,Basic,Clerical/service,Manual skilled,129.7,1,0,0,1,1,0,19,0,0,6,10,4,12.5,0,0,6,12,1,10,3,16.2,0.3,-0.92,Not on time
1,18,1,9147,1,1,119,1,Basic,Basic,Manual skilled,Manual skilled,112,1,0,0,0,1,0,20,0,0,5,5,0,0,0,0,5,0,0,0,0,9.4,-0.8,-3.12,Not on time
1,39,1,9670,1,1,120,1,Basic,Basic,Manual skilled,Manual skilled,140,0,0,0,1,1,0,24,0,0,6,15,4,10.5,0,0,6,16,4,12.5,0,15.5,2.8,-4.06,Not on time
1,44,1,9003,1,39,150,1,Basic,Basic,Low-skilled,Manual skilled,150,1,0,0,1,1,0,20,0,0,6,8,5,12.857142857142900,0,0,6,11,6,12.3,0,16.2,0.3,-0.92,Graduate
1,1,3,9670,1,1,121,1,Higher,Basic,High-skilled,Manual skilled,122.4,1,0,0,1,1,0,19,0,0,5,7,3,11.666666666666700,0,0,5,5,4,12,0,9.4,-0.8,-3.12,Not on time
1,51,1,9119,1,1,140,1,Secondary,Basic,Clerical/service,Clerical/service,150,0,0,0,1,1,0,23,0,0,5,7,2,13,0,0,5,11,1,10,0,8.9,1.4,3.51,Not on time
1,17,2,9254,1,1,135,1,Basic,Basic,Clerical/service,High-skilled,135,1,0,0,1,1,0,20,0,0,6,8,6,11.833333333333300,0,0,6,9,5,10.4,0,7.6,2.6,0.32,Not on time
1,43,4,8014,0,1,116,1,Unknown,Unknown,Other/unknown,Other/unknown,116.2,0,0,0,1,1,0,21,0,9,11,11,11,12.454545454545500,0,3,11,17,8,12.75,0,9.4,-0.8,-3.12,Graduate
1,17,2,9119,1,1,120,1,Secondary,Secondary,Low-skilled,Low-skilled,120.4,1,0,0,1,1,0,20,0,0,5,6,3,11,0,0,5,6,0,0,0,10.8,1.4,1.74,Not on time
2,17,5,9119,1,1,126,1,Basic,Basic,Clerical/service,Clerical/service,122.9,1,0,0,1,1,0,21,0,0,5,10,4,13.2,0,0,5,7,4,14.25,2,7.6,2.6,0.32,Not on time
1,1,1,9773,1,1,170,1,Secondary,Basic,Low-skilled,Manual skilled,155,0,0,0,1,1,1,18,0,0,6,6,6,15.5,0,0,6,6,6,14.166666666666700,0,11.1,0.6,2.02,Graduate
1,1,3,9254,1,1,123,1,Secondary,Secondary,Clerical/service,High-skilled,123.4,1,0,0,1,1,0,18,0,0,6,8,6,12.333333333333300,0,0,6,6,6,13.666666666666700,0,11.1,0.6,2.02,Graduate
1,17,1,9147,1,1,120,1,Higher,Basic,High-skilled,Manual skilled,124.2,1,0,0,1,1,0,18,0,0,5,13,5,12,0,0,5,9,4,11.4,0,13.9,-0.3,0.79,Not on time
1,44,1,9003,1,39,130,1,Higher,Higher,Manual skilled,High-skilled,130,1,0,0,1,1,0,20,0,0,6,12,4,11.6,0,0,6,11,5,11.5,0,15.5,2.8,-4.06,Not on time
1,17,1,9773,1,1,130,1,Basic,Basic,Clerical/service,Low-skilled,126.2,0,0,0,1,1,1,18,0,0,6,7,6,11.333333333333300,0,0,6,8,6,12.285714285714300,0,16.2,0.3,-0.92,Graduate
1,17,1,9773,1,1,117,1,Basic,Basic,Other/unknown,Clerical/service,120.5,1,0,0,1,1,0,19,0,0,6,12,0,0,1,0,6,0,0,0,0,9.4,-0.8,-3.12,Not on time
1,17,1,9119,1,1,131,1,Secondary,Higher,Low-skilled,Other/unknown,123.7,1,0,0,1,1,0,20,0,0,5,7,4,12,0,0,5,8,2,12.5,0,10.8,1.4,1.74,Not on time
1,17,1,9130,1,1,130,1,Basic,Basic,Clerical/service,Manual skilled,122.5,0,0,0,1,1,0,19,0,0,5,11,4,12,1,0,5,9,5,12.6,0,9.4,-0.8,-3.12,Graduate
1,39,1,9991,0,1,133,1,Basic,Basic,Low-skilled,Clerical/service,139.2,1,0,1,1,1,0,33,0,0,5,11,2,12.5,0,0,5,9,2,11.5,1,12.7,3.7,-1.7,Not on time
1,51,1,171,1,1,128,1,Higher,Secondary,High-skilled,High-skilled,131.2,1,0,0,1,1,0,21,0,6,12,12,12,13.666666666666700,0,4,11,16,11,13,0,8.9,1.4,3.51,Graduate
2,39,1,9003,1,1,133.1,1,Secondary,Basic,Clerical/service,Clerical/service,120,0,0,1,0,1,0,25,0,0,6,17,2,14.5,2,0,6,13,0,0,1,15.5,2.8,-4.06,Not on time
1,1,1,9085,1,1,123,1,Secondary,Secondary,Clerical/service,Low-skilled,116.7,1,0,0,1,1,1,20,0,0,6,10,4,13.2,0,0,6,8,0,0,0,12.4,0.5,1.79,Not on time
1,53,1,9085,1,42,150,1,Secondary,Secondary,Low-skilled,Clerical/service,150,1,0,0,1,1,1,22,0,1,7,11,5,12.166666666666700,0,4,8,14,5,14.8,0,8.9,1.4,3.51,Not on time
4,39,1,9773,1,19,133.1,1,Basic,Basic,Low-skilled,High-skilled,117.5,0,0,0,1,0,0,39,0,0,6,10,4,11.25,0,0,6,6,6,11.333333333333300,0,10.8,1.4,1.74,Graduate
1,1,2,9670,1,1,140,1,Higher,Secondary,High-skilled,Manual skilled,137.6,1,0,0,1,1,1,21,0,0,6,8,6,15.166666666666700,0,0,6,7,6,14.428571428571400,0,8.9,1.4,3.51,Graduate
1,17,1,9254,1,1,126,1,Secondary,Secondary,Low-skilled,Low-skilled,124.3,0,0,0,1,0,1,19,0,0,6,8,6,11.166666666666700,0,0,6,7,4,13.4,0,16.2,0.3,-0.92,Graduate
1,39,1,9500,1,19,133.1,1,Basic,Basic,Low-skilled,Manual skilled,116,0,0,0,1,0,1,26,0,0,7,8,6,10.983333333333300,0,0,7,8,6,10.983333333333300,0,7.6,2.6,0.32,Graduate
1,18,2,9238,1,1,121,1,Basic,Secondary,Clerical/service,High-skilled,121.4,1,0,0,1,0,1,19,0,0,6,8,4,10.75,0,0,6,11,5,11.5,0,15.5,2.8,-4.06,Graduate
1,53,1,9085,1,42,140,1,Secondary,Higher,Clerical/service,High-skilled,142.8,1,0,0,0,0,1,20,0,7,12,15,11,13.384615384615400,0,4,9,13,7,14.285714285714300,0,8.9,1.4,3.51,Graduate
1,17,1,9670,1,1,133.1,1,Secondary,Basic,Clerical/service,Low-skilled,96,1,0,0,1,0,1,25,0,0,6,8,6,11.285714285714300,0,0,6,10,5,12.2,0,15.5,2.8,-4.06,Not on time
1,43,1,8014,0,1,131,1,Basic,Basic,Manual skilled,Clerical/service,125,0,0,0,1,1,0,24,0,0,6,13,0,0,3,0,6,6,0,0,0,16.2,0.3,-0.92,Not on time
1,17,6,9119,1,1,124,1,Basic,Basic,Clerical/service,Other/unknown,126.1,1,0,0,1,1,0,20,0,0,5,7,4,13,0,0,5,9,5,14.833333333333300,3,7.6,2.6,0.32,Graduate
2,39,1,9003,1,1,120,1,Basic,Basic,Low-skilled,Low-skilled,155.8,0,0,0,1,1,0,29,0,0,6,9,6,16.11111111111110,0,0,6,7,6,13.5,0,13.9,-0.3,0.79,Graduate
1,1,1,9773,1,1,133.1,1,Secondary,Higher,Low-skilled,Low-skilled,116,0,0,0,1,1,0,20,0,0,6,8,6,11.5,0,0,6,8,6,11,0,16.2,0.3,-0.92,Graduate
1,44,1,9130,1,39,110,1,Higher,Higher,High-skilled,High-skilled,110,1,0,0,1,1,0,20,0,0,6,15,4,10.75,0,0,6,12,2,10.5,0,13.9,-0.3,0.79,Not on time
1,39,1,9670,1,19,133.1,1,Basic,Secondary,Clerical/service,Manual skilled,97.2,1,0,0,1,1,1,24,0,0,6,10,4,11.6,0,0,6,8,5,13,0,11.1,0.6,2.02,Graduate
1,39,1,9500,1,19,133.1,1,Secondary,Higher,High-skilled,High-skilled,100,0,0,1,1,1,0,24,0,0,7,21,0,0,3,0,7,7,0,0,0,16.2,0.3,-0.92,Not on time
1,7,1,9119,1,40,140,1,Higher,Secondary,High-skilled,Clerical/service,140,0,0,0,1,1,0,23,0,0,5,5,5,13.8,0,0,5,7,5,14.142857142857100,0,11.1,0.6,2.02,Graduate
1,43,1,9556,1,1,130,1,Secondary,Basic,Clerical/service,Clerical/service,128,1,0,0,1,1,0,20,0,0,7,8,7,13.585714285714300,0,0,8,8,8,14.6875,0,15.5,2.8,-4.06,Graduate
1,17,2,9670,1,1,110,1,Secondary,Secondary,Clerical/service,Other/unknown,115.3,1,0,0,1,1,0,19,0,0,6,8,6,13.857142857142900,0,0,6,8,5,13,0,15.5,2.8,-4.06,Graduate
4,39,1,9003,1,1,140,1,Basic,Basic,Low-skilled,Manual skilled,150,0,0,0,1,1,0,28,0,0,6,12,5,12,0,0,6,10,6,12.333333333333300,0,11.1,0.6,2.02,Not on time
1,44,1,9003,1,39,160,1,Secondary,Basic,Clerical/service,Clerical/service,160,1,0,0,1,1,1,20,0,0,6,9,6,13.444444444444400,0,0,6,9,5,12.6,0,13.9,-0.3,0.79,Graduate
1,1,1,9070,1,1,138,1,Basic,Basic,High-skilled,High-skilled,133.1,0,0,0,1,1,0,18,0,0,6,6,6,14,0,0,6,7,6,13.857142857142900,0,8.9,1.4,3.51,Graduate
1,1,1,9670,1,1,126,1,Secondary,Secondary,Other/unknown,Other/unknown,119,1,0,1,1,1,0,20,0,0,6,10,1,12,1,0,6,0,0,0,0,10.8,1.4,1.74,Not on time
2,39,1,9991,0,1,120,1,Basic,Basic,Clerical/service,High-skilled,156,1,0,0,1,1,0,33,0,0,5,5,5,14.2,0,0,5,6,5,13.833333333333300,0,10.8,1.4,1.74,Graduate
2,39,1,9500,1,1,130,1,Basic,Basic,Low-skilled,Manual skilled,163.7,0,0,0,1,0,0,35,0,0,7,11,5,13.34,0,0,7,9,5,10.84,0,12.4,0.5,1.79,Not on time
1,39,1,9500,1,40,130,1,Basic,Basic,Low-skilled,Manual skilled,130,0,0,0,1,0,0,27,0,3,8,12,7,12.457142857142900,0,3,8,12,7,12.457142857142900,0,12.7,3.7,-1.7,Not on time
1,17,5,9773,1,1,122,1,Basic,Basic,Manual skilled,Manual skilled,123.1,1,0,0,0,0,0,19,0,0,6,12,3,11,0,0,6,12,3,12,0,9.4,-0.8,-3.12,Not on time
1,39,1,9991,0,1,160,41,Basic,Basic,Low-skilled,Low-skilled,160,0,0,0,1,0,1,31,1,0,5,13,4,10.5,0,0,5,10,4,10.5,0,15.5,2.8,-4.06,Not on time
1,1,1,171,1,1,134,1,Basic,Basic,Manual skilled,Manual skilled,136.1,1,0,0,1,1,0,19,0,0,0,0,0,0,0,0,0,0,0,0,0,9.4,-0.8,-3.12,Graduate
1,43,1,9070,1,1,134,1,Basic,Basic,Manual skilled,Manual skilled,132.7,1,0,0,1,1,0,22,0,9,13,13,13,14,0,7,12,13,12,13,0,15.5,2.8,-4.06,Graduate
1,43,1,9500,1,1,140,100,Secondary,Secondary,Manual skilled,Manual skilled,128.2,0,0,0,1,0,0,39,1,0,7,0,0,0,0,0,8,0,0,0,0,12.7,3.7,-1.7,Not on time
1,17,1,9254,1,1,127,1,Secondary,Secondary,Clerical/service,Manual skilled,126.7,1,0,0,0,1,0,22,0,0,1,1,0,0,0,0,6,0,0,0,0,12.4,0.5,1.79,Not on time
2,39,1,9991,0,1,133.1,1,Basic,Basic,Low-skilled,Other/unknown,150,0,0,0,1,1,0,47,0,0,5,8,4,10,0,0,5,8,4,12.5,0,9.4,-0.8,-3.12,Not on time
1,17,1,171,1,1,143,1,Basic,Basic,Clerical/service,Low-skilled,156.3,1,0,0,1,1,1,19,0,0,0,0,0,0,0,0,0,0,0,0,0,11.1,0.6,2.02,Graduate
1,10,1,9254,1,1,115,24,Higher,Secondary,Low-skilled,Low-skilled,116.1,1,0,0,1,0,0,19,1,0,6,6,6,13.5,0,0,6,6,6,14.333333333333300,0,12.4,0.5,1.79,Graduate
1,17,1,9500,1,1,131,1,Basic,Basic,Low-skilled,Low-skilled,123.8,1,0,0,1,0,0,19,0,0,7,0,0,0,0,0,8,0,0,0,0,15.5,2.8,-4.06,Not on time
1,1,1,171,1,1,146,1,Basic,Basic,Low-skilled,Manual skilled,153,1,0,0,1,0,1,21,0,15,17,18,17,13.38888888888890,0,15,17,18,17,14.88888888888890,0,11.1,0.6,2.02,Graduate
1,7,1,9500,1,5,140,1,Basic,Secondary,Clerical/service,High-skilled,140,1,0,0,0,0,0,39,0,0,7,0,0,0,0,0,8,0,0,0,0,12.4,0.5,1.79,Not on time
1,17,1,171,1,1,135,1,Basic,Secondary,Clerical/service,High-skilled,131.9,1,0,0,1,1,0,19,0,6,12,12,12,13.583333333333300,0,4,11,12,11,13.583333333333300,0,8.9,1.4,3.51,Graduate
1,1,1,171,1,1,133,1,Basic,Basic,Low-skilled,Manual skilled,141.4,0,0,0,1,1,1,20,0,0,0,0,0,0,0,0,0,0,0,0,0,13.9,-0.3,0.79,Not on time
1,39,1,9147,1,12,133.1,1,Secondary,Secondary,Low-skilled,Clerical/service,140,1,0,1,0,1,0,24,0,0,5,5,0,0,0,0,5,5,0,0,0,12.7,3.7,-1.7,Not on time
1,39,1,9991,0,1,120,1,Basic,Basic,Low-skilled,Low-skilled,115,1,0,0,1,1,0,27,0,0,5,9,1,10,0,0,5,5,0,0,0,12.7,3.7,-1.7,Not on time
2,39,1,9991,0,1,133.1,1,Basic,Basic,Low-skilled,Low-skilled,168,0,0,0,1,1,0,29,0,0,5,5,5,15.2,0,0,5,5,5,15.2,0,11.1,0.6,2.02,Graduate
1,17,1,9085,1,1,130,1,Basic,Secondary,Low-skilled,Clerical/service,101.3,1,0,0,1,1,0,20,0,0,6,12,4,12.8,0,0,6,17,0,0,0,12.4,0.5,1.79,Not on time
1,1,1,9670,1,1,125,1,Basic,Secondary,Manual skilled,Clerical/service,122.6,0,0,0,1,1,0,21,0,0,5,7,5,11.166666666666700,0,0,5,5,4,11,0,9.4,-0.8,-3.12,Not on time
1,1,1,171,1,1,134,1,Higher,Higher,High-skilled,High-skilled,141.7,1,0,0,1,1,0,18,0,0,0,0,0,0,0,0,0,0,0,0,0,7.6,2.6,0.32,Not on time
1,1,1,9500,1,1,151,1,Secondary,Secondary,Clerical/service,High-skilled,132.3,0,0,0,1,1,0,19,0,0,8,9,7,12.828571428571400,0,0,8,9,7,12.828571428571400,0,12.7,3.7,-1.7,Graduate
1,17,1,9773,1,1,112,1,Secondary,Secondary,Clerical/service,High-skilled,111.7,0,0,1,0,1,0,19,0,0,6,6,6,12.5,0,0,6,10,4,12.6,0,15.5,2.8,-4.06,Not on time
1,39,1,9119,1,1,120,1,Basic,Basic,Low-skilled,Low-skilled,98.7,0,0,0,1,1,1,28,0,0,5,12,3,10,0,0,5,10,3,12.4,0,12.4,0.5,1.79,Graduate
1,15,1,9254,1,1,140,26,Basic,Secondary,Low-skilled,Manual skilled,140,1,0,0,0,0,0,21,1,0,6,6,6,11.5,0,0,6,10,4,13.25,0,13.9,-0.3,0.79,Graduate
1,10,1,9500,1,1,140,24,Higher,Higher,High-skilled,Low-skilled,140,1,0,1,0,0,0,23,1,0,8,11,7,11.328571428571400,0,0,8,11,7,11.328571428571400,0,12.7,3.7,-1.7,Not on time
4,39,1,9003,1,1,133.1,1,Basic,Basic,Low-skilled,Clerical/service,100.7,0,0,0,1,0,0,39,0,0,6,15,2,13,2,0,6,13,3,13,1,15.5,2.8,-4.06,Not on time
1,17,3,9500,1,1,143,1,Basic,Secondary,Low-skilled,Clerical/service,133.8,1,0,0,1,0,0,18,0,0,7,7,6,13.033333333333300,0,0,7,7,6,13.033333333333300,0,7.6,2.6,0.32,Graduate
2,15,1,9773,1,1,133.1,41,Basic,Basic,Low-skilled,Manual skilled,100,0,0,0,1,0,0,59,1,0,6,8,6,12.166666666666700,0,0,6,7,4,11.75,0,11.1,0.6,2.02,Graduate
1,7,1,9119,1,4,180,1,Higher,Higher,High-skilled,Manual skilled,180,0,0,1,1,1,0,30,0,0,5,6,4,14.5,0,0,5,10,3,16.2,0,13.9,-0.3,0.79,Not on time
1,1,1,9085,1,1,136,1,Secondary,Basic,Low-skilled,Low-skilled,130.8,1,0,0,1,0,0,18,0,0,5,7,5,14.4,1,0,5,5,5,13.6,0,12.7,3.7,-1.7,Graduate
2,44,1,9991,0,39,140,1,Basic,Basic,Low-skilled,Low-skilled,140,0,0,0,1,0,0,41,0,2,6,10,4,12.25,0,3,7,9,6,12.5,0,9.4,-0.8,-3.12,Not on time
1,39,1,9500,1,1,130,1,Basic,Basic,Low-skilled,Manual skilled,106.2,1,0,0,1,0,0,27,0,0,7,14,0,0,0,0,7,14,0,0,0,11.1,0.6,2.02,Not on time
1,1,1,9238,1,1,141,1,Basic,Basic,Low-skilled,Other/unknown,125.6,1,0,0,1,0,1,18,0,0,6,6,6,12.666666666666700,0,0,6,6,6,12,0,9.4,-0.8,-3.12,Graduate
1,18,5,9853,1,1,121,1,Basic,Basic,Manual skilled,Manual skilled,117.5,1,0,1,0,0,0,20,0,0,6,14,2,12,0,0,6,14,3,11.666666666666700,0,10.8,1.4,1.74,Not on time
2,39,1,9119,1,3,120,1,Basic,Basic,Clerical/service,Manual skilled,122.5,0,0,0,0,0,0,32,0,0,5,6,0,0,0,0,5,5,0,0,0,12.7,3.7,-1.7,Not on time
1,17,1,9147,1,1,129,1,Basic,Basic,High-skilled,Clerical/service,132.9,1,0,0,1,0,0,19,0,0,5,5,3,11.666666666666700,0,0,5,10,4,10.8,0,9.4,-0.8,-3.12,Not on time
2,39,1,9853,1,12,133.1,1,Basic,Basic,Manual skilled,Manual skilled,103,0,0,0,1,0,0,41,0,0,6,0,0,0,0,0,6,0,0,0,0,16.2,0.3,-0.92,Not on time
4,17,5,8014,0,1,100,1,Basic,Basic,Other/unknown,Other/unknown,107,0,0,0,1,0,0,38,0,0,5,12,1,10,0,0,5,10,0,0,0,10.8,1.4,1.74,Not on time
1,7,1,9130,1,2,133.1,6,Higher,Secondary,Clerical/service,Low-skilled,100,0,0,0,1,1,0,35,1,0,7,8,0,0,1,0,6,9,0,0,0,8.9,1.4,3.51,Not on time
1,39,1,8014,0,1,133.1,1,Unknown,Unknown,Other/unknown,Other/unknown,100,1,0,0,1,0,0,27,0,0,6,11,4,12.25,0,0,6,16,3,12,0,7.6,2.6,0.32,Not on time
1,17,1,9070,1,1,139,1,Secondary,Basic,Clerical/service,Low-skilled,131.3,1,0,0,1,0,0,19,0,0,6,10,4,12,1,0,6,6,6,12.5,0,7.6,2.6,0.32,Graduate
1,18,1,9773,1,1,125,1,Basic,Basic,Low-skilled,Clerical/service,122.2,0,0,0,0,0,0,18,0,0,6,7,5,12.6,0,0,6,6,5,11.8,0,11.1,0.6,2.02,Not on time
2,39,1,9991,0,9,133.1,1,Unknown,Unknown,Other/unknown,Other/unknown,118.4,0,0,0,0,0,0,39,0,0,5,5,0,0,0,0,5,5,0,0,0,7.6,2.6,0.32,Not on time
2,7,1,9254,1,2,100,1,Basic,Basic,Low-skilled,Low-skilled,100,0,0,0,0,0,0,37,0,0,5,5,0,0,0,0,5,10,0,0,0,10.8,1.4,1.74,Not on time
5,39,1,9500,1,1,110,1,Basic,Basic,Low-skilled,Low-skilled,110,0,0,0,0,0,0,37,0,0,8,8,0,0,1,0,8,8,0,0,1,12.7,3.7,-1.7,Not on time
2,43,1,8014,0,1,133.1,1,Unknown,Unknown,Other/unknown,Other/unknown,100,0,0,0,1,0,1,35,0,11,16,16,16,12.6875,0,11,13,13,13,12,0,9.4,-0.8,-3.12,Graduate
1,43,1,9147,1,1,123,1,Basic,Basic,Low-skilled,Low-skilled,106.2,0,0,0,1,0,0,49,0,9,13,22,10,10.4,0,4,9,18,6,10.666666666666700,0,12.7,3.7,-1.7,Graduate
1,7,1,9147,1,40,110,1,Basic,Basic,Low-skilled,Low-skilled,110,0,0,0,1,0,0,52,0,11,15,26,14,10.466666666666700,0,9,12,16,12,10.923076923076900,0,13.9,-0.3,0.79,Graduate
1,1,2,9085,1,1,130,1,Secondary,Basic,Clerical/service,Clerical/service,122.3,1,0,0,1,0,0,18,0,0,5,10,5,14.333333333333300,2,0,5,8,5,13,1,9.4,-0.8,-3.12,Graduate
1,39,1,8014,0,1,133.1,1,Basic,Basic,Low-skilled,Low-skilled,112.5,0,0,0,1,0,1,30,0,0,7,7,6,14.666666666666700,1,0,6,7,6,14.333333333333300,0,10.8,1.4,1.74,Graduate
1,1,2,9500,1,1,97,1,Secondary,Basic,High-skilled,Manual skilled,98.1,1,0,0,1,0,0,21,0,0,7,7,7,12.835714285714300,0,0,8,8,8,14.23125,0,11.1,0.6,2.02,Graduate
1,1,1,9119,1,1,130,1,Basic,Basic,Low-skilled,Clerical/service,140.2,1,0,0,1,1,0,20,0,0,5,5,0,0,0,0,5,0,0,0,0,9.4,-0.8,-3.12,Not on time
1,17,1,9147,1,1,139,1,Secondary,Basic,Manual skilled,Manual skilled,143.6,1,0,1,1,1,0,18,0,0,5,9,0,0,0,0,5,5,0,0,0,7.6,2.6,0.32,Not on time
1,16,1,171,1,1,150,1,Basic,Basic,Low-skilled,Low-skilled,134.6,1,0,0,1,1,0,19,0,0,0,0,0,0,0,0,0,0,0,0,0,7.6,2.6,0.32,Not on time
1,1,3,9500,1,1,141,1,Higher,Basic,High-skilled,Other/unknown,126.8,1,0,0,1,1,0,18,0,0,8,8,8,13.24875,0,0,8,8,8,13.24875,0,9.4,-0.8,-3.12,Graduate
1,15,1,33,1,1,133.1,41,Higher,Higher,High-skilled,Clerical/service,100,0,0,0,1,1,0,20,1,0,7,10,7,12.857142857142900,0,0,7,7,4,12.75,0,8.9,1.4,3.51,Not on time
1,17,1,9130,1,1,137,1,Basic,Basic,Clerical/service,Manual skilled,130,1,0,0,1,0,0,21,0,0,6,12,5,13.6,0,0,6,10,4,14.25,0,12.4,0.5,1.79,Not on time
1,1,4,9147,1,1,116,1,Secondary,Secondary,High-skilled,Clerical/service,113.6,1,0,0,1,0,1,22,0,0,5,6,3,14,0,0,5,8,5,12.4,0,11.1,0.6,2.02,Graduate
1,44,1,9130,1,39,140,1,Basic,Basic,Clerical/service,Clerical/service,140,1,0,1,0,0,0,20,0,1,6,11,3,12,0,0,6,11,2,11,0,12.4,0.5,1.79,Not on time
1,17,4,9085,1,1,106,1,Basic,Secondary,High-skilled,Low-skilled,106,0,0,0,1,0,0,20,0,0,6,9,6,13.166666666666700,0,0,6,8,4,14,0,13.9,-0.3,0.79,Not on time
1,17,6,9238,1,1,135,1,Secondary,Basic,Manual skilled,Manual skilled,126.6,1,0,0,1,0,1,19,0,0,6,8,6,13.625,0,0,6,7,6,12.166666666666700,0,12.7,3.7,-1.7,Graduate
1,17,5,9500,1,1,144,1,Basic,Basic,Low-skilled,Clerical/service,130.7,1,0,0,1,0,1,18,0,0,7,8,7,14.85,0,0,8,9,8,15.61111111111110,0,13.9,-0.3,0.79,Graduate
1,1,2,9147,1,1,108,1,Secondary,Basic,Clerical/service,Clerical/service,105.9,1,0,0,1,1,0,21,0,0,5,9,4,10.75,0,0,5,6,5,11.4,0,11.1,0.6,2.02,Graduate
1,15,1,9556,1,1,137,26,Basic,Secondary,Low-skilled,Clerical/service,137,0,0,1,1,0,0,19,1,0,7,11,0,0,4,0,7,11,2,11.666666666666700,0,8.9,1.4,3.51,Not on time
1,43,1,9130,1,1,133.1,6,Basic,Basic,Low-skilled,Manual skilled,100,0,0,0,1,0,0,37,1,0,6,0,0,0,0,0,6,0,0,0,0,13.9,-0.3,0.79,Not on time
2,1,1,8014,0,1,121,1,Basic,Basic,Low-skilled,Low-skilled,114.4,1,0,0,1,0,0,45,0,8,12,14,12,14,0,2,7,12,7,13.857142857142900,0,7.6,2.6,0.32,Not on time
1,39,1,9003,1,19,133.1,1,Basic,Basic,Low-skilled,Other/unknown,120,0,0,1,0,1,0,38,0,0,6,8,0,0,0,0,6,10,0,0,0,16.2,0.3,-0.92,Not on time
6,39,1,9991,0,12,130,1,Basic,Basic,Other/unknown,Other/unknown,119,1,0,0,0,1,0,55,0,0,5,5,0,0,0,0,5,5,0,0,0,7.6,2.6,0.32,Not on time
5,39,1,9003,1,1,133.1,1,Basic,Basic,Low-skilled,Manual skilled,110,0,0,1,0,0,0,28,0,0,6,17,5,13,0,0,6,11,4,11.75,0,13.9,-0.3,0.79,Not on time
5,7,1,9991,0,2,120,1,Basic,Basic,Manual skilled,Manual skilled,120,0,0,0,1,0,0,46,0,6,8,12,8,12.375,0,4,9,11,5,12.4,0,8.9,1.4,3.51,Graduate
1,1,4,171,1,1,131,1,Basic,Basic,Clerical/service,Clerical/service,119.8,1,1,0,1,0,0,22,0,0,0,0,0,0,0,0,0,0,0,0,0,16.2,0.3,-0.92,Graduate
2,39,2,9670,1,19,133.1,1,Basic,Basic,Low-skilled,Low-skilled,135.6,0,0,0,1,0,0,46,0,0,6,10,5,11.4,0,0,6,9,4,13.75,0,12.4,0.5,1.79,Not on time
1,39,1,9991,0,1,100,1,Basic,Basic,Clerical/service,Clerical/service,120.7,0,0,0,1,0,0,28,0,0,5,9,4,11.25,0,0,5,7,4,13,0,7.6,2.6,0.32,Not on time
1,1,3,9085,1,1,131,1,Basic,Basic,Low-skilled,Manual skilled,136.3,1,0,1,0,0,0,18,0,0,5,7,3,13,0,0,5,8,3,12,0,7.6,2.6,0.32,Not on time
1,16,1,171,1,1,158,1,Basic,Basic,Low-skilled,Low-skilled,164.3,1,0,0,1,1,1,18,0,0,0,0,0,0,0,0,0,0,0,0,0,10.8,1.4,1.74,Not on time
1,1,1,9773,1,1,146,1,Basic,Basic,Low-skilled,Manual skilled,149.2,1,0,0,1,1,1,21,0,0,6,6,6,13.5,0,0,6,6,6,14.166666666666700,0,12.7,3.7,-1.7,Graduate
1,16,2,9070,1,1,133,1,Secondary,Higher,Clerical/service,High-skilled,122.5,1,0,0,1,0,0,18,0,0,6,11,1,11,1,0,6,11,4,11,4,7.6,2.6,0.32,Not on time
1,43,1,9991,0,1,120,1,Basic,Basic,High-skilled,Low-skilled,100,0,0,0,1,0,0,34,0,0,5,9,0,0,0,0,5,10,1,11,0,13.9,-0.3,0.79,Not on time
1,17,1,9853,1,1,119,1,Basic,Basic,Low-skilled,Low-skilled,125,1,0,0,1,0,1,21,0,0,6,9,5,12,0,0,6,8,5,11.2,0,10.8,1.4,1.74,Not on time
1,1,1,9773,1,1,132,1,Basic,Basic,Low-skilled,Low-skilled,131,1,0,0,1,0,1,18,0,0,6,8,5,13,0,0,6,7,6,13,0,15.5,2.8,-4.06,Graduate
1,1,1,171,1,1,130,1,Basic,Basic,Low-skilled,Manual skilled,122,1,0,0,1,1,0,20,0,0,0,0,0,0,0,0,0,0,0,0,0,7.6,2.6,0.32,Graduate
1,1,1,9147,1,1,132,1,Basic,Basic,Manual skilled,Manual skilled,131.3,1,0,0,1,0,0,18,0,0,5,8,4,12,0,0,5,8,4,12.25,0,9.4,-0.8,-3.12,Not on time
1,17,2,9119,1,1,133.1,1,Secondary,Higher,High-skilled,High-skilled,117,1,0,0,1,1,0,21,0,0,5,10,5,11.166666666666700,0,0,5,10,3,10.8,0,12.4,0.5,1.79,Not on time
1,17,1,9254,1,1,119,1,Basic,Basic,Clerical/service,Clerical/service,118,1,0,0,1,1,0,19,0,0,6,13,2,10.5,0,0,6,11,1,12,0,10.8,1.4,1.74,Not on time
1,17,2,8014,0,1,134,1,Secondary,Basic,Clerical/service,Other/unknown,126,1,0,0,1,1,0,22,0,0,6,7,6,12.666666666666700,0,0,6,6,6,12.166666666666700,0,7.6,2.6,0.32,Graduate
1,44,1,9003,1,39,120,1,Secondary,Basic,Clerical/service,Manual skilled,120,0,0,0,1,1,0,23,0,1,6,6,1,11,0,0,6,8,0,0,0,15.5,2.8,-4.06,Not on time
1,17,4,171,1,1,172,1,Higher,Secondary,High-skilled,Other/unknown,155.6,1,0,0,1,1,0,19,0,0,0,0,0,0,0,0,0,0,0,0,0,9.4,-0.8,-3.12,Not on time
1,1,4,9147,1,1,120,1,Basic,Basic,Clerical/service,Clerical/service,122.8,1,0,0,1,1,0,18,0,0,5,6,4,11.5,0,0,5,12,2,10.333333333333300,0,10.8,1.4,1.74,Not on time
1,1,3,171,1,1,129,1,Basic,Basic,Low-skilled,High-skilled,127.3,1,0,1,0,1,1,19,0,0,0,0,0,0,0,0,0,0,0,0,0,9.4,-0.8,-3.12,Not on time
1,17,1,9147,1,1,118,1,Secondary,Basic,Low-skilled,Low-skilled,118.4,1,0,0,1,1,0,19,0,0,5,10,2,10.5,0,0,5,5,4,11.75,0,12.4,0.5,1.79,Not on time
1,1,1,9670,1,1,127,1,Secondary,Basic,Clerical/service,Low-skilled,128.1,0,0,0,1,1,0,19,0,0,5,8,4,12.5,0,0,5,6,4,11,0,7.6,2.6,0.32,Not on time
1,1,2,9500,1,1,133.1,1,Basic,Basic,Low-skilled,Low-skilled,99,1,0,0,1,1,0,22,0,0,7,9,6,12.833333333333300,0,0,8,12,6,12.5,0,16.2,0.3,-0.92,Not on time
1,1,1,9773,1,1,164,1,Basic,Secondary,Low-skilled,Low-skilled,161.2,0,0,0,1,1,1,18,0,0,6,7,6,15.571428571428600,0,0,6,7,6,16.142857142857100,0,13.9,-0.3,0.79,Graduate
1,17,1,9238,1,1,136,1,Basic,Basic,Manual skilled,Manual skilled,140.9,1,0,0,1,1,0,18,0,0,6,10,4,12,0,0,6,7,5,11.8,0,9.4,-0.8,-3.12,Not on time
1,17,1,9773,1,1,117,1,Basic,Basic,Low-skilled,Low-skilled,111.1,0,0,1,1,1,0,19,0,0,6,6,4,11.25,0,0,6,6,3,11.333333333333300,0,16.2,0.3,-0.92,Not on time
1,1,4,171,1,1,131,1,Secondary,Secondary,Other/unknown,High-skilled,149.9,1,0,0,1,1,0,18,0,0,0,0,0,0,0,0,0,0,0,0,0,11.1,0.6,2.02,Graduate
1,17,6,9670,1,1,110,1,Secondary,Basic,Clerical/service,Other/unknown,111.3,0,0,0,1,1,0,21,0,0,6,10,6,12.285714285714300,0,0,6,11,4,14.25,0,15.5,2.8,-4.06,Not on time
1,1,2,9254,1,1,125,1,Secondary,Basic,Clerical/service,High-skilled,121.5,1,0,0,1,1,0,18,0,0,6,12,5,11,0,0,6,11,3,10.333333333333300,0,9.4,-0.8,-3.12,Not on time
1,44,1,9003,1,39,120,1,Basic,Basic,Manual skilled,Manual skilled,120,1,0,0,1,1,0,19,0,0,6,8,6,12.142857142857100,0,0,6,11,5,13.6,0,12.4,0.5,1.79,Graduate
1,39,1,9003,1,19,133.1,1,Secondary,Basic,Low-skilled,Manual skilled,120,0,0,1,0,1,0,27,0,0,6,11,2,11.5,0,0,6,7,0,0,0,8.9,1.4,3.51,Not on time
1,53,1,9003,1,42,130,1,Basic,Basic,Low-skilled,Low-skilled,130,1,0,1,1,1,0,20,0,7,12,16,11,12.545454545454500,0,5,10,12,8,11.625,0,8.9,1.4,3.51,Not on time
1,1,5,9254,1,1,101,1,Higher,Basic,High-skilled,Low-skilled,98.9,1,0,0,1,1,0,20,0,0,6,10,4,13,0,0,6,6,6,13,0,12.4,0.5,1.79,Graduate
1,1,6,9500,1,1,141,1,Higher,Higher,High-skilled,High-skilled,136.3,1,0,0,1,1,0,18,0,0,8,9,8,12.8875,1,0,8,9,8,12.8875,1,9.4,-0.8,-3.12,Graduate
1,17,1,9773,1,1,128,1,Basic,Basic,Low-skilled,Other/unknown,125.2,1,0,0,1,1,0,18,0,0,6,6,6,12.666666666666700,0,0,6,7,5,13.6,0,12.4,0.5,1.79,Not on time
1,1,2,9070,1,1,145,1,Basic,Basic,Manual skilled,Manual skilled,130,1,0,0,1,1,0,18,0,0,6,7,6,12.833333333333300,0,0,6,7,6,12.571428571428600,0,8.9,1.4,3.51,Graduate
1,1,1,9147,1,1,160,1,Secondary,Basic,Clerical/service,Manual skilled,141.5,1,0,0,1,1,0,18,0,0,5,10,3,10.666666666666700,1,0,5,11,2,12.5,0,9.4,-0.8,-3.12,Not on time
1,16,5,9085,1,1,134,1,Basic,Basic,Manual skilled,Manual skilled,123.9,1,0,0,1,1,0,18,0,0,5,11,5,13,2,0,5,7,5,12.4,0,9.4,-0.8,-3.12,Not on time
1,17,2,9500,1,1,125,1,Basic,Basic,Clerical/service,Clerical/service,114.5,1,0,0,1,0,0,18,0,0,7,11,6,11.983333333333300,0,0,8,12,8,12.28125,0,16.2,0.3,-0.92,Graduate
1,39,1,8014,0,15,133.1,1,Unknown,Unknown,Other/unknown,Other/unknown,100,1,0,0,0,0,0,37,0,0,5,9,0,0,0,0,5,5,0,0,5,9.4,-0.8,-3.12,Not on time
2,39,1,8014,0,1,120,1,Basic,Basic,Clerical/service,High-skilled,110.5,0,0,0,1,0,1,36,0,0,6,6,6,11.833333333333300,0,0,6,6,6,11.5,0,10.8,1.4,1.74,Graduate
2,39,1,9085,1,19,133.1,1,Basic,Basic,Low-skilled,Clerical/service,101,1,0,0,1,0,0,26,0,0,6,21,3,12.666666666666700,0,0,6,15,2,11,0,15.5,2.8,-4.06,Not on time
1,1,1,9085,1,1,121,1,Basic,Basic,Manual skilled,Low-skilled,121,0,0,0,1,0,0,19,0,0,5,9,4,13.75,1,0,5,8,4,14.5,0,7.6,2.6,0.32,Graduate
1,39,1,8014,0,1,120,1,Basic,Secondary,Manual skilled,Clerical/service,95,1,0,0,1,0,0,24,0,0,6,8,5,11.4,0,0,6,8,5,11.8,0,15.5,2.8,-4.06,Not on time
1,1,2,9773,1,1,130,109,Basic,Secondary,Low-skilled,Low-skilled,126.9,1,0,0,1,0,1,19,1,0,6,8,6,13.166666666666700,0,0,6,6,6,13,0,11.1,0.6,2.02,Not on time
1,42,1,9670,1,1,130,1,Secondary,Secondary,Low-skilled,Other/unknown,116.3,1,0,0,1,0,1,20,0,3,7,10,6,12.833333333333300,0,2,8,8,5,11.8,0,12.7,3.7,-1.7,Graduate
1,18,1,9670,1,1,128,1,Basic,Higher,Low-skilled,Manual skilled,120,1,0,0,1,0,0,19,0,0,6,8,6,14.125,0,0,6,10,5,14.5,0,11.1,0.6,2.02,Graduate
1,1,1,9085,1,1,126,1,Basic,Basic,Low-skilled,Low-skilled,123.6,1,0,0,1,0,0,21,0,0,5,10,3,11.666666666666700,0,0,5,5,5,13,0,10.8,1.4,1.74,Graduate
2,39,1,9556,1,1,120,1,Basic,Basic,Low-skilled,Clerical/service,150,0,0,0,0,0,0,50,0,0,7,18,6,10.25,0,0,7,14,4,11.25,0,12.7,3.7,-1.7,Not on time
2,39,1,9556,1,1,100,1,Basic,Basic,Low-skilled,Low-skilled,120,0,0,0,1,0,0,47,0,1,7,16,6,12.514285714285700,0,0,7,15,4,11.75,0,12.7,3.7,-1.7,Not on time
1,42,1,9853,1,1,120,1,Secondary,Basic,Clerical/service,Manual skilled,111.3,0,0,0,1,0,0,24,0,9,13,17,10,11.5,0,7,13,18,9,10.444444444444400,0,16.2,0.3,-0.92,Not on time
1,39,1,9991,0,1,110,1,Basic,Basic,Manual skilled,Other/unknown,150,0,0,0,0,0,0,48,0,0,5,5,1,10,0,0,5,5,0,0,0,15.5,2.8,-4.06,Not on time
1,1,1,9085,1,1,127,1,Basic,Higher,Low-skilled,Clerical/service,123.2,1,0,0,1,0,1,18,0,0,6,7,6,15.714285714285700,0,0,6,17,5,12.77777777777780,0,12.4,0.5,1.79,Graduate
1,44,1,9991,0,39,130,1,Basic,Basic,Clerical/service,Clerical/service,130,1,0,0,1,1,0,32,0,2,6,9,4,12.5,0,3,7,7,4,11,0,9.4,-0.8,-3.12,Not on time
1,1,1,9670,1,1,141,1,Basic,Higher,Clerical/service,Other/unknown,137.9,1,0,0,0,1,0,20,0,0,5,6,3,12,0,0,5,5,4,12.75,0,7.6,2.6,0.32,Not on time
1,39,1,9119,1,1,120,1,Basic,Basic,Low-skilled,Manual skilled,100,0,0,1,1,1,0,24,0,0,5,11,0,0,0,0,5,5,0,0,0,16.2,0.3,-0.92,Not on time
2,39,1,9130,1,19,133.1,1,Basic,Basic,Low-skilled,Low-skilled,120,0,0,0,1,1,0,53,0,0,5,9,4,12.25,2,0,5,8,4,11.75,0,9.4,-0.8,-3.12,Graduate
2,39,1,9773,1,19,133.1,1,Basic,Basic,Low-skilled,Clerical/service,131,0,0,1,0,1,0,42,0,0,4,5,0,0,0,0,4,4,0,0,0,13.9,-0.3,0.79,Not on time
2,39,1,9991,0,12,133.1,1,Basic,Basic,Low-skilled,Low-skilled,133.8,1,0,0,1,1,0,52,0,0,5,5,5,13.6,0,0,5,5,5,14.2,0,7.6,2.6,0.32,Graduate
1,43,1,8014,0,1,130,1,Basic,Higher,High-skilled,High-skilled,100,0,0,0,1,1,0,54,0,9,13,14,13,13.307692307692300,0,7,11,12,11,12.818181818181800,0,12.7,3.7,-1.7,Not on time
2,39,1,9991,0,1,110,1,Basic,Basic,Low-skilled,Other/unknown,150,0,0,0,1,1,0,49,0,0,5,6,5,12.2,0,0,5,9,5,11.8,0,15.5,2.8,-4.06,Graduate
1,17,1,9670,1,1,125,1,Basic,Basic,Manual skilled,Clerical/service,126.4,0,0,0,1,1,1,18,0,0,6,7,6,12.285714285714300,0,0,6,7,6,13.333333333333300,1,16.2,0.3,-0.92,Graduate
2,39,1,9130,1,1,130,1,Secondary,Basic,Manual skilled,Manual skilled,154,1,0,0,1,1,0,37,0,1,5,12,3,12,2,1,5,8,4,13,1,10.8,1.4,1.74,Graduate
1,1,1,9500,1,1,121,1,Secondary,Secondary,Clerical/service,Clerical/service,114.9,0,0,0,1,1,1,21,0,0,7,9,6,13.342857142857100,0,0,8,10,7,11.65,0,12.4,0.5,1.79,Graduate
1,39,1,9670,1,9,133.1,1,Basic,Basic,Clerical/service,High-skilled,110,0,0,1,1,1,0,26,0,0,5,5,0,0,0,0,5,5,0,0,0,9.4,-0.8,-3.12,Not on time
1,1,1,9070,1,1,147,1,Higher,Secondary,High-skilled,High-skilled,149.8,1,0,0,1,1,0,20,0,5,12,12,11,14.272727272727300,0,5,12,12,11,14.818181818181800,0,16.2,0.3,-0.92,Graduate
1,1,4,9500,1,1,128,1,Secondary,Basic,Clerical/service,High-skilled,117.9,1,0,0,1,0,1,19,0,0,7,9,7,12.1375,0,0,8,9,8,12.91111111111110,0,12.4,0.5,1.79,Graduate
1,1,2,9070,1,1,164,1,Basic,Basic,Low-skilled,Manual skilled,165.8,1,0,0,1,0,0,18,0,0,6,7,6,14.166666666666700,0,0,6,7,6,14.857142857142900,0,9.4,-0.8,-3.12,Graduate
1,17,5,9500,1,1,137,1,Secondary,Secondary,Clerical/service,Clerical/service,127.6,1,0,0,1,0,0,18,0,0,7,7,7,13.528571428571400,0,0,8,9,8,14.655555555555600,0,12.4,0.5,1.79,Graduate
1,17,2,8014,0,1,122,1,Basic,Basic,Low-skilled,Low-skilled,123.8,0,0,0,1,0,0,20,0,0,6,8,5,12,0,0,6,8,6,11,0,10.8,1.4,1.74,Graduate
1,17,4,9254,1,1,124,1,Higher,Higher,High-skilled,High-skilled,126.1,1,0,0,1,0,0,20,0,0,5,5,5,11.4,0,0,6,11,1,11,0,10.8,1.4,1.74,Not on time
1,1,2,171,1,1,120,1,Higher,Basic,Clerical/service,Manual skilled,119.7,1,0,0,1,0,0,21,0,0,0,0,0,0,0,0,0,0,0,0,0,8.9,1.4,3.51,Not on time
1,1,2,171,1,1,117,1,Secondary,Basic,High-skilled,High-skilled,121.6,1,0,0,1,0,0,22,0,6,12,12,12,12.916666666666700,0,4,11,16,11,14.5,0,8.9,1.4,3.51,Graduate
1,43,1,9500,1,1,140,1,Secondary,Basic,Clerical/service,Manual skilled,100,0,0,0,1,0,1,18,0,0,7,8,7,13.6375,0,0,8,8,8,14.3875,0,13.9,-0.3,0.79,Graduate
1,1,5,9500,1,1,130,1,Basic,Basic,Low-skilled,Manual skilled,127.6,1,0,0,1,0,0,18,0,0,7,10,7,12.9,0,0,8,15,7,12.142857142857100,0,15.5,2.8,-4.06,Not on time
1,1,1,9500,1,1,138,1,Secondary,Basic,Clerical/service,Low-skilled,132.5,1,0,0,1,0,1,19,0,0,8,8,7,14.36,0,0,8,8,7,14.36,0,10.8,1.4,1.74,Graduate
1,1,1,9500,1,1,141,1,Higher,Secondary,Low-skilled,Low-skilled,124.3,0,0,0,1,0,0,19,0,0,8,8,7,14.514285714285700,0,0,8,8,7,14.514285714285700,0,12.7,3.7,-1.7,Not on time
1,1,3,9500,1,1,142,1,Secondary,Secondary,Clerical/service,Manual skilled,131,1,0,0,1,0,0,18,0,0,8,8,7,14.7,0,0,8,8,7,14.7,0,10.8,1.4,1.74,Graduate
1,7,1,9991,0,40,120,1,Higher,Higher,High-skilled,High-skilled,120,0,0,0,1,0,0,27,0,0,5,5,5,15.2,0,0,5,6,5,14,0,11.1,0.6,2.02,Not on time
1,1,3,9556,1,1,122,1,Basic,Basic,High-skilled,Other/unknown,113.3,1,0,0,1,0,1,20,0,0,7,7,7,13,0,0,8,8,8,15.0625,0,12.4,0.5,1.79,Graduate
1,1,2,9853,1,1,131,1,Secondary,Secondary,High-skilled,Low-skilled,121.9,1,0,0,1,0,0,20,0,0,6,6,6,13.5,0,0,6,6,0,0,0,12.7,3.7,-1.7,Not on time
1,1,2,9085,1,1,120,1,Basic,Secondary,Low-skilled,High-skilled,118.3,1,0,0,1,0,0,20,0,0,5,11,5,12.333333333333300,2,0,5,7,5,12.6,0,9.4,-0.8,-3.12,Graduate
1,1,1,9147,1,1,131,1,Higher,Basic,High-skilled,Clerical/service,118.8,0,0,0,1,0,0,19,0,0,5,6,5,13.4,0,0,5,6,5,13,0,16.2,0.3,-0.92,Graduate
1,1,2,9085,1,1,130,1,Basic,Basic,Low-skilled,Manual skilled,129,0,0,0,1,0,0,20,0,0,5,7,4,11.75,0,0,5,9,2,10.5,0,7.6,2.6,0.32,Not on time
1,43,3,171,1,1,120,1,Basic,Basic,Low-skilled,Low-skilled,143.3,1,0,0,1,0,1,20,0,0,0,0,0,0,0,0,0,0,0,0,0,7.6,2.6,0.32,Graduate
1,1,1,171,1,1,136,1,Higher,Higher,High-skilled,High-skilled,152.5,1,0,0,1,0,0,20,0,0,0,0,0,0,0,0,0,0,0,0,0,13.9,-0.3,0.79,Not on time
1,53,1,9085,1,42,160,1,Secondary,Basic,Clerical/service,Manual skilled,155.7,1,0,0,1,0,0,27,0,7,12,17,11,14.727272727272700,0,4,9,10,7,14.142857142857100,0,8.9,1.4,3.51,Graduate
1,1,2,9085,1,1,157,1,Higher,Higher,Clerical/service,High-skilled,153.9,1,0,0,1,0,0,18,0,0,6,7,6,16.571428571428600,0,0,6,6,6,15.666666666666700,0,13.9,-0.3,0.79,Graduate
1,1,1,9500,1,1,150,1,Basic,Secondary,Clerical/service,Clerical/service,137.8,0,0,0,1,0,0,18,0,0,7,10,7,15.145,0,0,8,8,8,15.7425,0,15.5,2.8,-4.06,Graduate
1,17,1,9500,1,1,148,1,Secondary,Basic,Low-skilled,Manual skilled,143.3,0,0,0,1,0,1,18,0,0,7,7,7,13.44285714285710,0,0,8,8,8,15.075,0,13.9,-0.3,0.79,Graduate
1,1,1,9085,1,1,120,1,Basic,Basic,Low-skilled,High-skilled,123.2,0,0,0,1,0,0,20,0,0,5,8,5,14.166666666666700,2,0,5,6,4,11.75,2,9.4,-0.8,-3.12,Graduate
1,1,1,9773,1,1,150,1,Secondary,Secondary,Clerical/service,Clerical/service,138.1,1,0,0,1,0,0,19,0,0,6,7,6,14,0,0,6,7,5,15,0,11.1,0.6,2.02,Not on time
1,17,1,9238,1,1,158,1,Secondary,Secondary,Clerical/service,Manual skilled,140.5,0,0,0,1,0,1,20,0,0,6,9,6,11.333333333333300,0,0,6,6,6,12.333333333333300,0,10.8,1.4,1.74,Graduate
1,1,4,9500,1,1,145,1,Higher,Basic,High-skilled,Clerical/service,130,1,0,0,1,0,0,18,0,0,8,8,8,13.76125,0,0,8,8,8,13.76125,0,9.4,-0.8,-3.12,Graduate
1,44,1,9070,1,39,100,1,Secondary,Basic,Clerical/service,Manual skilled,104.8,0,0,1,0,0,0,22,0,2,7,9,5,11.6,0,5,9,9,5,10,0,12.4,0.5,1.79,Not on time
1,17,1,8014,0,1,136,1,Basic,Basic,Clerical/service,Manual skilled,132.5,0,0,1,1,0,1,22,0,1,6,7,4,12.75,0,1,6,8,5,13,0,13.9,-0.3,0.79,Graduate
1,39,1,9991,0,1,133.1,1,Secondary,Secondary,Clerical/service,High-skilled,127.7,0,0,0,1,0,0,25,0,0,5,12,4,12.5,0,0,5,10,4,11,0,13.9,-0.3,0.79,Not on time
1,1,1,9085,1,1,148,1,Basic,Higher,Clerical/service,High-skilled,136.5,0,0,0,1,0,0,19,0,0,6,13,6,15.307692307692300,0,0,6,9,6,14,0,15.5,2.8,-4.06,Graduate
1,44,1,9130,1,39,130,1,Higher,Secondary,Clerical/service,High-skilled,130,1,0,0,0,0,0,21,0,1,6,12,5,13.285714285714300,0,0,6,10,4,12,0,16.2,0.3,-0.92,Not on time
1,39,1,9500,1,40,130,1,Secondary,Secondary,Clerical/service,Clerical/service,190,1,0,0,1,0,0,27,0,1,7,7,7,14.757142857142900,0,1,8,9,8,14.077777777777800,0,16.2,0.3,-0.92,Graduate
1,17,4,9500,1,1,136,1,Secondary,Secondary,Clerical/service,Low-skilled,128.5,1,0,0,1,0,0,18,0,0,7,7,6,12.766666666666700,0,0,7,7,6,12.766666666666700,0,7.6,2.6,0.32,Graduate
1,17,3,9254,1,1,122,1,Secondary,Secondary,Clerical/service,Clerical/service,126.6,0,0,0,0,0,0,18,0,0,5,5,5,10.4,0,0,6,13,0,0,0,10.8,1.4,1.74,Not on time
1,17,1,9556,1,1,140,1,Higher,Higher,High-skilled,Manual skilled,131.6,1,0,0,1,1,0,19,0,0,7,0,0,0,0,0,7,0,0,0,0,11.1,0.6,2.02,Not on time
5,39,1,9991,0,1,110,1,Secondary,Secondary,High-skilled,High-skilled,119,0,0,0,1,1,1,35,0,0,5,10,4,10.5,0,0,5,6,5,12.6,0,8.9,1.4,3.51,Graduate
1,17,1,9085,1,1,130,1,Basic,Basic,Clerical/service,Other/unknown,127.6,0,0,0,1,1,0,23,0,0,5,6,4,14.25,0,0,5,6,5,13.4,0,7.6,2.6,0.32,Graduate
1,39,1,9500,1,1,133.1,1,Secondary,Basic,Low-skilled,Low-skilled,100,0,0,0,1,1,0,28,0,0,7,11,3,11.916666666666700,1,0,7,17,0,0,0,16.2,0.3,-0.92,Not on time
1,1,1,9119,1,1,128,1,Basic,Basic,Low-skilled,Manual skilled,124.5,1,0,0,1,1,0,19,0,0,5,10,3,10.666666666666700,0,0,5,9,2,14,2,7.6,2.6,0.32,Not on time
1,1,1,9773,1,1,117,1,Secondary,Basic,Clerical/service,Clerical/service,109.3,0,0,0,1,1,0,19,0,0,6,11,4,12.25,0,0,6,10,3,12.666666666666700,0,7.6,2.6,0.32,Not on time
1,1,2,9670,1,1,124,1,Basic,Secondary,Low-skilled,Clerical/service,117.7,1,0,1,1,1,0,20,0,0,5,5,4,12,0,0,5,6,5,11.6,0,9.4,-0.8,-3.12,Not on time
1,1,1,9670,1,1,124,1,Higher,Higher,High-skilled,High-skilled,124.7,1,0,0,1,1,0,21,0,0,5,7,3,11,0,0,5,5,4,12.75,0,7.6,2.6,0.32,Not on time
1,17,3,9070,1,1,128,1,Basic,Basic,Clerical/service,Clerical/service,124.5,1,0,0,1,1,0,18,0,0,6,6,6,14.166666666666700,0,0,6,8,5,13,0,10.8,1.4,1.74,Graduate
1,1,5,9070,1,1,125,1,Higher,Higher,High-skilled,High-skilled,140.8,1,0,0,1,1,0,22,0,0,6,6,6,14.666666666666700,0,0,6,6,6,15,0,9.4,-0.8,-3.12,Graduate
1,17,3,9085,1,1,121,1,Basic,Secondary,Low-skilled,Low-skilled,111.9,1,0,0,1,1,0,21,0,0,5,11,0,0,0,0,5,10,5,12.285714285714300,1,10.8,1.4,1.74,Graduate
1,7,1,9556,1,3,140,1,Higher,Higher,High-skilled,High-skilled,140,0,0,1,0,1,0,38,0,0,7,8,3,12.666666666666700,0,0,5,5,0,0,0,13.9,-0.3,0.79,Not on time
1,1,1,171,1,1,124,1,Basic,Secondary,Low-skilled,Low-skilled,121.2,1,0,0,1,1,0,20,0,0,0,0,0,0,0,0,0,0,0,0,0,10.8,1.4,1.74,Not on time
1,43,4,171,1,1,136,1,Basic,Basic,Low-skilled,Low-skilled,123.8,1,0,0,1,1,0,19,0,0,0,0,0,0,0,0,0,0,0,0,0,7.6,2.6,0.32,Not on time
1,7,1,9119,1,1,140.8,1,Unknown,Unknown,Other/unknown,Other/unknown,134,0,0,0,1,1,0,24,0,0,5,0,0,0,0,0,5,0,0,0,0,7.6,2.6,0.32,Not on time
1,18,3,9070,1,1,142,1,Secondary,Basic,Clerical/service,Manual skilled,130.8,1,0,0,0,1,0,19,0,0,6,0,0,0,0,0,6,0,0,0,0,12.7,3.7,-1.7,Not on time
1,1,1,9500,1,1,133,1,Basic,Basic,Low-skilled,Low-skilled,130.2,1,0,0,1,1,1,19,0,0,7,7,7,13.7,0,0,8,9,8,14.022222222222200,0,16.2,0.3,-0.92,Graduate
1,1,1,9147,1,1,131,1,Higher,Basic,High-skilled,Other/unknown,123.3,0,0,0,1,1,0,19,0,0,5,7,5,11.8,0,0,5,8,4,12.4,2,16.2,0.3,-0.92,Not on time
1,39,1,9119,1,3,130,1,Higher,Higher,High-skilled,Other/unknown,147.6,0,0,0,1,1,0,31,0,0,5,0,0,0,0,0,5,0,0,0,0,10.8,1.4,1.74,Not on time
1,17,1,9670,1,1,120,1,Basic,Basic,Low-skilled,Manual skilled,113.4,1,0,0,1,1,1,19,0,0,6,6,6,13.333333333333300,0,0,6,7,6,13.285714285714300,0,8.9,1.4,3.51,Graduate
1,17,1,9070,1,1,141,1,Basic,Basic,Clerical/service,Clerical/service,133.7,1,0,0,1,1,0,22,0,0,6,7,5,11.4,0,0,6,6,6,12.166666666666700,0,7.6,2.6,0.32,Graduate
1,39,1,9085,1,1,130,1,Unknown,Secondary,Other/unknown,High-skilled,128.2,0,0,0,1,1,0,25,0,0,5,5,0,0,0,0,5,5,0,0,0,7.6,2.6,0.32,Not on time
1,1,1,9500,1,1,168,1,Secondary,Secondary,Clerical/service,Clerical/service,161,1,0,0,1,1,0,18,0,0,7,7,7,16.142857142857100,0,0,8,9,0,0,0,16.2,0.3,-0.92,Not on time
1,7,1,9500,1,3,130,1,Basic,Basic,Other/unknown,Other/unknown,130,1,0,0,1,1,0,30,0,0,8,8,0,0,8,0,8,8,0,0,8,9.4,-0.8,-3.12,Not on time
1,1,1,9500,1,1,156,1,Basic,Basic,Low-skilled,Low-skilled,156.3,0,0,0,1,1,1,18,0,0,8,8,8,15.63375,0,0,8,8,8,15.63375,0,9.4,-0.8,-3.12,Graduate
1,1,1,9773,1,1,137,1,Secondary,Secondary,Clerical/service,Clerical/service,129.3,1,0,0,1,1,0,18,0,0,6,6,6,13.666666666666700,0,0,6,6,6,14.5,0,12.7,3.7,-1.7,Graduate
1,17,6,9773,1,1,131,1,Unknown,Unknown,Other/unknown,Other/unknown,129.3,0,0,0,1,1,0,18,0,0,6,0,0,0,0,0,6,0,0,0,0,7.6,2.6,0.32,Not on time
1,1,1,9238,1,1,130,1,Basic,Basic,Manual skilled,Manual skilled,136.3,1,0,0,1,1,0,18,0,0,6,8,6,12.5,0,0,6,7,6,11.5,0,10.8,1.4,1.74,Graduate
1,39,1,9670,1,1,133.1,1,Secondary,Basic,Clerical/service,Low-skilled,140,0,0,0,1,1,1,25,0,0,6,8,6,12.285714285714300,0,0,6,6,6,13,0,15.5,2.8,-4.06,Graduate
1,1,1,9119,1,1,131,1,Higher,Secondary,Clerical/service,High-skilled,135.9,0,0,0,1,1,0,18,0,0,5,10,2,14,0,0,5,7,3,11,1,7.6,2.6,0.32,Not on time
1,1,5,171,1,1,160,1,Secondary,Secondary,Clerical/service,Clerical/service,139.7,0,0,0,1,1,0,18,0,0,0,0,0,0,0,0,0,0,0,0,0,12.7,3.7,-1.7,Not on time
1,1,4,9147,1,1,117,1,Secondary,Basic,Manual skilled,Low-skilled,117,1,0,0,1,1,0,19,0,0,5,5,4,10.75,0,0,5,6,4,12.25,0,12.4,0.5,1.79,Not on time
1,39,1,9556,1,19,133.1,1,Basic,Secondary,Manual skilled,Other/unknown,105,0,0,0,1,1,0,25,0,0,7,14,4,12.95,1,0,7,11,4,13.125,1,15.5,2.8,-4.06,Not on time
1,1,3,9500,1,1,130,1,Basic,Basic,Low-skilled,Clerical/service,130.5,1,0,0,1,0,0,19,0,0,7,7,6,12.45,0,0,7,7,6,12.45,0,7.6,2.6,0.32,Graduate
1,44,1,9991,0,39,130,1,Basic,Basic,Low-skilled,Low-skilled,130,0,0,0,1,0,0,31,0,2,6,12,4,12.25,0,3,7,9,7,12,0,9.4,-0.8,-3.12,Not on time
1,1,3,9500,1,1,137,1,Basic,Basic,Clerical/service,Clerical/service,131.5,1,0,0,1,0,1,20,0,0,8,8,8,13.38125,0,0,8,8,8,13.38125,0,9.4,-0.8,-3.12,Graduate
1,42,1,9500,1,1,133.1,41,Higher,Secondary,High-skilled,Other/unknown,100,1,0,0,0,0,0,33,1,1,7,10,5,12.16,0,0,6,7,5,11.34,0,12.4,0.5,1.79,Not on time
1,44,1,9085,1,39,140,1,Secondary,Higher,Low-skilled,Clerical/service,140,0,0,1,0,0,0,24,0,2,6,11,4,12.5,0,1,6,18,2,11.5,0,12.4,0.5,1.79,Not on time
1,17,4,9238,1,1,140,1,Basic,Basic,Low-skilled,Low-skilled,130.2,1,0,0,1,0,1,18,0,0,6,8,6,12.75,0,0,6,10,6,12.166666666666700,0,12.7,3.7,-1.7,Graduate
1,17,2,9500,1,1,135,1,Secondary,Basic,Clerical/service,Other/unknown,133.5,1,0,0,1,0,0,19,0,0,8,8,8,13.3425,0,0,8,8,8,13.3425,0,9.4,-0.8,-3.12,Graduate
1,1,4,9500,1,1,140,1,Basic,Basic,Manual skilled,Manual skilled,133.2,1,0,0,1,0,1,20,0,0,7,10,7,14.175,0,0,8,14,6,13.03125,0,15.5,2.8,-4.06,Graduate
2,39,1,9500,1,1,100,1,Basic,Basic,Clerical/service,Clerical/service,130,0,0,0,1,1,1,33,0,0,8,16,1,10,1,0,8,16,1,10,1,12.7,3.7,-1.7,Not on time
1,39,1,9119,1,1,160,1,Basic,Basic,Manual skilled,Manual skilled,129,0,0,0,1,1,0,24,0,0,5,9,0,0,0,0,5,8,2,14.5,2,7.6,2.6,0.32,Not on time
1,39,1,9991,0,19,133.1,1,Higher,Secondary,High-skilled,Clerical/service,100,0,0,0,1,1,0,24,0,0,5,7,0,0,0,0,5,7,0,0,0,16.2,0.3,-0.92,Not on time
1,17,1,9085,1,1,128,1,Basic,Basic,Low-skilled,Low-skilled,116.5,1,0,0,1,1,0,18,0,0,5,6,5,12,0,0,5,8,5,12.142857142857100,0,10.8,1.4,1.74,Graduate
1,1,2,9254,1,1,121,1,Basic,Basic,Low-skilled,Low-skilled,124.2,1,0,0,1,0,1,18,0,0,6,8,6,10.571428571428600,0,0,6,9,5,11.4,0,16.2,0.3,-0.92,Graduate
1,51,1,9085,1,1,127,1,Higher,Higher,High-skilled,Manual skilled,138.8,1,0,0,1,0,0,22,0,4,12,19,11,14.153846153846200,0,5,12,20,12,15.428571428571400,0,8.9,1.4,3.51,Graduate
1,1,1,9773,1,1,132,1,Higher,Secondary,Low-skilled,Low-skilled,126.4,1,1,0,1,0,1,18,0,0,6,9,6,11.166666666666700,0,0,6,11,5,12.4,0,10.8,1.4,1.74,Graduate
1,1,1,171,1,1,147,1,Basic,Basic,High-skilled,Other/unknown,151.9,1,0,0,1,0,0,21,0,13,17,20,17,12,0,14,17,18,17,12.666666666666700,0,11.1,0.6,2.02,Graduate
2,39,1,9991,0,1,110,1,Basic,Basic,Clerical/service,High-skilled,120,1,0,0,1,0,0,38,0,0,5,11,3,11.333333333333300,0,0,5,9,4,12,0,9.4,-0.8,-3.12,Not on time
1,43,1,9238,1,1,142,1,Unknown,Unknown,Other/unknown,Other/unknown,131.9,0,0,0,1,0,1,29,0,9,16,17,16,12.588235294117600,0,10,13,14,13,13.357142857142900,0,9.4,-0.8,-3.12,Graduate
1,44,1,9130,1,39,130,1,Basic,Basic,Clerical/service,Low-skilled,130,1,0,0,1,0,1,20,0,0,6,11,4,12,0,0,6,9,4,10.75,0,16.2,0.3,-0.92,Not on time
1,17,1,9254,1,1,131,1,Basic,Basic,Clerical/service,Low-skilled,131.7,1,0,0,0,0,0,18,0,0,6,0,0,0,0,0,6,0,0,0,0,12.7,3.7,-1.7,Not on time
2,43,1,9991,0,1,110,1,Basic,Basic,Low-skilled,Low-skilled,132.5,0,0,0,1,1,0,37,0,7,12,13,12,12.25,0,8,13,13,13,12.846153846153800,0,9.4,-0.8,-3.12,Graduate
1,1,3,9147,1,1,128,1,Higher,Higher,Clerical/service,Other/unknown,116.5,0,0,0,1,1,0,20,0,0,5,7,5,11.6,0,0,5,5,5,12.8,0,12.4,0.5,1.79,Graduate
1,1,1,9130,1,1,136,1,Basic,Basic,Other/unknown,Manual skilled,133.9,1,0,0,0,1,0,20,0,0,5,7,4,13,0,0,5,11,3,12,2,10.8,1.4,1.74,Not on time
2,39,1,9119,1,1,120,1,Basic,Basic,Low-skilled,Other/unknown,145.4,0,0,1,1,1,0,40,0,0,5,11,3,10.666666666666700,0,0,5,5,2,12.5,0,16.2,0.3,-0.92,Not on time
2,39,1,8014,0,1,140,1,Basic,Higher,Low-skilled,Other/unknown,172,0,0,0,1,1,0,44,0,5,11,21,9,12.333333333333300,0,8,11,16,9,11,0,12.4,0.5,1.79,Not on time
1,1,1,9147,1,1,118,1,Secondary,Secondary,Low-skilled,Low-skilled,111,0,0,0,0,1,0,21,0,0,5,7,2,11,0,0,5,9,3,11.428571428571400,0,10.8,1.4,1.74,Not on time
1,44,1,9070,1,39,120,1,Higher,Basic,High-skilled,Manual skilled,120,0,0,0,1,1,0,21,0,2,7,10,6,13.428571428571400,0,5,9,9,8,13.125,0,16.2,0.3,-0.92,Graduate
1,1,6,9500,1,1,151,1,Higher,Secondary,High-skilled,High-skilled,129.8,1,0,0,1,1,0,18,0,0,8,10,8,13.05375,2,0,8,10,8,13.05375,2,9.4,-0.8,-3.12,Graduate
1,1,5,9500,1,1,130,1,Secondary,Higher,Low-skilled,Other/unknown,118.1,1,0,0,1,1,0,18,0,0,7,10,6,12.035714285714300,0,0,8,9,7,13.75,0,13.9,-0.3,0.79,Not on time
1,39,1,9003,1,1,140,1,Higher,Secondary,Clerical/service,Low-skilled,130,0,0,0,1,1,0,27,0,0,6,6,6,14.166666666666700,0,0,6,7,6,13.833333333333300,0,11.1,0.6,2.02,Graduate
2,39,1,9070,1,19,133.1,1,Basic,Basic,Low-skilled,Other/unknown,126.3,0,0,0,0,1,0,38,0,0,6,6,0,0,0,0,6,8,0,0,0,10.8,1.4,1.74,Not on time
1,18,1,9130,1,1,146,1,Higher,Higher,Clerical/service,High-skilled,137.8,0,0,0,1,1,0,18,0,0,6,11,5,13.6,0,0,6,13,3,12.666666666666700,0,13.9,-0.3,0.79,Not on time
1,17,4,9254,1,1,122,1,Secondary,Secondary,Clerical/service,High-skilled,116.1,1,0,0,1,1,0,19,0,0,6,7,5,12.2,0,0,6,12,2,12,0,7.6,2.6,0.32,Not on time
1,1,1,9130,1,1,121,1,Higher,Basic,High-skilled,Low-skilled,115.4,1,0,0,1,1,0,18,0,0,6,8,6,13.714285714285700,0,0,6,7,5,13.333333333333300,0,15.5,2.8,-4.06,Not on time
1,43,1,9773,1,1,127,1,Secondary,Secondary,Low-skilled,Manual skilled,110,0,0,1,0,1,0,19,0,0,6,10,3,11.666666666666700,0,0,6,11,2,10,0,16.2,0.3,-0.92,Not on time
1,39,1,9670,1,1,133.1,1,Basic,Basic,Other/unknown,Other/unknown,97.4,0,0,1,0,1,0,44,0,0,6,9,1,14,0,0,6,6,0,0,0,12.7,3.7,-1.7,Not on time
1,44,1,9085,1,39,130,1,Secondary,Secondary,Clerical/service,Clerical/service,130,1,1,0,1,1,0,26,0,2,6,20,4,12.5,0,1,6,16,3,10,0,15.5,2.8,-4.06,Not on time
1,43,1,9130,1,1,156,1,Basic,Secondary,Low-skilled,Clerical/service,156,0,0,1,0,1,0,24,0,0,6,11,5,11.833333333333300,0,0,6,11,4,11.5,0,15.5,2.8,-4.06,Not on time
1,39,1,9003,1,1,130,1,Basic,Secondary,Low-skilled,Manual skilled,126.1,1,0,0,0,1,0,27,0,0,6,6,0,0,0,0,6,8,0,0,0,15.5,2.8,-4.06,Not on time
1,39,1,9003,1,1,110,1,Secondary,Secondary,Low-skilled,Clerical/service,120,0,0,1,0,1,0,27,0,0,6,0,0,0,0,0,6,0,0,0,0,13.9,-0.3,0.79,Not on time
1,43,1,9070,1,1,108,1,Basic,Basic,Manual skilled,Manual skilled,105.2,1,0,0,1,1,0,25,0,11,17,18,13,11.538461538461500,0,10,15,15,10,12.4,0,12.7,3.7,-1.7,Not on time
1,44,1,9003,1,1,120,1,Higher,Higher,High-skilled,Manual skilled,120,1,0,0,1,1,0,21,0,4,9,14,7,11.285714285714300,2,2,8,15,4,12.25,0,12.7,3.7,-1.7,Not on time
1,1,1,171,1,1,150,1,Basic,Basic,Low-skilled,Low-skilled,137.8,1,0,0,1,1,1,19,0,0,0,0,0,0,0,0,0,0,0,0,0,13.9,-0.3,0.79,Graduate
1,17,2,9070,1,1,152,1,Secondary,Secondary,High-skilled,High-skilled,134.2,1,0,0,1,1,0,20,0,0,6,7,5,11.8,0,0,6,9,4,12,0,15.5,2.8,-4.06,Not on time
1,44,1,9119,1,39,150,1,Basic,Higher,Clerical/service,High-skilled,150,0,0,0,1,1,0,20,0,0,5,16,0,0,0,0,5,12,2,10.5,0,12.7,3.7,-1.7,Not on time
1,17,5,9119,1,1,123,1,Higher,Secondary,High-skilled,Low-skilled,116,1,0,1,0,1,0,20,0,0,5,5,0,0,0,0,5,5,0,0,0,8.9,1.4,3.51,Not on time
1,1,1,9119,1,1,150,1,Secondary,Secondary,High-skilled,High-skilled,143.4,0,0,0,0,1,1,18,0,0,5,5,5,14.2,0,0,5,5,5,14.2,0,8.9,1.4,3.51,Not on time
1,17,1,171,1,1,145,1,Higher,Higher,High-skilled,High-skilled,143.6,0,0,1,1,1,0,19,0,5,12,12,10,12.7,0,4,11,16,10,12.272727272727300,0,8.9,1.4,3.51,Not on time
1,44,1,9130,1,39,150,1,Secondary,Basic,Clerical/service,Manual skilled,150,1,0,0,0,0,0,22,0,1,6,10,3,12.666666666666700,0,0,6,7,0,0,0,15.5,2.8,-4.06,Not on time
1,1,4,9670,1,1,125,1,Higher,Basic,High-skilled,Clerical/service,118,1,0,0,1,0,0,19,0,0,6,7,6,14.428571428571400,0,0,6,8,6,15,2,16.2,0.3,-0.92,Graduate
1,1,4,9500,1,1,117,1,Secondary,Secondary,Clerical/service,Manual skilled,109.3,1,0,0,1,0,1,18,0,0,7,7,7,13.117142857142900,0,0,8,9,7,12.6,0,11.1,0.6,2.02,Graduate
1,1,2,9238,1,1,121,1,Basic,Basic,Low-skilled,Manual skilled,119.3,1,0,1,1,0,0,20,0,0,6,7,6,12.666666666666700,0,0,6,7,6,11.833333333333300,0,8.9,1.4,3.51,Graduate
1,17,1,171,1,1,140,41,Secondary,Secondary,Clerical/service,Manual skilled,146.3,1,0,0,1,0,1,18,1,0,0,0,0,0,0,0,0,0,0,0,0,12.7,3.7,-1.7,Not on time
1,39,1,9773,1,1,130,1,Secondary,Basic,High-skilled,High-skilled,161.5,0,0,0,1,1,0,36,0,0,6,7,6,15.285714285714300,0,0,6,6,6,16.5,0,10.8,1.4,1.74,Graduate
1,15,1,9147,1,1,140,26,Basic,Higher,Manual skilled,Clerical/service,140,0,0,1,1,1,0,19,1,0,5,12,3,10.5,0,0,5,8,4,11.25,0,12.4,0.5,1.79,Graduate
1,53,1,9147,1,42,140,1,Secondary,Secondary,Manual skilled,Manual skilled,142.2,0,0,0,1,1,1,21,0,6,11,11,11,12.636363636363600,0,3,9,11,9,12.6,0,8.9,1.4,3.51,Graduate
1,1,1,9147,1,1,140,1,Basic,Basic,Low-skilled,Low-skilled,129.2,1,0,0,1,0,0,26,0,0,5,6,0,0,0,0,5,0,0,0,0,15.5,2.8,-4.06,Not on time
1,39,1,9003,1,1,140,41,Secondary,Secondary,Low-skilled,Low-skilled,100,0,0,1,0,0,0,29,1,3,9,9,3,14.333333333333300,0,1,7,8,1,14,0,15.5,2.8,-4.06,Not on time
1,44,1,9254,1,39,170,1,Basic,Higher,Low-skilled,High-skilled,170,0,0,0,0,1,0,26,0,2,8,14,8,15.125,0,1,6,12,6,13.666666666666700,0,11.1,0.6,2.02,Not on time
1,7,1,9500,1,3,140,1,Higher,Basic,High-skilled,Manual skilled,140,0,0,0,1,1,0,27,0,0,7,0,0,0,0,0,8,0,0,0,0,12.4,0.5,1.79,Not on time
1,51,1,9147,1,1,116,1,Higher,Higher,High-skilled,High-skilled,115.2,0,0,1,1,1,0,32,0,2,7,16,3,12,0,3,8,10,3,10.333333333333300,0,8.9,1.4,3.51,Not on time
1,16,3,9853,1,1,134,1,Basic,Basic,Low-skilled,Clerical/service,121.4,1,0,0,1,0,1,23,0,0,6,10,4,14.25,1,0,6,8,5,12,0,7.6,2.6,0.32,Not on time
1,39,1,9147,1,1,133.1,41,Basic,Basic,Low-skilled,Manual skilled,134.8,0,0,0,1,0,0,24,1,0,5,12,2,10.5,0,0,5,9,4,10,2,16.2,0.3,-0.92,Not on time
1,1,2,9773,1,1,140,1,Secondary,Secondary,Low-skilled,Low-skilled,136.9,1,0,0,1,0,1,19,0,0,6,7,6,13.5,0,0,6,7,6,14.428571428571400,0,16.2,0.3,-0.92,Graduate
1,42,1,9003,1,1,140,1,Basic,Basic,Clerical/service,Clerical/service,140,1,0,0,1,1,0,25,0,0,6,14,5,11.666666666666700,0,0,6,11,4,12,0,15.5,2.8,-4.06,Not on time
1,17,6,9254,1,1,108,1,Secondary,Basic,Clerical/service,Clerical/service,112.2,1,0,0,1,1,0,19,0,0,6,13,5,10.8,0,0,6,12,3,10,0,9.4,-0.8,-3.12,Not on time
1,1,3,9773,1,1,149,1,Secondary,Higher,Other/unknown,Other/unknown,148.7,0,0,0,0,1,0,20,0,0,4,4,0,0,0,0,4,8,0,0,0,10.8,1.4,1.74,Not on time
2,1,1,9254,1,1,140,1,Basic,Basic,Clerical/service,Manual skilled,133,0,0,0,1,1,0,33,0,3,9,11,9,12.8,0,2,7,9,7,11.428571428571400,0,12.7,3.7,-1.7,Graduate
2,39,1,9991,0,1,140,1,Basic,Secondary,Low-skilled,Low-skilled,150,0,0,1,1,1,0,35,0,0,5,6,5,10.8,0,0,5,7,5,12,2,9.4,-0.8,-3.12,Not on time
1,1,1,9147,1,1,133.1,1,Basic,Basic,Manual skilled,Manual skilled,98,1,0,0,1,1,0,23,0,0,5,8,4,11.4,0,0,5,7,4,11,0,11.1,0.6,2.02,Graduate
1,1,1,9500,1,1,125,1,Basic,Basic,Low-skilled,Low-skilled,122.4,1,0,0,1,1,0,19,0,0,7,7,7,13.725714285714300,0,0,8,8,8,14.5,0,11.1,0.6,2.02,Graduate
1,1,1,9670,1,1,133.1,1,Secondary,Basic,Low-skilled,Other/unknown,139,0,0,0,1,1,0,21,0,0,6,6,5,12.8,0,0,6,9,5,12.25,0,10.8,1.4,1.74,Not on time
1,1,5,9070,1,1,133.1,1,Secondary,Basic,High-skilled,High-skilled,112,1,0,0,1,1,1,21,0,0,6,6,6,13.5,0,0,6,6,6,11.166666666666700,0,11.1,0.6,2.02,Graduate
1,39,1,9500,1,1,130,1,Basic,Basic,High-skilled,Manual skilled,143.8,0,0,0,1,1,0,27,0,0,8,8,7,15.57,0,0,8,8,7,15.57,0,10.8,1.4,1.74,Not on time
1,17,3,9147,1,1,122,1,Higher,Basic,High-skilled,Manual skilled,116.1,1,0,1,1,1,0,19,0,0,5,10,4,11,0,0,5,13,2,12,0,8.9,1.4,3.51,Not on time
1,7,2,9500,1,3,140,1,Basic,Basic,Low-skilled,Low-skilled,138,0,0,0,1,1,0,28,0,0,7,7,7,14.114285714285700,0,0,8,9,8,15.91111111111110,0,16.2,0.3,-0.92,Not on time
1,43,1,9147,1,1,123,1,Basic,Basic,Manual skilled,Manual skilled,110,0,0,0,1,1,0,25,0,0,5,12,3,11,1,0,5,12,4,11.5,0,9.4,-0.8,-3.12,Not on time
2,39,1,9238,1,19,133.1,1,Basic,Basic,Low-skilled,Clerical/service,103.5,0,0,0,1,1,0,42,0,0,6,0,0,0,0,0,6,0,0,0,0,15.5,2.8,-4.06,Not on time
1,7,1,9991,0,3,140,1,Basic,Basic,Low-skilled,Low-skilled,140,0,0,0,1,1,0,27,0,0,5,6,4,13.5,0,0,5,6,4,13.75,0,7.6,2.6,0.32,Graduate
1,1,1,9070,1,1,116,1,Higher,Higher,Other/unknown,High-skilled,108.7,1,0,0,1,1,0,23,0,0,6,9,4,11.25,1,0,6,10,0,0,4,7.6,2.6,0.32,Not on time
1,17,3,9254,1,1,118,1,Basic,Secondary,Clerical/service,Clerical/service,115.9,1,0,0,1,1,1,18,0,0,6,7,6,12.142857142857100,0,0,6,8,6,11.333333333333300,0,8.9,1.4,3.51,Graduate
2,39,1,9500,1,1,140,1,Basic,Basic,Low-skilled,Clerical/service,127.3,0,0,0,1,1,0,26,0,0,8,8,7,13.075714285714300,0,0,8,8,7,13.075714285714300,0,10.8,1.4,1.74,Graduate
1,1,4,9147,1,1,146,1,Higher,Secondary,High-skilled,Other/unknown,138.7,0,0,0,1,1,0,18,0,0,5,0,0,0,0,0,5,0,0,0,0,8.9,1.4,3.51,Not on time
1,39,1,9991,0,1,150,1,Higher,Higher,High-skilled,High-skilled,135.8,0,0,1,1,1,0,29,0,1,5,9,3,11,0,0,5,11,2,13.5,0,12.7,3.7,-1.7,Not on time
1,17,1,9085,1,1,137,1,Secondary,Secondary,Clerical/service,Manual skilled,134.6,1,0,0,1,1,0,22,0,0,6,16,0,0,0,0,6,7,0,0,0,16.2,0.3,-0.92,Not on time
1,43,1,9500,1,1,136,1,Basic,Basic,Manual skilled,Manual skilled,118.4,1,0,0,1,0,0,21,0,0,7,12,4,13.125,0,0,7,8,6,12.333333333333300,0,13.9,-0.3,0.79,Not on time
1,1,3,9500,1,1,134,1,Basic,Basic,Manual skilled,Low-skilled,132.8,1,0,0,1,0,1,19,0,0,8,8,7,13.512857142857100,0,0,8,8,7,13.512857142857100,0,10.8,1.4,1.74,Graduate
1,1,1,9238,1,1,160,1,Basic,Basic,Low-skilled,Manual skilled,155.5,1,0,0,1,0,1,18,0,0,6,7,6,12.833333333333300,0,0,6,6,6,12.166666666666700,0,10.8,1.4,1.74,Graduate
1,1,3,9085,1,1,126,1,Basic,Secondary,Low-skilled,Low-skilled,132,1,0,0,1,0,1,18,0,0,5,8,3,15,2,0,5,9,3,11.666666666666700,0,9.4,-0.8,-3.12,Not on time
1,39,1,9003,1,19,133.1,1,Basic,Basic,Clerical/service,Low-skilled,110,0,0,1,0,0,0,40,0,0,6,12,5,12.8,0,0,6,16,3,13.333333333333300,0,11.1,0.6,2.02,Not on time
1,17,3,9254,1,1,114,26,Basic,Higher,Low-skilled,High-skilled,127.3,1,0,1,0,0,0,20,1,0,6,14,3,12.333333333333300,0,0,6,16,0,0,0,10.8,1.4,1.74,Not on time
1,1,3,9500,1,1,139,1,Higher,Secondary,Clerical/service,High-skilled,126,1,0,0,1,1,0,18,0,0,8,15,5,12.288,1,0,8,15,5,12.288,1,10.8,1.4,1.74,Not on time
1,43,2,8014,0,3,130,1,Unknown,Unknown,Other/unknown,Other/unknown,130,0,0,0,1,1,0,31,0,8,12,21,12,12.333333333333300,0,6,10,13,7,13.285714285714300,2,7.6,2.6,0.32,Graduate
1,1,2,9147,1,1,131,1,Secondary,Secondary,Low-skilled,Low-skilled,118.8,0,0,0,1,1,1,18,0,0,5,9,4,11.5,0,0,5,5,5,12.8,0,12.4,0.5,1.79,Graduate
1,43,2,9670,1,1,130,1,Basic,Secondary,Clerical/service,Clerical/service,127.6,1,0,0,1,1,0,22,0,4,6,6,6,11.833333333333300,0,0,6,11,4,11.142857142857100,0,10.8,1.4,1.74,Not on time
1,51,1,9147,1,19,133.1,1,Basic,Basic,Low-skilled,Clerical/service,112.1,0,0,1,0,1,0,38,0,0,5,5,0,0,0,0,5,5,0,0,0,8.9,1.4,3.51,Not on time
1,43,1,9991,0,3,130,1,Higher,Secondary,High-skilled,Low-skilled,130,0,0,0,1,1,0,33,0,0,5,5,0,0,0,0,5,5,0,0,0,12.7,3.7,-1.7,Not on time
1,1,3,9119,1,1,117,1,Secondary,Secondary,High-skilled,Clerical/service,111.1,0,0,0,1,1,1,19,0,0,5,10,5,11.8,0,0,5,12,3,11.5,0,11.1,0.6,2.02,Not on time
1,17,1,9670,1,1,127,1,Higher,Higher,High-skilled,High-skilled,121.4,0,0,0,1,1,0,18,0,0,6,0,0,0,0,0,6,0,0,0,0,15.5,2.8,-4.06,Not on time
1,1,5,9119,1,1,131,1,Secondary,Basic,Clerical/service,Manual skilled,126.8,0,0,0,0,1,1,18,0,0,5,6,5,12.2,0,0,5,8,4,12,0,8.9,1.4,3.51,Not on time
1,51,1,9991,0,1,134,1,Secondary,Secondary,Clerical/service,High-skilled,120.6,1,0,0,1,1,0,27,0,2,6,6,6,12.333333333333300,0,0,5,5,5,13,0,11.1,0.6,2.02,Graduate
1,39,1,9254,1,1,130,1,Basic,Basic,Low-skilled,Low-skilled,126.5,0,0,0,1,1,0,26,0,0,6,7,6,12.428571428571400,0,0,6,6,6,12.833333333333300,0,7.6,2.6,0.32,Graduate
1,1,6,9500,1,1,127,1,Secondary,Basic,High-skilled,High-skilled,120.2,1,0,0,1,0,1,19,0,0,7,7,7,12.765714285714300,0,0,8,9,8,13.544444444444400,0,12.4,0.5,1.79,Graduate
2,51,1,9500,1,1,130,1,Basic,Basic,Clerical/service,Clerical/service,120,0,0,0,1,1,0,44,0,0,7,11,5,12.1,0,0,7,10,5,12.6,0,11.1,0.6,2.02,Not on time
1,1,2,9147,1,1,142,1,Basic,Basic,Low-skilled,Low-skilled,137.5,1,0,0,1,1,0,19,0,0,5,10,5,12,0,0,5,9,5,11.5,0,13.9,-0.3,0.79,Graduate
1,18,1,9070,1,1,117,1,Secondary,Basic,Clerical/service,Manual skilled,127.9,1,0,0,1,1,0,20,0,0,6,6,0,0,0,0,6,6,0,0,0,9.4,-0.8,-3.12,Not on time
1,39,1,9003,1,19,133.1,1,Basic,Basic,High-skilled,High-skilled,140,0,0,1,1,1,0,24,0,0,6,10,6,14.88888888888890,0,0,6,11,6,13.727272727272700,0,16.2,0.3,-0.92,Not on time
4,43,1,9991,0,1,164,1,Basic,Basic,Manual skilled,Manual skilled,131.8,0,0,0,1,0,0,31,0,7,14,19,13,11.357142857142900,0,9,14,14,13,12,1,9.4,-0.8,-3.12,Graduate
1,43,1,9070,1,1,130,1,Basic,Basic,Low-skilled,Low-skilled,129,1,0,0,1,0,0,25,0,0,6,6,6,13.5,0,0,6,6,6,12.5,0,9.4,-0.8,-3.12,Graduate
1,17,4,9773,1,1,127,1,Higher,Basic,Low-skilled,Low-skilled,115.8,1,0,1,0,0,0,19,0,0,6,6,0,0,0,0,6,0,0,0,0,8.9,1.4,3.51,Not on time
1,17,3,9500,1,1,140,1,Higher,Higher,High-skilled,High-skilled,126.4,1,0,0,1,0,0,18,0,0,7,7,7,13.884285714285700,0,0,8,9,8,14.75,0,11.1,0.6,2.02,Not on time
1,43,1,9085,1,1,130,1,Basic,Basic,Clerical/service,Low-skilled,130,1,0,0,0,0,0,19,0,0,6,12,5,13,0,0,6,12,3,11.666666666666700,0,13.9,-0.3,0.79,Not on time
1,1,3,9500,1,1,122,1,Higher,Secondary,Clerical/service,High-skilled,114.8,1,0,0,1,0,1,19,0,0,7,11,4,12.65,0,0,7,9,5,11.1,0,12.4,0.5,1.79,Not on time
1,17,1,9147,1,1,162,1,Secondary,Basic,Clerical/service,Clerical/service,138.6,1,0,0,1,0,0,19,0,0,5,10,1,11,0,0,5,13,0,0,0,12.7,3.7,-1.7,Not on time
1,39,1,9670,1,1,133.1,1,Secondary,Secondary,Clerical/service,Clerical/service,112.9,0,0,0,1,0,0,24,0,0,6,12,2,11.666666666666700,0,0,6,20,2,10.5,6,16.2,0.3,-0.92,Not on time
1,1,1,9238,1,1,120,1,Higher,Higher,High-skilled,High-skilled,111.6,0,0,0,1,0,0,20,0,0,6,6,6,14.5,0,0,6,6,6,12.666666666666700,0,12.4,0.5,1.79,Graduate
1,17,1,9254,1,1,160,1,Basic,Basic,Clerical/service,High-skilled,152,0,0,0,1,0,0,18,0,0,6,7,6,14.714285714285700,0,0,6,7,6,14.166666666666700,0,12.7,3.7,-1.7,Graduate
1,1,1,9238,1,1,141,1,Basic,Secondary,Clerical/service,Manual skilled,132.6,0,0,0,1,0,1,18,0,0,6,7,6,13.285714285714300,0,0,6,6,6,14.333333333333300,0,12.4,0.5,1.79,Graduate
1,17,1,9085,1,1,125,1,Secondary,Basic,Clerical/service,Low-skilled,118.4,1,0,0,1,0,0,21,0,0,5,13,3,11.333333333333300,2,0,5,12,2,10.5,1,9.4,-0.8,-3.12,Not on time
1,7,1,9500,1,3,120,1,Basic,Basic,Clerical/service,Clerical/service,120,0,0,1,0,0,0,28,0,0,7,7,0,0,7,0,7,7,0,0,7,13.9,-0.3,0.79,Not on time
1,1,1,9147,1,1,128,1,Basic,Basic,Clerical/service,Manual skilled,122.1,0,0,0,1,0,1,18,0,0,5,11,4,11.571428571428600,0,0,5,9,5,12,0,13.9,-0.3,0.79,Not on time
1,1,1,9853,1,1,162,1,Basic,Basic,Low-skilled,Manual skilled,142.8,0,0,1,1,0,0,18,0,0,6,10,5,13,0,0,6,10,4,11.5,0,12.7,3.7,-1.7,Not on time
1,1,1,9238,1,1,130,1,Secondary,Secondary,Clerical/service,Clerical/service,124.8,0,0,0,1,0,1,18,0,0,6,9,6,11.5,0,0,6,11,5,14,0,11.1,0.6,2.02,Graduate
1,17,2,9147,1,1,134,1,Basic,Basic,Low-skilled,Manual skilled,126.3,1,0,0,1,0,1,18,0,0,5,8,5,11.8,0,0,5,10,5,11.6,3,16.2,0.3,-0.92,Graduate
1,1,1,9147,1,1,133.1,1,Basic,Basic,Low-skilled,Low-skilled,119,1,0,0,0,0,1,19,0,0,5,7,3,10.666666666666700,0,0,5,10,3,12.285714285714300,0,10.8,1.4,1.74,Not on time
1,17,1,9500,1,1,137,1,Basic,Basic,High-skilled,Low-skilled,124.9,0,0,0,1,0,1,19,0,0,7,11,6,13.8875,0,0,8,9,8,14.864444444444400,0,15.5,2.8,-4.06,Graduate
1,1,1,9238,1,1,133.1,1,Basic,Basic,Low-skilled,Low-skilled,118,0,0,1,1,0,1,20,0,0,6,7,5,11.4,0,0,6,9,6,11.5,0,8.9,1.4,3.51,Graduate
2,43,1,8014,0,1,110,1,Basic,Basic,Low-skilled,High-skilled,100,0,0,0,1,0,0,34,0,9,11,17,9,12.333333333333300,0,3,7,12,7,12.142857142857100,0,9.4,-0.8,-3.12,Graduate
2,39,1,9500,1,1,133.1,1,Basic,Basic,Low-skilled,Low-skilled,109,1,0,0,1,0,0,39,0,0,7,8,5,12.16,0,0,7,8,5,12.16,0,7.6,2.6,0.32,Not on time
1,17,3,9500,1,1,133,1,Higher,Basic,High-skilled,Clerical/service,130.8,1,0,0,1,0,0,19,0,0,8,8,8,13.427500000000000,0,0,8,8,8,13.427500000000000,0,9.4,-0.8,-3.12,Graduate
1,39,1,9070,1,1,130,1,Secondary,Basic,Clerical/service,Clerical/service,110,1,0,0,1,0,0,24,0,0,6,6,6,15.166666666666700,0,0,6,6,2,15.5,0,15.5,2.8,-4.06,Graduate
1,10,1,9773,1,1,151,22,Basic,Basic,Other/unknown,Clerical/service,151,1,0,0,1,0,0,18,1,0,6,12,0,0,1,0,6,0,0,0,0,9.4,-0.8,-3.12,Not on time
1,17,1,9130,1,1,125,1,Basic,Basic,High-skilled,Other/unknown,131,1,0,0,1,1,0,19,0,0,5,11,2,10.5,2,0,5,9,0,0,3,10.8,1.4,1.74,Not on time
1,1,1,9147,1,1,158,1,Secondary,Basic,High-skilled,Manual skilled,155.2,0,0,0,1,1,1,18,0,0,5,5,5,11.8,0,0,5,8,3,11,0,9.4,-0.8,-3.12,Graduate
1,1,2,9147,1,1,128,1,Higher,Secondary,High-skilled,High-skilled,121,1,1,1,1,1,0,20,0,0,5,6,5,13.2,0,0,5,10,5,11.4,3,16.2,0.3,-0.92,Not on time
1,1,6,9500,1,1,133,1,Secondary,Secondary,Low-skilled,Low-skilled,119.7,1,1,1,1,1,0,19,0,2,7,8,7,13.075,0,1,8,11,8,12.36111111111110,0,12.4,0.5,1.79,Graduate
1,1,1,9130,1,1,138,1,Higher,Basic,High-skilled,Clerical/service,131,1,0,0,1,1,0,19,0,0,6,8,4,11.6,0,0,6,14,2,13,0,11.1,0.6,2.02,Not on time
1,17,1,9003,1,1,126,1,Basic,Higher,Clerical/service,High-skilled,116.9,0,0,0,1,1,0,19,0,0,6,10,6,13.666666666666700,0,0,6,10,4,12.25,0,13.9,-0.3,0.79,Not on time
2,39,1,9991,0,1,140,1,Basic,Secondary,Low-skilled,Other/unknown,130,1,0,0,1,1,0,41,0,0,5,9,4,10.75,0,0,5,7,2,10,0,9.4,-0.8,-3.12,Not on time
1,1,2,9500,1,1,143,1,Higher,Higher,High-skilled,High-skilled,137.8,0,0,0,1,1,0,19,0,0,7,10,6,13.492857142857100,0,0,8,9,8,12.68888888888890,0,12.4,0.5,1.79,Graduate
1,43,3,9254,1,1,135,1,Higher,Higher,High-skilled,High-skilled,122.1,0,0,0,1,1,0,19,0,0,6,14,3,12.5,0,0,6,9,4,11,0,12.7,3.7,-1.7,Not on time
1,7,1,9500,1,3,120,1,Secondary,Secondary,Manual skilled,Other/unknown,120,1,0,0,0,1,0,23,0,0,7,0,0,0,0,0,8,0,0,0,0,12.7,3.7,-1.7,Not on time
1,1,1,9119,1,1,148,1,Basic,Basic,Low-skilled,Manual skilled,133,0,0,0,1,1,0,18,0,0,5,12,5,13.285714285714300,0,0,5,16,5,14.8,0,12.4,0.5,1.79,Not on time
1,1,1,9147,1,1,126,1,Higher,Basic,High-skilled,High-skilled,115.2,0,0,0,1,1,0,19,0,0,5,6,5,12.6,0,0,5,13,5,11.8,5,16.2,0.3,-0.92,Graduate
1,44,1,9003,1,39,160,1,Higher,Higher,High-skilled,Other/unknown,160,1,0,0,1,1,0,20,0,0,6,7,6,14,0,0,6,7,6,14.666666666666700,0,12.4,0.5,1.79,Graduate
1,39,1,9085,1,1,140,1,Basic,Basic,Other/unknown,Other/unknown,106.3,0,0,1,0,1,0,35,0,0,5,7,2,11.5,0,0,5,8,2,10.5,0,7.6,2.6,0.32,Not on time
4,39,2,9670,1,19,133.1,1,Basic,Secondary,Other/unknown,Other/unknown,103,0,0,0,0,1,0,34,0,0,6,6,0,0,0,0,6,9,0,0,0,10.8,1.4,1.74,Not on time
1,1,1,9070,1,1,136,1,Higher,Higher,Low-skilled,Low-skilled,136,1,0,1,0,0,1,19,0,0,6,6,6,11.833333333333300,0,0,6,8,6,12.875,0,10.8,1.4,1.74,Graduate
1,15,1,9238,1,1,150,26,Basic,Secondary,Low-skilled,Low-skilled,146.5,1,0,1,0,1,0,22,1,0,6,10,5,11.5,0,0,6,8,5,12.4,0,13.9,-0.3,0.79,Graduate
1,17,3,9070,1,1,130,1,Secondary,Higher,Clerical/service,High-skilled,131.4,0,0,0,1,1,0,20,0,0,6,6,6,14.166666666666700,0,0,6,8,6,12.333333333333300,0,11.1,0.6,2.02,Graduate
2,42,1,9991,0,1,130,1,Higher,Higher,High-skilled,High-skilled,130,0,0,0,1,1,0,27,0,2,2,2,2,12.5,0,0,5,6,2,12.5,0,12.7,3.7,-1.7,Not on time
2,39,1,9119,1,1,110,1,Basic,Basic,Other/unknown,Clerical/service,137,0,0,1,1,1,0,30,0,0,5,5,0,0,0,0,5,5,0,0,0,7.6,2.6,0.32,Not on time
1,39,1,9119,1,1,110,1,Secondary,Secondary,Clerical/service,Clerical/service,125.9,0,0,0,1,1,0,34,0,0,5,7,0,0,0,0,5,8,1,11,0,10.8,1.4,1.74,Not on time
1,1,1,9254,1,1,121,1,Secondary,Secondary,Clerical/service,Clerical/service,111.9,1,0,0,0,1,0,20,0,0,6,14,2,10.5,0,0,6,16,0,0,0,10.8,1.4,1.74,Not on time
1,17,1,9070,1,1,127,1,Basic,Basic,Low-skilled,Clerical/service,131.2,1,0,0,1,1,0,18,0,0,6,6,6,11.833333333333300,0,0,6,6,6,13.166666666666700,0,7.6,2.6,0.32,Graduate
1,1,1,9130,1,1,140,1,Secondary,Basic,Clerical/service,Clerical/service,131.2,0,0,0,1,1,1,26,0,0,5,9,0,0,0,0,5,6,0,0,0,7.6,2.6,0.32,Not on time
1,39,1,9991,0,1,130,1,Secondary,Secondary,High-skilled,Manual skilled,140,0,0,0,1,1,0,26,0,0,5,5,5,12.4,0,0,5,5,5,12.4,0,15.5,2.8,-4.06,Graduate
1,39,2,9147,1,1,130,1,Basic,Basic,Clerical/service,Low-skilled,121.5,0,0,0,0,1,0,26,0,0,5,5,2,10.5,0,0,5,9,0,0,0,10.8,1.4,1.74,Not on time
1,39,1,9991,0,1,100,1,Basic,Basic,Low-skilled,Manual skilled,153.5,0,0,1,0,1,0,31,0,0,5,9,0,0,0,0,5,6,0,0,0,12.4,0.5,1.79,Not on time
1,1,3,171,1,1,139,1,Basic,Basic,Low-skilled,Manual skilled,142.2,1,0,0,1,1,1,20,0,6,12,12,12,14.583333333333300,0,4,11,14,11,14.333333333333300,0,8.9,1.4,3.51,Graduate
1,1,1,9773,1,1,150,1,Basic,Basic,Other/unknown,Other/unknown,131.1,1,0,0,1,1,0,19,0,0,6,6,6,11.666666666666700,0,0,6,10,3,12.666666666666700,0,7.6,2.6,0.32,Graduate
1,17,1,9670,1,1,133.1,1,Unknown,Higher,Manual skilled,High-skilled,130.6,1,0,1,0,1,0,23,0,0,5,5,0,0,0,0,5,5,0,0,0,7.6,2.6,0.32,Not on time
1,1,6,9500,1,1,119,1,Secondary,Secondary,Clerical/service,Clerical/service,115,1,0,0,1,1,1,20,0,0,7,14,1,13,0,0,7,15,0,0,0,11.1,0.6,2.02,Not on time
1,51,1,9500,1,1,170,1,Secondary,Secondary,Clerical/service,Other/unknown,125,0,0,0,1,1,0,20,0,0,7,7,7,15.66,0,7,10,11,9,15.011111111111100,0,11.1,0.6,2.02,Graduate
1,39,1,8014,0,1,133.1,1,Unknown,Unknown,Other/unknown,Other/unknown,97.5,1,0,0,1,1,0,29,0,0,6,10,0,0,1,0,5,10,0,0,0,7.6,2.6,0.32,Not on time
1,1,4,9773,1,1,133,1,Basic,Basic,Manual skilled,Manual skilled,134.4,1,0,0,1,1,1,20,0,0,6,6,6,12.166666666666700,0,0,6,8,4,12.75,0,9.4,-0.8,-3.12,Graduate
1,1,1,9500,1,1,125,1,Basic,Basic,Low-skilled,Low-skilled,118.8,0,0,0,1,1,0,24,0,0,7,7,6,13.3,0,0,7,7,6,13.3,0,7.6,2.6,0.32,Graduate
1,39,1,9556,1,19,133.1,1,Higher,Secondary,High-skilled,Manual skilled,110.5,0,0,0,1,1,0,37,0,0,7,15,0,0,0,0,7,13,0,0,1,11.1,0.6,2.02,Not on time
1,1,5,9500,1,1,143,1,Basic,Basic,Clerical/service,Clerical/service,123.3,1,0,0,1,1,0,18,0,0,7,0,0,0,0,0,8,0,0,0,0,7.6,2.6,0.32,Not on time
1,1,2,171,1,1,127,1,Higher,Basic,Clerical/service,Clerical/service,139.6,1,0,1,0,1,1,18,0,0,0,0,0,0,0,0,0,0,0,0,0,13.9,-0.3,0.79,Not on time
1,17,1,9500,1,1,157,1,Basic,Higher,Clerical/service,Low-skilled,138.8,0,0,0,1,1,0,18,0,0,8,8,7,13.55714285714290,0,0,8,8,7,13.55714285714290,0,12.7,3.7,-1.7,Graduate
2,44,1,9119,1,39,160,1,Basic,Basic,Low-skilled,Low-skilled,160,0,0,1,1,1,0,41,0,3,7,15,5,14.333333333333300,0,1,6,16,6,14.636363636363600,0,12.4,0.5,1.79,Not on time
1,39,1,9003,1,1,140,1,Basic,Basic,Low-skilled,Clerical/service,140,0,0,0,1,1,0,35,0,0,6,16,4,12,0,0,6,11,3,10.333333333333300,0,13.9,-0.3,0.79,Not on time
1,17,1,9254,1,1,128,1,Basic,Basic,Low-skilled,Low-skilled,118.2,0,0,0,1,0,0,19,0,0,5,5,0,0,0,0,6,0,0,0,0,8.9,1.4,3.51,Not on time
1,1,1,171,1,1,145,1,Secondary,Basic,Other/unknown,Clerical/service,150.6,1,0,0,1,1,0,18,0,0,0,0,0,0,0,0,0,0,0,0,0,10.8,1.4,1.74,Graduate
2,39,1,9500,1,1,133.1,1,Basic,Basic,Low-skilled,Manual skilled,115.2,0,0,0,1,0,0,48,0,0,7,11,4,11.75,0,0,7,14,3,11.725,0,11.1,0.6,2.02,Not on time
1,1,1,9500,1,1,132,1,Basic,Higher,Low-skilled,High-skilled,126,1,0,0,1,0,0,19,0,0,7,7,6,12.183333333333300,0,0,7,7,6,12.183333333333300,0,7.6,2.6,0.32,Graduate
1,44,1,9003,1,39,160,1,Basic,Basic,Low-skilled,Manual skilled,160,1,0,0,0,1,0,30,0,4,9,18,6,11.833333333333300,0,1,8,21,4,11,0,15.5,2.8,-4.06,Not on time
2,43,1,9773,1,1,160,1,Basic,Basic,Clerical/service,Other/unknown,160,0,0,1,0,1,0,51,0,0,4,4,0,0,0,0,4,4,0,0,0,12.7,3.7,-1.7,Not on time
1,10,1,9085,1,1,184.4,22,Higher,Basic,High-skilled,Manual skilled,184.4,0,0,0,1,0,0,18,1,0,6,8,6,15,0,0,6,10,5,14.333333333333300,0,11.1,0.6,2.02,Graduate
1,1,1,171,1,1,149,1,Secondary,Secondary,Low-skilled,High-skilled,156,1,0,0,1,0,0,18,0,0,0,0,0,0,0,0,0,0,0,0,0,10.8,1.4,1.74,Graduate
1,1,1,171,1,1,146,1,Higher,Higher,Clerical/service,Clerical/service,150.2,1,0,0,1,0,0,18,0,0,0,0,0,0,0,0,0,0,0,0,0,11.1,0.6,2.02,Graduate
1,1,5,9500,1,1,139,1,Basic,Basic,Manual skilled,Manual skilled,126.3,1,0,0,1,0,1,18,0,0,8,8,8,13.435,0,0,8,8,8,13.435,0,9.4,-0.8,-3.12,Graduate
1,1,1,9130,1,1,152,1,Higher,Secondary,Clerical/service,High-skilled,146.1,1,0,0,1,0,0,18,0,0,5,8,4,13.5,2,0,5,9,0,0,3,10.8,1.4,1.74,Not on time
1,1,1,171,1,1,147,1,Higher,Higher,Clerical/service,Manual skilled,145.3,1,0,0,1,0,0,18,0,0,0,0,0,0,0,0,0,0,0,0,0,12.4,0.5,1.79,Not on time
1,18,1,171,1,1,121,1,Secondary,Secondary,Clerical/service,High-skilled,116.8,1,0,0,1,0,0,23,0,15,17,18,17,11.5,0,16,17,17,17,12.176470588235300,0,12.4,0.5,1.79,Graduate
1,1,1,9070,1,1,124,1,Basic,Basic,Manual skilled,Low-skilled,132.1,1,0,0,1,0,0,19,0,0,6,10,2,10.5,0,0,6,6,3,11,0,7.6,2.6,0.32,Not on time
1,1,1,9085,1,1,105,1,Basic,Basic,Manual skilled,Manual skilled,102.6,0,1,0,1,0,0,21,0,0,6,13,4,12,0,0,6,17,2,11.5,0,11.1,0.6,2.02,Not on time
1,1,1,9773,1,1,121,1,Higher,Higher,High-skilled,High-skilled,112.3,1,0,1,0,0,0,18,0,0,6,7,5,12.2,0,0,6,11,4,11.5,0,11.1,0.6,2.02,Not on time
1,1,1,171,1,1,143,1,Secondary,Secondary,Clerical/service,High-skilled,155.3,1,1,0,1,0,0,18,0,0,0,0,0,0,0,0,0,0,0,0,0,11.1,0.6,2.02,Graduate
1,53,1,9085,1,42,150,1,Higher,Secondary,High-skilled,Manual skilled,153.8,1,0,0,1,0,0,21,0,7,11,15,10,14.5,0,4,9,15,8,14,0,8.9,1.4,3.51,Graduate
1,43,1,9773,1,1,126,1,Secondary,Basic,High-skilled,Other/unknown,110,0,0,1,1,0,0,20,0,0,6,7,6,13.333333333333300,0,0,6,8,6,12.666666666666700,0,12.4,0.5,1.79,Graduate
1,42,1,9085,1,1,133.1,1,Secondary,Secondary,Clerical/service,Clerical/service,128.2,0,0,0,1,0,0,24,0,5,11,29,9,12,6,4,10,21,9,12.555555555555600,0,9.4,-0.8,-3.12,Graduate
1,1,1,9130,1,1,127,1,Secondary,Secondary,Clerical/service,Clerical/service,120.4,1,0,0,1,0,0,18,0,0,6,9,6,15.125,0,0,6,9,6,14,0,13.9,-0.3,0.79,Graduate
1,17,1,9500,1,1,160,1,Basic,Secondary,Clerical/service,Other/unknown,153,1,0,0,1,0,0,18,0,0,7,7,6,13.116666666666700,0,0,7,7,6,13.116666666666700,0,7.6,2.6,0.32,Graduate
1,1,1,9773,1,1,121,1,Basic,Secondary,Manual skilled,Low-skilled,117.9,1,0,0,1,0,0,19,0,0,6,7,6,12.833333333333300,0,0,6,7,6,11.666666666666700,0,11.1,0.6,2.02,Graduate
1,44,1,9238,1,39,150,1,Secondary,Basic,Clerical/service,Manual skilled,145.6,1,0,0,1,0,1,20,0,3,6,6,6,13.333333333333300,0,2,6,6,6,14.166666666666700,0,13.9,-0.3,0.79,Graduate
1,1,6,9500,1,1,117,1,Higher,Secondary,Clerical/service,Low-skilled,119.8,1,0,0,1,0,0,18,0,0,7,7,7,13.877142857142900,0,0,8,8,8,15.6625,0,12.4,0.5,1.79,Graduate
1,1,6,9500,1,1,141,1,Basic,Secondary,Low-skilled,Other/unknown,126.8,1,0,0,1,0,0,18,0,0,8,8,7,12.944285714285700,0,0,8,8,7,12.944285714285700,0,10.8,1.4,1.74,Graduate
1,17,1,9853,1,1,112,1,Higher,Basic,High-skilled,Low-skilled,106.1,1,0,0,1,0,0,19,0,0,6,8,5,12.333333333333300,0,0,6,8,5,11,0,15.5,2.8,-4.06,Not on time
1,1,1,9500,1,1,148,1,Higher,Higher,High-skilled,High-skilled,137.3,1,0,0,1,0,0,19,0,0,7,7,6,14.266666666666700,0,0,7,7,6,14.266666666666700,0,7.6,2.6,0.32,Graduate
1,1,2,9670,1,1,120,1,Higher,Basic,Clerical/service,Clerical/service,115.5,1,0,0,1,0,0,18,0,0,6,8,5,13,0,0,6,8,5,14,0,13.9,-0.3,0.79,Graduate
1,1,2,9500,1,1,132,1,Basic,Basic,Clerical/service,Manual skilled,127.5,1,0,0,1,0,0,20,0,0,8,8,8,12.48375,0,0,8,8,8,12.48375,0,9.4,-0.8,-3.12,Graduate
1,1,2,9556,1,1,125,1,Basic,Secondary,Low-skilled,High-skilled,116.3,1,0,0,1,0,0,18,0,0,7,8,7,13.428571428571400,0,0,8,8,8,15.3125,0,16.2,0.3,-0.92,Graduate
2,17,3,8014,0,1,123,1,Basic,Basic,High-skilled,High-skilled,113.2,0,0,1,0,0,0,18,0,0,6,9,3,10.666666666666700,0,0,6,12,0,0,0,7.6,2.6,0.32,Not on time
1,1,1,9853,1,1,142,1,Secondary,Secondary,Low-skilled,Clerical/service,132.6,1,0,0,1,0,0,18,0,0,6,8,5,15.4,0,0,6,7,5,12.2,0,7.6,2.6,0.32,Graduate
1,1,4,9500,1,1,148,1,Secondary,Basic,Clerical/service,Manual skilled,132,1,0,0,1,0,0,18,0,0,7,7,6,13.45,0,0,7,7,6,13.45,0,7.6,2.6,0.32,Graduate
1,17,5,9500,1,1,136,1,Basic,Basic,Clerical/service,Manual skilled,130.3,1,0,0,1,0,1,18,0,0,7,7,6,12.6,0,0,7,7,6,12.6,0,7.6,2.6,0.32,Graduate
1,1,4,9500,1,1,123,1,Basic,Basic,Low-skilled,Other/unknown,116.7,1,0,0,1,0,0,20,0,0,7,7,7,12.485714285714300,0,0,8,12,8,12.9375,0,16.2,0.3,-0.92,Graduate
1,1,2,9070,1,1,135,1,Basic,Basic,Low-skilled,Low-skilled,134,1,0,0,1,0,1,22,0,0,6,10,5,10.8,0,0,6,7,5,12.8,0,12.7,3.7,-1.7,Graduate
1,43,1,9670,1,1,151,1,Basic,Basic,High-skilled,High-skilled,100,0,0,1,1,0,0,20,0,0,6,12,5,12.2,0,0,6,8,5,14.6,0,13.9,-0.3,0.79,Not on time
1,44,1,9085,1,39,140,1,Secondary,Secondary,High-skilled,Manual skilled,140,1,0,0,1,0,0,20,0,2,6,11,5,14.2,0,0,6,12,2,13.5,0,13.9,-0.3,0.79,Not on time
1,1,2,9238,1,1,136,1,Basic,Basic,Low-skilled,Manual skilled,139.2,1,0,0,1,0,0,18,0,0,6,7,6,13.833333333333300,0,0,6,6,6,14,0,9.4,-0.8,-3.12,Graduate
1,1,1,9853,1,1,142,1,Basic,Secondary,Low-skilled,High-skilled,132.6,0,0,0,1,0,0,18,0,0,6,8,5,12.8,0,0,6,14,3,10,0,9.4,-0.8,-3.12,Not on time
1,17,3,9147,1,1,142,1,Basic,Basic,Clerical/service,High-skilled,129.4,0,0,0,1,0,0,18,0,0,5,5,5,13.2,0,0,5,6,4,12.5,0,9.4,-0.8,-3.12,Graduate
1,17,1,9670,1,1,127,1,Secondary,Basic,Clerical/service,Manual skilled,125.6,0,0,1,1,0,1,18,0,0,6,7,1,14,0,0,6,6,0,0,0,15.5,2.8,-4.06,Not on time
1,17,1,9238,1,1,131,1,Secondary,Secondary,Clerical/service,Other/unknown,129.3,0,0,0,1,0,0,19,0,4,8,8,8,13.875,0,1,6,8,5,14,0,11.1,0.6,2.02,Graduate
1,1,1,9085,1,1,134,1,Basic,Basic,Low-skilled,Clerical/service,128.4,1,0,0,1,0,1,19,0,0,5,7,5,12.5,0,0,5,8,5,12.714285714285700,0,10.8,1.4,1.74,Graduate
1,17,2,9773,1,1,142,1,Basic,Basic,Low-skilled,Low-skilled,139.9,0,0,0,1,0,1,18,0,0,6,7,6,13.428571428571400,0,0,6,6,6,12.5,0,13.9,-0.3,0.79,Graduate
1,1,1,9070,1,1,123,1,Basic,Basic,Low-skilled,Clerical/service,124.8,0,0,0,0,0,1,18,0,0,6,7,5,11.8,0,0,6,7,5,13,0,8.9,1.4,3.51,Not on time
1,17,3,9500,1,1,133,1,Secondary,Secondary,Low-skilled,Low-skilled,128.5,1,0,0,1,0,1,18,0,0,7,7,7,14.868571428571400,0,0,8,9,8,15.11111111111110,0,11.1,0.6,2.02,Graduate
1,1,4,9500,1,1,125,1,Basic,Secondary,High-skilled,High-skilled,117.8,1,0,0,1,0,0,18,0,0,7,10,7,13.03,0,0,8,8,8,13.21875,0,15.5,2.8,-4.06,Graduate
1,17,1,9670,1,1,120,1,Basic,Basic,Clerical/service,Manual skilled,115.1,1,0,0,1,0,0,19,0,0,6,7,6,14.571428571428600,0,0,6,7,6,12.333333333333300,0,12.4,0.5,1.79,Graduate
1,17,2,9238,1,1,125,1,Basic,Basic,High-skilled,High-skilled,118,1,0,0,1,0,0,18,0,0,6,9,5,11,0,0,6,9,4,11.25,0,8.9,1.4,3.51,Graduate
1,39,1,9500,1,19,133.1,1,Basic,Basic,Low-skilled,Clerical/service,120,0,0,0,1,0,1,25,0,0,8,8,8,13.3675,0,0,8,8,8,13.3675,0,9.4,-0.8,-3.12,Graduate
1,1,4,9500,1,1,133.1,1,Basic,Basic,Low-skilled,Low-skilled,119.6,1,0,0,1,0,1,19,0,0,7,7,6,12.808333333333300,0,0,8,11,7,12.825714285714300,0,12.4,0.5,1.79,Graduate
1,17,6,9500,1,1,143,1,Secondary,Basic,High-skilled,High-skilled,133.2,1,0,0,1,0,0,18,0,0,7,7,7,13.918571428571400,0,0,8,9,8,13.8875,0,11.1,0.6,2.02,Graduate
1,17,1,9130,1,1,147,1,Higher,Secondary,High-skilled,Other/unknown,141.8,1,0,0,1,0,0,19,0,0,6,8,6,13,0,0,6,9,4,12.8,0,13.9,-0.3,0.79,Graduate
2,1,1,9500,1,1,142,1,Basic,Basic,Clerical/service,Clerical/service,130.3,0,0,0,1,0,0,18,0,0,7,7,6,13.683333333333300,0,0,7,7,6,13.683333333333300,0,7.6,2.6,0.32,Graduate
1,39,1,9085,1,1,150,1,Basic,Basic,Clerical/service,Other/unknown,100,0,0,0,1,0,0,24,0,1,6,11,5,13,0,1,6,12,1,12,0,13.9,-0.3,0.79,Not on time
1,1,2,9773,1,1,124,1,Higher,Higher,High-skilled,Clerical/service,114.6,1,0,0,1,0,0,21,0,0,6,8,5,12.8,0,0,6,7,5,11.2,0,11.1,0.6,2.02,Graduate
1,1,2,9254,1,1,136,1,Secondary,Secondary,Low-skilled,Clerical/service,123.4,1,0,0,1,0,1,18,0,0,6,9,6,13.571428571428600,0,0,6,6,6,12.166666666666700,0,8.9,1.4,3.51,Graduate
1,1,1,9238,1,1,116,1,Basic,Basic,Low-skilled,Manual skilled,116.4,1,0,0,1,0,0,18,0,0,6,6,6,13.166666666666700,0,0,6,6,6,13.166666666666700,0,8.9,1.4,3.51,Graduate
2,1,1,9070,1,1,127,1,Secondary,Basic,Low-skilled,Low-skilled,123.2,0,0,0,1,0,1,20,0,0,6,6,6,15,0,0,6,6,6,14.5,0,11.1,0.6,2.02,Graduate
1,1,1,9070,1,1,117,1,Higher,Basic,High-skilled,Clerical/service,123.7,1,0,0,1,0,0,19,0,0,6,6,6,12.666666666666700,0,0,6,8,5,11.4,0,12.4,0.5,1.79,Graduate
1,1,2,9773,1,1,116,1,Secondary,Basic,Clerical/service,Manual skilled,127.6,1,0,0,1,0,1,19,0,0,6,7,6,13.857142857142900,0,0,6,7,6,13.142857142857100,0,13.9,-0.3,0.79,Not on time
1,1,4,9500,1,1,129,1,Basic,Basic,Low-skilled,Low-skilled,117.1,1,0,0,1,0,0,30,0,0,7,7,7,14.692857142857100,0,0,8,8,8,14.9625,0,12.4,0.5,1.79,Graduate
1,1,1,9500,1,1,157,1,Basic,Basic,Clerical/service,High-skilled,149.3,0,0,0,1,0,0,18,0,0,8,8,8,14.035,0,0,8,8,8,14.035,0,9.4,-0.8,-3.12,Graduate
1,17,1,9085,1,1,135,1,Secondary,Basic,Clerical/service,Other/unknown,125.6,1,0,0,1,0,0,18,0,0,5,8,4,11,1,0,5,8,3,14,0,12.7,3.7,-1.7,Graduate
1,1,1,9773,1,1,139,1,Basic,Basic,Low-skilled,Low-skilled,145,1,0,0,1,0,1,18,0,0,6,6,6,13.333333333333300,0,0,6,6,6,13.333333333333300,0,9.4,-0.8,-3.12,Graduate
1,18,1,9500,1,1,115,1,Basic,Basic,Clerical/service,Clerical/service,115,0,0,0,1,0,0,20,0,0,7,13,6,11.7725,0,0,8,9,7,12.33,0,15.5,2.8,-4.06,Graduate
1,1,1,9254,1,1,123,1,Basic,Basic,Clerical/service,Manual skilled,114.3,0,0,0,1,0,0,19,0,0,6,0,0,0,0,0,6,0,0,0,0,11.1,0.6,2.02,Not on time
1,43,2,9254,1,1,140,1,Basic,Basic,Low-skilled,Low-skilled,126,1,0,0,1,0,0,19,0,0,6,0,0,0,0,0,6,12,0,0,0,10.8,1.4,1.74,Not on time
1,1,1,171,1,1,138,1,Basic,Basic,Manual skilled,Manual skilled,124,1,0,0,0,0,0,19,0,0,0,0,0,0,0,0,0,0,0,0,0,10.8,1.4,1.74,Not on time
1,1,4,9254,1,1,132,1,Secondary,Basic,Clerical/service,Manual skilled,122.6,1,0,0,1,0,1,18,0,0,6,7,6,12.285714285714300,0,0,6,6,6,12,0,8.9,1.4,3.51,Graduate
1,1,4,9500,1,1,140,1,Higher,Basic,High-skilled,High-skilled,133.8,1,0,0,1,0,0,17,0,0,8,14,5,12.46,0,0,8,14,5,12.46,0,10.8,1.4,1.74,Not on time
1,18,1,9853,1,1,117,1,Basic,Basic,Clerical/service,Other/unknown,113.5,1,0,0,1,0,0,19,0,0,7,10,6,12.166666666666700,0,0,7,9,6,13.166666666666700,0,12.4,0.5,1.79,Graduate
1,1,4,9238,1,1,125,1,Basic,Secondary,Clerical/service,Clerical/service,122.6,1,1,0,1,0,0,18,0,0,6,9,5,11.833333333333300,0,0,6,8,2,11.5,0,13.9,-0.3,0.79,Not on time
1,7,1,9500,1,3,140,1,Basic,Basic,Clerical/service,Clerical/service,140,0,0,0,1,0,0,25,0,0,8,8,7,14.805714285714300,0,0,8,8,7,14.805714285714300,0,10.8,1.4,1.74,Graduate
1,1,1,9238,1,1,133.1,1,Secondary,Basic,Clerical/service,Low-skilled,107,1,0,0,1,0,0,19,0,0,6,11,5,10.6,0,0,6,10,6,11.714285714285700,0,11.1,0.6,2.02,Not on time
1,53,1,9085,1,42,130,1,Basic,Secondary,Low-skilled,Low-skilled,130,1,0,1,0,0,0,24,0,7,9,9,8,13.125,0,4,9,13,6,13,0,8.9,1.4,3.51,Not on time
1,1,1,9238,1,1,134,1,Secondary,Secondary,Clerical/service,Low-skilled,124.2,1,0,1,1,0,1,19,0,0,6,6,6,12.833333333333300,0,0,6,6,6,12.666666666666700,0,9.4,-0.8,-3.12,Graduate
1,18,1,9500,1,1,128,1,Basic,Secondary,Low-skilled,Clerical/service,125.8,0,0,0,1,0,1,20,0,0,8,8,0,0,8,0,8,8,0,0,8,9.4,-0.8,-3.12,Not on time
1,1,1,9670,1,1,115,1,Secondary,Secondary,Clerical/service,Clerical/service,108,1,0,0,1,0,1,20,0,0,6,9,5,13,0,0,6,6,5,13.8,0,12.4,0.5,1.79,Graduate
1,1,2,9500,1,1,119,1,Secondary,Secondary,Clerical/service,Clerical/service,115.2,1,0,0,1,0,1,20,0,0,7,8,7,12.725,0,0,8,8,8,13.7125,0,13.9,-0.3,0.79,Graduate
1,17,1,9085,1,1,131,1,Secondary,Higher,Clerical/service,High-skilled,129.3,1,0,0,1,0,0,19,0,0,5,10,4,11.25,1,0,5,10,3,10.333333333333300,0,12.7,3.7,-1.7,Graduate
1,7,1,9003,1,4,120,1,Higher,Secondary,High-skilled,Clerical/service,120,1,0,0,1,0,0,31,0,8,12,12,11,13.818181818181800,0,4,12,16,12,13.461538461538500,0,15.5,2.8,-4.06,Graduate
1,1,1,9085,1,1,120,1,Secondary,Basic,High-skilled,Clerical/service,116.7,0,0,0,1,0,0,20,0,0,5,12,3,12.333333333333300,2,0,5,8,3,13,1,9.4,-0.8,-3.12,Graduate
1,1,3,9085,1,1,135,1,Higher,Higher,Clerical/service,High-skilled,121,1,0,0,1,0,0,18,0,0,5,14,3,12.333333333333300,2,0,5,8,5,11.6,0,9.4,-0.8,-3.12,Not on time
1,17,1,9853,1,1,146,1,Secondary,Secondary,High-skilled,Clerical/service,128.2,0,0,1,1,0,0,18,0,0,6,8,4,13.25,0,0,6,10,3,10.666666666666700,0,12.7,3.7,-1.7,Not on time
1,1,4,9670,1,1,133,1,Secondary,Higher,Clerical/service,Manual skilled,121.1,1,0,0,1,0,0,18,0,0,6,7,6,13.666666666666700,0,0,6,9,5,15.4,0,13.9,-0.3,0.79,Graduate
1,51,1,9238,1,1,122,1,Basic,Higher,Clerical/service,High-skilled,112.6,0,0,1,1,0,0,20,0,5,11,18,8,12.625,0,4,10,10,3,11,0,11.1,0.6,2.02,Not on time
1,17,1,9085,1,1,128,1,Higher,Basic,High-skilled,Clerical/service,123.3,1,0,0,1,0,1,20,0,0,6,6,6,14.833333333333300,0,0,6,8,6,12.142857142857100,0,8.9,1.4,3.51,Graduate
1,17,2,9670,1,1,129,1,Basic,Basic,Clerical/service,Clerical/service,129.4,0,0,0,1,0,1,19,0,0,6,7,5,11.2,0,0,6,10,5,13.125,0,10.8,1.4,1.74,Not on time
1,17,1,9147,1,1,122,1,Basic,Basic,Clerical/service,Manual skilled,119.9,0,0,0,1,0,1,21,0,0,5,6,5,11.4,0,0,5,6,5,12.2,0,12.7,3.7,-1.7,Graduate
1,1,4,9500,1,1,140,1,Secondary,Secondary,High-skilled,Other/unknown,131.6,1,0,0,1,0,0,18,0,0,7,8,7,13.135,0,0,8,9,8,13.244444444444400,0,12.4,0.5,1.79,Graduate
1,51,1,9070,1,1,143,1,Secondary,Secondary,Clerical/service,Clerical/service,120,1,0,0,1,0,0,21,0,3,10,10,10,13,0,5,11,11,10,11.4,0,11.1,0.6,2.02,Not on time
1,1,4,9500,1,1,118,1,Basic,Basic,High-skilled,High-skilled,110,1,0,0,1,0,0,19,0,0,7,12,4,12.85,0,0,7,7,7,12.62142857142860,0,11.1,0.6,2.02,Not on time
1,44,1,9238,1,39,140,1,Secondary,Basic,Low-skilled,Other/unknown,143,0,0,0,1,0,0,20,0,3,6,6,6,13.5,0,2,6,9,5,12.5,0,13.9,-0.3,0.79,Graduate
1,44,1,9085,1,1,140,1,Secondary,Higher,High-skilled,High-skilled,140,0,0,0,1,0,0,20,0,0,6,7,6,14.285714285714300,0,0,6,9,3,13,0,13.9,-0.3,0.79,Not on time
1,1,1,9670,1,1,123,1,Secondary,Secondary,Low-skilled,Low-skilled,119.2,1,0,0,1,0,1,18,0,0,6,8,5,13.5,0,0,6,6,6,14.5,0,12.4,0.5,1.79,Graduate
1,1,1,9147,1,1,140,1,Basic,Basic,Low-skilled,Low-skilled,124.3,1,0,0,1,0,1,18,0,0,5,8,4,10.75,0,0,5,5,5,13,0,12.4,0.5,1.79,Graduate
1,17,1,9238,1,1,116,1,Basic,Basic,Manual skilled,Manual skilled,111.1,1,0,0,1,0,1,18,0,0,6,9,6,11.333333333333300,0,0,6,9,6,11.833333333333300,0,8.9,1.4,3.51,Graduate
1,43,1,9085,1,39,150,1,Basic,Basic,Manual skilled,Manual skilled,150,1,0,0,1,0,1,21,0,2,7,15,3,13,2,1,5,12,5,13.285714285714300,1,10.8,1.4,1.74,Graduate
1,1,1,9500,1,1,147,1,Basic,Basic,Clerical/service,Manual skilled,147.3,0,0,0,1,0,0,18,0,0,7,7,6,13.966666666666700,0,0,7,7,6,13.966666666666700,0,7.6,2.6,0.32,Graduate
1,1,1,9500,1,1,162,1,Basic,Secondary,Clerical/service,Clerical/service,147.5,1,0,0,1,0,1,18,0,0,8,8,8,14.14125,0,0,8,8,8,14.14125,0,9.4,-0.8,-3.12,Graduate
1,17,2,9254,1,1,108,1,Basic,Basic,Low-skilled,Manual skilled,108,1,0,0,1,0,1,20,0,0,6,10,4,11.6,0,0,6,10,4,11.75,0,12.7,3.7,-1.7,Graduate
2,42,1,9500,1,2,130,1,Basic,Basic,Low-skilled,Low-skilled,130,0,0,0,1,0,1,32,0,0,8,8,8,14.6625,0,0,8,8,8,14.6625,0,9.4,-0.8,-3.12,Graduate
2,39,1,9991,0,1,140,1,Basic,Basic,Low-skilled,Other/unknown,130,0,0,0,1,0,0,34,0,0,5,5,0,0,0,0,5,5,0,0,0,9.4,-0.8,-3.12,Not on time
1,1,2,9500,1,1,116,1,Basic,Basic,High-skilled,High-skilled,109,1,0,0,1,0,1,23,0,0,7,8,6,12.993333333333300,0,0,8,9,8,12.66875,0,11.1,0.6,2.02,Graduate
1,1,5,9670,1,1,120,1,Higher,Secondary,Clerical/service,Other/unknown,112,1,0,0,1,0,0,18,0,0,6,10,4,11.25,0,0,6,11,5,12.2,0,8.9,1.4,3.51,Not on time
1,17,1,8014,0,1,132,1,Basic,Basic,Clerical/service,Clerical/service,121.2,0,0,0,1,0,0,18,0,0,6,8,5,12.2,0,0,6,10,5,12.8,0,10.8,1.4,1.74,Graduate
1,43,1,171,1,2,140,1,Basic,Basic,Low-skilled,Low-skilled,140,1,0,0,1,0,0,34,0,0,0,0,0,0,0,0,0,0,0,0,0,10.8,1.4,1.74,Not on time
1,39,1,8014,0,1,120,100,Secondary,Secondary,Clerical/service,Manual skilled,119.5,0,0,1,1,0,0,25,1,2,6,6,6,11.333333333333300,0,0,6,6,4,11.75,0,8.9,1.4,3.51,Not on time
1,1,1,9147,1,1,136,1,Basic,Basic,Low-skilled,Manual skilled,125.9,0,0,0,1,0,0,21,0,0,5,7,5,12.2,0,0,5,7,5,11.8,0,11.1,0.6,2.02,Graduate
1,1,1,9254,1,1,133,1,Basic,Secondary,Other/unknown,Other/unknown,121.5,1,0,0,1,0,1,20,0,0,6,12,0,0,0,0,6,12,0,0,0,7.6,2.6,0.32,Not on time
1,1,5,9238,1,1,126,1,Basic,Basic,Other/unknown,High-skilled,121.5,1,0,0,1,0,0,18,0,0,6,8,6,11.333333333333300,0,0,6,6,6,11.666666666666700,0,7.6,2.6,0.32,Graduate
1,17,1,9085,1,1,142,1,Higher,Basic,Clerical/service,Manual skilled,132.4,1,0,0,1,0,0,18,0,0,6,8,6,13.857142857142900,0,0,6,15,6,13.1,0,12.4,0.5,1.79,Graduate
1,17,1,9773,1,1,121,1,Basic,Basic,Low-skilled,Low-skilled,122.4,0,0,0,1,0,0,18,0,0,6,7,6,12.857142857142900,0,0,6,6,6,13.333333333333300,0,13.9,-0.3,0.79,Graduate
1,39,1,8014,0,1,134,1,Basic,Basic,Clerical/service,Manual skilled,110,1,0,0,1,0,0,24,0,0,6,10,1,10,0,0,6,12,0,0,0,9.4,-0.8,-3.12,Not on time
1,51,1,9147,1,1,140,1,Basic,Basic,Low-skilled,Manual skilled,120.4,0,0,1,0,0,0,32,0,14,15,17,14,10.214285714285700,0,13,13,13,13,11.384615384615400,0,16.2,0.3,-0.92,Graduate
1,39,1,9254,1,1,133.1,1,Secondary,Secondary,Low-skilled,Manual skilled,105,1,0,1,0,0,0,24,0,0,6,14,6,11.285714285714300,0,0,6,16,3,10.333333333333300,0,8.9,1.4,3.51,Not on time
1,1,1,9238,1,1,157,1,Basic,Basic,Low-skilled,Clerical/service,137.8,0,0,0,1,0,1,18,0,0,6,6,6,13.833333333333300,0,0,6,7,0,0,0,15.5,2.8,-4.06,Not on time
1,51,1,9254,1,1,120,1,Basic,Basic,Low-skilled,Low-skilled,118,0,0,0,1,0,0,28,0,0,6,8,6,12.857142857142900,0,0,6,8,5,12.6,0,8.9,1.4,3.51,Graduate
1,17,5,9853,1,1,134,1,Basic,Basic,Clerical/service,Manual skilled,122.1,1,0,0,1,0,1,18,0,0,6,8,6,11.666666666666700,0,0,6,9,4,12,0,10.8,1.4,1.74,Not on time
1,7,1,9853,1,3,140,1,Unknown,Unknown,Other/unknown,Other/unknown,140,1,0,0,0,0,0,24,0,0,6,12,0,0,0,0,5,10,0,0,0,9.4,-0.8,-3.12,Not on time
1,1,1,9085,1,1,133,1,Secondary,Basic,Clerical/service,Other/unknown,143.2,0,0,0,1,0,0,19,0,0,5,7,5,14.4,0,0,5,6,5,13.2,0,7.6,2.6,0.32,Graduate
2,39,1,8014,0,1,146,1,Basic,Basic,Low-skilled,Manual skilled,120.5,0,0,0,1,0,0,44,0,0,6,6,6,14.833333333333300,0,0,6,6,6,14.166666666666700,0,10.8,1.4,1.74,Graduate
1,16,3,9085,1,1,130,1,Basic,Basic,Low-skilled,High-skilled,119.5,1,0,0,1,0,1,18,0,0,6,14,6,14.333333333333300,0,0,6,9,6,12,0,15.5,2.8,-4.06,Graduate
1,1,1,171,1,1,151,1,Basic,Basic,Low-skilled,Manual skilled,147.5,1,0,0,1,0,0,18,0,0,0,0,0,0,0,0,0,0,0,0,0,7.6,2.6,0.32,Graduate
1,1,6,9773,1,1,133.1,1,Secondary,Secondary,Other/unknown,Other/unknown,129.6,0,0,0,1,0,0,22,0,0,6,0,0,0,0,0,6,0,0,0,0,7.6,2.6,0.32,Not on time
1,18,1,9853,1,1,132,1,Basic,Basic,Low-skilled,Clerical/service,126.1,0,0,0,1,0,1,18,0,0,7,9,6,12.333333333333300,0,0,7,7,6,12.666666666666700,0,11.1,0.6,2.02,Graduate
2,39,1,9991,0,1,110,1,Basic,Basic,Low-skilled,Clerical/service,160,0,0,0,1,0,0,44,0,0,5,5,5,11.8,0,0,5,5,5,12.4,0,15.5,2.8,-4.06,Graduate
5,39,1,9853,1,19,133.1,1,Basic,Secondary,Clerical/service,High-skilled,105.5,0,0,1,1,0,0,33,0,0,6,7,5,13.2,0,0,6,7,5,10.6,0,7.6,2.6,0.32,Not on time
2,39,1,9853,1,1,110,1,Basic,Basic,Low-skilled,Low-skilled,95.5,0,0,1,0,0,0,32,0,0,6,6,0,0,0,0,5,10,0,0,0,10.8,1.4,1.74,Not on time
2,39,1,9003,1,1,133.1,1,Basic,Basic,Clerical/service,Clerical/service,107.5,0,0,0,0,0,0,35,0,0,6,0,0,0,0,0,6,0,0,0,0,15.5,2.8,-4.06,Not on time
1,1,1,9238,1,1,105,1,Basic,Basic,Manual skilled,Manual skilled,106.1,1,0,0,1,0,0,20,0,0,6,6,6,11.5,0,0,6,7,6,13.285714285714300,0,11.1,0.6,2.02,Graduate
1,39,1,9254,1,1,160,1,Higher,Secondary,Manual skilled,Manual skilled,116.3,1,0,0,1,0,0,24,0,0,6,8,5,12.6,0,0,6,7,5,12.2,0,9.4,-0.8,-3.12,Graduate
1,1,1,9500,1,1,144,1,Basic,Secondary,Low-skilled,Other/unknown,137.4,0,0,0,1,0,0,19,0,0,7,7,7,13.542857142857100,0,0,8,9,8,14.22222222222220,0,16.2,0.3,-0.92,Graduate
1,1,1,9254,1,1,100,1,Basic,Basic,Clerical/service,Clerical/service,101.8,1,0,0,1,0,0,21,0,0,6,8,5,11.6,0,0,6,6,5,13,0,12.4,0.5,1.79,Not on time
1,1,2,9773,1,1,143,1,Secondary,Secondary,Clerical/service,Low-skilled,144.1,1,0,0,1,1,1,19,0,0,6,7,6,13.666666666666700,0,0,6,6,6,13.833333333333300,0,12.7,3.7,-1.7,Graduate
1,42,1,9003,1,1,160,1,Basic,Secondary,Low-skilled,Clerical/service,107.8,1,0,0,0,1,0,27,0,0,6,10,0,0,0,0,6,8,0,0,0,15.5,2.8,-4.06,Not on time
1,39,1,9853,1,1,140,1,Basic,Secondary,Low-skilled,Clerical/service,128.2,0,0,0,0,0,0,30,0,0,6,0,0,0,0,0,6,0,0,0,0,12.7,3.7,-1.7,Not on time
1,17,4,171,1,1,133.1,1,Basic,Basic,Low-skilled,Low-skilled,117,1,0,0,1,1,0,21,0,0,0,0,0,0,0,0,0,0,0,0,0,10.8,1.4,1.74,Not on time
1,1,1,9070,1,1,116,1,Secondary,Secondary,Clerical/service,Manual skilled,110.4,1,0,0,1,1,0,19,0,0,6,6,6,11.5,0,0,6,8,6,12.285714285714300,0,8.9,1.4,3.51,Graduate
2,39,1,9991,0,1,120,1,Basic,Basic,Low-skilled,Other/unknown,170,0,0,0,1,0,0,34,0,0,5,12,2,11.5,0,0,5,9,4,11.75,0,9.4,-0.8,-3.12,Not on time
1,43,1,9500,1,1,141,1,Higher,Basic,Clerical/service,Other/unknown,100,0,0,0,1,1,0,18,0,0,7,7,7,11.828571428571400,0,0,8,10,7,12.9125,0,13.9,-0.3,0.79,Graduate
1,1,1,171,1,1,110,1,Higher,Higher,High-skilled,High-skilled,117,1,0,0,1,1,0,21,0,0,0,0,0,0,0,0,0,0,0,0,0,9.4,-0.8,-3.12,Graduate
1,1,2,171,1,1,127,1,Higher,Secondary,High-skilled,High-skilled,133.5,1,0,0,1,1,0,17,0,0,0,0,0,0,0,0,0,0,0,0,0,15.5,2.8,-4.06,Not on time
1,1,1,9500,1,1,132,1,Basic,Basic,Clerical/service,Low-skilled,128,1,0,0,1,0,1,19,0,0,7,7,6,12.966666666666700,0,0,7,7,6,12.966666666666700,0,7.6,2.6,0.32,Graduate
1,1,1,9773,1,1,135,1,Basic,Basic,Low-skilled,Manual skilled,122.1,1,0,0,1,1,0,18,0,0,6,6,6,13.833333333333300,0,0,6,6,6,13.666666666666700,0,12.7,3.7,-1.7,Graduate
1,17,2,9500,1,1,135,1,Basic,Basic,Low-skilled,Other/unknown,133.4,1,0,0,1,0,0,19,0,0,7,7,7,14.125714285714300,0,0,8,8,8,14.36875,0,11.1,0.6,2.02,Graduate
4,39,1,9254,1,1,140,1,Basic,Basic,Low-skilled,Low-skilled,112,0,0,1,1,0,0,45,0,4,10,12,5,12.166666666666700,4,2,8,8,0,0,2,12.7,3.7,-1.7,Not on time
1,39,1,9085,1,1,133.1,1,Basic,Basic,Low-skilled,Manual skilled,130,1,0,0,1,0,0,26,0,0,6,17,6,12.666666666666700,0,0,6,21,4,12.25,0,15.5,2.8,-4.06,Graduate
2,39,2,9991,0,1,100,1,Basic,Basic,Low-skilled,Low-skilled,100,1,0,0,1,1,0,51,0,0,4,4,0,0,0,0,5,0,0,0,0,12.7,3.7,-1.7,Not on time
2,39,1,9773,1,19,133.1,1,Basic,Basic,Manual skilled,Manual skilled,162,0,0,1,1,1,1,49,0,0,6,8,6,12.285714285714300,0,0,6,7,6,14.166666666666700,0,10.8,1.4,1.74,Graduate
1,42,1,9500,1,1,100,1,Higher,Basic,High-skilled,Manual skilled,153,0,0,0,1,1,0,22,0,3,6,7,3,14.5,0,4,7,8,4,14.375,0,15.5,2.8,-4.06,Not on time
1,17,1,9147,1,1,137,1,Secondary,Basic,Clerical/service,Low-skilled,131.4,1,0,0,1,1,0,22,0,0,5,8,2,10,0,0,5,7,1,10,0,7.6,2.6,0.32,Not on time
2,7,1,9130,1,3,120,1,Higher,Higher,High-skilled,High-skilled,128.2,0,0,0,1,0,0,33,0,1,5,11,2,11.5,1,1,5,8,2,12,0,9.4,-0.8,-3.12,Not on time
1,10,1,9670,1,1,148.9,22,Basic,Basic,Low-skilled,Low-skilled,148.9,0,0,0,1,0,0,20,1,0,5,6,5,11.6,0,0,5,6,4,11.5,0,9.4,-0.8,-3.12,Graduate
1,1,4,9238,1,1,134,1,Basic,Basic,Manual skilled,Manual skilled,128.4,1,0,0,1,0,1,18,0,0,6,6,6,12.5,0,0,6,6,6,11.666666666666700,0,10.8,1.4,1.74,Graduate
1,1,5,9853,1,1,128,1,Basic,Basic,Low-skilled,Low-skilled,120.3,1,0,1,0,0,0,20,0,0,6,9,3,11.666666666666700,0,0,6,10,2,11,0,10.8,1.4,1.74,Not on time
2,57,1,9991,0,1,133.1,41,Basic,Basic,Clerical/service,Manual skilled,100,0,0,0,1,0,0,37,1,5,10,11,7,13.428571428571400,0,5,10,11,10,11.6,0,8.9,1.4,3.51,Graduate
1,1,1,9254,1,1,131,2,Basic,Secondary,Low-skilled,High-skilled,126.1,1,0,0,1,1,0,18,1,0,6,6,6,13.666666666666700,0,0,6,6,6,13.5,0,7.6,2.6,0.32,Graduate
1,1,3,9254,1,1,118,1,Secondary,Basic,Low-skilled,Low-skilled,111.7,1,0,0,1,0,0,19,0,0,6,6,6,12.5,0,0,6,6,6,12.166666666666700,0,12.4,0.5,1.79,Graduate
1,44,1,9085,1,39,140,1,Secondary,Basic,High-skilled,High-skilled,140,1,0,0,1,0,0,21,0,2,6,7,6,13,0,1,6,15,4,12.8,0,12.4,0.5,1.79,Graduate
1,1,2,9500,1,1,133,1,Basic,Secondary,Low-skilled,High-skilled,122.2,0,0,0,1,0,0,20,0,0,7,9,6,12.783333333333300,0,0,8,9,7,12.842857142857100,0,13.9,-0.3,0.79,Graduate
1,1,2,9500,1,1,126,1,Basic,Secondary,Manual skilled,Manual skilled,118.7,1,0,0,1,0,0,19,0,0,7,0,0,0,0,0,8,0,0,0,0,13.9,-0.3,0.79,Not on time
1,17,2,9556,1,1,125,1,Basic,Basic,Manual skilled,Manual skilled,121.5,1,0,0,1,0,0,20,0,0,7,13,4,13.5,0,0,7,11,4,11.225,0,11.1,0.6,2.02,Not on time
1,17,4,9500,1,1,138,1,Higher,Secondary,High-skilled,Clerical/service,134.5,1,0,0,1,0,0,18,0,0,7,7,7,13.457142857142900,0,0,8,8,8,15.125,0,13.9,-0.3,0.79,Graduate
1,1,4,9500,1,1,140,1,Secondary,Basic,Low-skilled,Manual skilled,127,1,0,0,1,0,0,19,0,0,8,8,7,13.44285714285710,0,0,8,8,7,13.44285714285710,0,12.7,3.7,-1.7,Graduate
1,1,1,9238,1,1,124,1,Basic,Basic,Low-skilled,High-skilled,114.2,0,0,0,1,0,0,18,0,0,6,13,4,11,0,0,6,12,5,10.833333333333300,0,15.5,2.8,-4.06,Graduate
1,17,1,9238,1,1,133,1,Basic,Basic,Manual skilled,Manual skilled,125.3,1,0,0,1,0,1,18,0,0,6,6,6,11.333333333333300,0,0,6,7,6,12.285714285714300,0,15.5,2.8,-4.06,Graduate
1,1,2,9773,1,1,127,1,Secondary,Basic,Clerical/service,Clerical/service,120.4,1,0,0,1,0,0,18,0,0,5,7,2,10,0,0,1,1,0,0,0,12.7,3.7,-1.7,Not on time
1,1,6,9500,1,1,138,1,Secondary,Basic,High-skilled,Low-skilled,123,1,0,0,1,0,0,19,0,0,7,10,5,13.44,0,0,7,8,6,13.066666666666700,0,12.4,0.5,1.79,Not on time
1,1,2,9556,1,1,142,1,Secondary,Basic,Clerical/service,Clerical/service,130.5,1,0,0,1,0,1,18,0,0,7,8,7,12.214285714285700,0,0,8,8,8,14.0625,0,16.2,0.3,-0.92,Graduate
1,1,1,9070,1,1,130,41,Basic,Basic,Low-skilled,Manual skilled,125.5,1,0,0,1,0,1,19,1,0,6,6,6,14.166666666666700,0,0,6,6,6,13.5,0,11.1,0.6,2.02,Graduate
1,53,1,9003,1,42,130,1,Secondary,Basic,Low-skilled,Manual skilled,133.8,0,0,1,1,0,1,24,0,7,12,13,12,12.846153846153800,0,5,11,13,11,12.636363636363600,0,8.9,1.4,3.51,Graduate
1,44,1,9085,1,39,150,1,Basic,Basic,Low-skilled,Low-skilled,150,0,0,0,1,0,0,20,0,2,6,8,6,13,0,1,6,18,2,12,0,12.4,0.5,1.79,Not on time
1,1,1,9147,1,1,127,1,Secondary,Basic,Clerical/service,Manual skilled,130.5,1,0,0,1,0,1,21,0,0,5,6,5,12.8,1,0,5,7,4,11.25,0,9.4,-0.8,-3.12,Graduate
1,44,1,9085,1,39,140,1,Basic,Basic,Clerical/service,Other/unknown,140,0,0,1,0,0,0,20,0,1,6,13,4,13,0,1,6,11,5,12,0,16.2,0.3,-0.92,Not on time
1,17,6,9500,1,1,126,1,Basic,Basic,High-skilled,Low-skilled,119.4,1,0,0,1,0,1,19,0,0,7,7,7,13.371428571428600,0,0,8,9,8,13.666666666666700,0,16.2,0.3,-0.92,Graduate
1,17,5,9556,1,1,139,1,Basic,Basic,Low-skilled,Manual skilled,121.3,1,0,0,1,0,1,19,0,0,7,8,7,13.385714285714300,0,0,8,8,8,13.3875,0,10.8,1.4,1.74,Graduate
1,1,3,9500,1,1,141,1,Secondary,Secondary,Low-skilled,Low-skilled,126.3,1,0,0,1,0,0,18,0,0,8,8,7,13.328571428571400,0,0,8,8,7,13.328571428571400,0,12.7,3.7,-1.7,Graduate
1,1,1,9085,1,1,120,1,Basic,Basic,Clerical/service,Manual skilled,111.6,1,0,0,1,0,0,19,0,0,6,12,5,14,0,0,6,14,5,11,0,16.2,0.3,-0.92,Graduate
1,17,4,9147,1,1,120,1,Basic,Basic,Low-skilled,Low-skilled,111.3,1,0,0,1,0,0,21,0,0,5,5,5,12.6,0,0,5,5,5,13.2,0,8.9,1.4,3.51,Graduate
1,1,2,9853,1,1,134,1,Secondary,Basic,Low-skilled,Manual skilled,122.5,1,0,0,1,0,1,19,0,0,6,7,6,14,0,0,6,6,6,15,0,15.5,2.8,-4.06,Graduate
1,1,5,9254,1,1,128,1,Basic,Secondary,Manual skilled,Other/unknown,116.5,1,0,0,1,0,1,18,0,0,6,7,6,13.428571428571400,0,0,6,6,6,12.666666666666700,0,8.9,1.4,3.51,Graduate
1,17,5,9070,1,1,133,1,Higher,Secondary,Clerical/service,Clerical/service,132,1,1,0,1,0,1,17,0,0,6,6,6,13,0,0,6,6,6,12.5,0,15.5,2.8,-4.06,Graduate
1,18,4,9853,1,1,123,1,Basic,Basic,Clerical/service,Other/unknown,123.7,1,0,0,1,0,0,19,0,0,6,8,5,12.666666666666700,0,0,6,8,5,11,0,15.5,2.8,-4.06,Not on time
1,17,6,9147,1,1,118,1,Basic,Secondary,Low-skilled,Manual skilled,117,1,0,0,0,1,0,23,0,0,5,9,3,10,1,0,5,9,3,12.333333333333300,0,9.4,-0.8,-3.12,Not on time
1,1,1,9670,1,1,113,1,Secondary,Basic,High-skilled,Other/unknown,116.5,1,0,0,1,0,0,19,0,0,6,7,6,12.833333333333300,0,0,6,10,6,11.77777777777780,0,8.9,1.4,3.51,Graduate
1,1,1,9500,1,1,135,1,Basic,Higher,Low-skilled,Clerical/service,121.5,1,0,0,1,0,0,18,0,0,7,7,6,12.916666666666700,0,0,7,7,6,12.916666666666700,0,7.6,2.6,0.32,Graduate
1,1,1,9670,1,1,133.1,1,Basic,Basic,Clerical/service,Low-skilled,105,1,0,0,1,0,0,20,0,0,6,9,6,13.285714285714300,0,0,6,8,5,13.8,0,15.5,2.8,-4.06,Graduate
1,1,3,9085,1,1,130,1,Secondary,Basic,Low-skilled,Low-skilled,121.3,1,0,0,1,0,1,19,0,0,5,6,5,14.6,0,0,5,5,5,13.8,0,10.8,1.4,1.74,Graduate
1,1,1,9238,1,1,135,1,Basic,Basic,High-skilled,Low-skilled,136.1,1,0,0,1,0,1,18,0,0,6,6,6,14,0,0,6,6,6,13.666666666666700,0,12.4,0.5,1.79,Graduate
1,17,2,9238,1,1,133,1,Basic,Basic,Low-skilled,Clerical/service,123.6,0,0,0,1,0,1,19,0,0,6,7,6,14.142857142857100,0,0,6,6,6,15,0,13.9,-0.3,0.79,Graduate
1,1,4,9238,1,1,123,1,Basic,Secondary,Clerical/service,Other/unknown,129,1,0,0,1,0,0,19,0,0,6,8,6,11.666666666666700,0,0,6,6,6,12.333333333333300,0,10.8,1.4,1.74,Graduate
1,17,1,9500,1,1,145,1,Basic,Basic,Clerical/service,Manual skilled,136.8,1,0,0,1,0,0,18,0,0,8,9,8,14.3775,1,0,8,9,8,14.3775,1,9.4,-0.8,-3.12,Graduate
1,17,2,9500,1,1,146,1,Higher,Higher,High-skilled,Manual skilled,133.4,1,0,0,1,0,0,18,0,0,7,8,7,12.5,0,0,8,9,7,13.042857142857100,0,13.9,-0.3,0.79,Graduate
1,1,5,9500,1,1,144,1,Basic,Basic,Manual skilled,Manual skilled,136,1,0,0,1,0,1,19,0,0,7,7,6,14.15,0,0,7,7,6,14.15,0,7.6,2.6,0.32,Graduate
1,1,1,9500,1,1,144,1,Basic,Basic,Low-skilled,Low-skilled,125.8,0,0,0,1,0,1,19,0,0,8,12,7,12.471428571428600,0,0,8,12,7,12.471428571428600,0,12.7,3.7,-1.7,Graduate
1,1,1,9500,1,1,131,1,Higher,Higher,High-skilled,High-skilled,120.5,0,0,0,1,0,0,19,0,0,7,7,6,14.15,0,0,7,7,6,14.15,0,7.6,2.6,0.32,Graduate
1,1,2,9500,1,1,141,1,Basic,Basic,Low-skilled,Manual skilled,130.2,1,0,0,1,0,0,21,0,0,7,11,7,14.072222222222200,0,0,8,8,8,14.0475,0,15.5,2.8,-4.06,Graduate
1,1,3,9773,1,1,138,1,Higher,Secondary,High-skilled,High-skilled,135.9,1,0,0,1,0,0,18,0,0,6,7,6,14.857142857142900,0,0,6,6,6,14.666666666666700,0,13.9,-0.3,0.79,Graduate
1,1,1,9773,1,1,127,1,Basic,Basic,Low-skilled,Low-skilled,116.5,0,0,0,1,0,1,19,0,0,6,7,6,14.285714285714300,0,0,6,6,6,13.166666666666700,0,11.1,0.6,2.02,Graduate
1,1,4,9773,1,1,124,1,Basic,Basic,Other/unknown,Other/unknown,124,0,0,0,0,0,0,18,0,0,4,4,0,0,0,0,4,4,0,0,0,12.7,3.7,-1.7,Not on time
1,7,1,8014,0,3,140,1,Secondary,Secondary,Clerical/service,Clerical/service,140,0,0,0,1,0,0,30,0,0,6,0,0,0,0,0,6,0,0,0,0,10.8,1.4,1.74,Not on time
1,17,1,9130,1,1,157,1,Higher,Higher,High-skilled,Manual skilled,150.9,1,0,0,1,0,0,18,0,0,6,8,6,15,0,0,6,8,5,15.166666666666700,0,13.9,-0.3,0.79,Not on time
1,1,3,9500,1,1,129,1,Basic,Basic,Clerical/service,Manual skilled,127.3,1,0,0,1,0,1,20,0,0,7,7,6,12.633333333333300,0,0,7,7,6,12.633333333333300,0,7.6,2.6,0.32,Graduate
1,39,1,9670,1,19,133.1,1,Secondary,Secondary,Clerical/service,Manual skilled,100,0,0,1,0,0,0,25,0,0,5,5,5,11.2,0,0,5,5,5,12.6,0,9.4,-0.8,-3.12,Not on time
1,1,5,9500,1,1,142,1,Basic,Basic,Clerical/service,Manual skilled,128.8,1,0,0,1,0,0,18,0,0,7,7,6,14.233333333333300,0,0,7,7,6,14.233333333333300,0,7.6,2.6,0.32,Graduate
5,1,3,9085,1,1,133,1,Basic,Basic,Clerical/service,Manual skilled,119.7,1,0,0,1,0,0,21,0,0,5,13,5,12.2,2,0,5,10,3,11.333333333333300,1,9.4,-0.8,-3.12,Not on time
1,1,1,9500,1,1,156,1,Higher,Higher,High-skilled,High-skilled,140.8,0,0,0,1,0,0,18,0,0,8,8,7,15.7,0,0,8,8,7,15.7,0,12.7,3.7,-1.7,Graduate
1,1,1,9500,1,1,151,1,Basic,Basic,Low-skilled,Low-skilled,138,1,0,0,1,0,0,18,0,0,7,7,6,15.2,0,0,7,7,6,15.2,0,7.6,2.6,0.32,Graduate
1,17,1,9853,1,1,135,1,Higher,Higher,High-skilled,High-skilled,132.9,1,0,0,0,0,0,29,0,0,6,9,6,16.333333333333300,0,0,6,8,5,15.6,0,12.7,3.7,-1.7,Not on time
1,43,1,9130,1,1,140,1,Higher,Higher,High-skilled,High-skilled,140,0,0,0,1,0,0,20,0,10,17,29,14,12.5625,4,7,12,24,12,12.857142857142900,1,15.5,2.8,-4.06,Graduate
1,7,1,9500,1,3,140,1,Higher,Secondary,Clerical/service,Clerical/service,140,0,0,0,1,0,0,26,0,0,7,0,0,0,0,0,8,0,0,0,0,13.9,-0.3,0.79,Not on time
1,1,2,9238,1,1,100,1,Basic,Secondary,Manual skilled,Manual skilled,99.3,1,0,0,1,0,0,21,0,0,6,8,5,12.4,0,0,6,6,6,12,0,12.4,0.5,1.79,Graduate
1,18,1,9500,1,1,126,1,Basic,Basic,Clerical/service,Clerical/service,119.3,0,0,0,1,0,1,19,0,0,8,9,8,13.78125,1,0,8,9,8,13.78125,1,9.4,-0.8,-3.12,Graduate
1,17,2,9254,1,1,123,1,Basic,Basic,Clerical/service,Clerical/service,113.2,1,0,1,1,0,0,19,0,0,6,10,6,12.166666666666700,0,0,6,8,5,11.666666666666700,0,16.2,0.3,-0.92,Not on time
1,17,1,9773,1,1,133.1,1,Basic,Basic,Low-skilled,Clerical/service,117,0,0,0,1,0,0,21,0,0,6,8,5,11.8,0,0,6,8,5,11.833333333333300,0,15.5,2.8,-4.06,Not on time
1,18,1,8014,0,1,137,1,Secondary,Secondary,Clerical/service,High-skilled,123,0,0,1,1,0,0,20,0,0,6,13,4,10.8,0,0,6,15,4,12,0,16.2,0.3,-0.92,Graduate
1,1,6,9500,1,1,138,1,Basic,Basic,Low-skilled,Manual skilled,127.2,1,0,0,1,0,1,18,0,0,7,8,7,13.26,0,0,8,8,8,14.28625,0,15.5,2.8,-4.06,Graduate
1,1,2,9773,1,1,128,1,Unknown,Basic,High-skilled,Other/unknown,141,1,0,0,0,0,0,20,0,0,6,10,4,12,0,0,6,15,3,10.666666666666700,0,7.6,2.6,0.32,Not on time
1,1,1,9238,1,1,136,1,Basic,Basic,Low-skilled,Low-skilled,121.7,0,1,0,1,0,1,20,0,0,6,9,6,11.875,0,0,6,7,6,14.428571428571400,0,16.2,0.3,-0.92,Graduate
1,43,1,9500,1,1,127,1,Basic,Basic,Clerical/service,Manual skilled,121.1,0,0,0,1,0,1,18,0,0,7,11,5,12.16,0,0,7,7,2,13.4,0,16.2,0.3,-0.92,Not on time
1,16,1,9070,1,1,145,1,Secondary,Secondary,High-skilled,High-skilled,146.1,1,0,0,1,0,0,18,0,0,6,6,1,15,0,0,6,7,4,12.5,0,9.4,-0.8,-3.12,Not on time
1,1,1,9773,1,1,140,1,Basic,Basic,Low-skilled,Low-skilled,142.5,1,0,0,1,0,0,18,0,0,6,6,6,13.333333333333300,0,0,6,9,5,13.2,0,9.4,-0.8,-3.12,Graduate
1,17,1,9085,1,1,138,1,Higher,Basic,High-skilled,Low-skilled,126.8,1,0,0,1,0,0,18,0,0,5,12,2,11.5,0,0,5,12,3,11.8,2,10.8,1.4,1.74,Not on time
1,44,1,9085,1,39,150,1,Higher,Higher,High-skilled,High-skilled,150,1,0,0,1,0,0,22,0,2,6,7,6,14.428571428571400,0,1,6,9,5,13,0,13.9,-0.3,0.79,Graduate
1,44,3,9085,1,39,150,1,Secondary,Basic,Clerical/service,High-skilled,150,1,0,0,1,0,0,19,0,0,5,10,1,13,1,0,5,8,3,15.333333333333300,0,12.7,3.7,-1.7,Not on time
1,17,1,9003,1,1,131,1,Basic,Secondary,Low-skilled,High-skilled,134.5,1,0,0,1,0,1,19,0,0,6,7,6,15,0,0,6,8,6,14.333333333333300,0,12.4,0.5,1.79,Graduate
1,1,2,9556,1,1,136,1,Basic,Basic,Low-skilled,Low-skilled,129.5,1,0,0,1,0,0,18,0,0,7,9,7,15.155555555555600,0,0,8,8,8,16.8,0,12.7,3.7,-1.7,Graduate
1,1,1,9238,1,1,117,1,Basic,Basic,Manual skilled,Manual skilled,113.2,1,0,1,1,0,0,20,0,0,6,8,6,10.666666666666700,0,0,6,7,6,11.857142857142900,0,11.1,0.6,2.02,Graduate
1,17,1,9853,1,1,158,1,Basic,Basic,Clerical/service,Clerical/service,140.2,1,0,0,1,0,0,18,0,0,6,9,5,11,0,0,6,9,4,11.25,0,10.8,1.4,1.74,Not on time
1,17,2,9670,1,1,129,1,Secondary,Basic,Clerical/service,Clerical/service,119.2,1,0,0,1,0,0,21,0,0,6,0,0,0,0,0,6,0,0,0,0,8.9,1.4,3.51,Not on time
1,1,1,9238,1,1,140,1,Secondary,Basic,Clerical/service,Clerical/service,140.7,0,0,0,1,0,0,19,0,0,6,7,6,12.285714285714300,0,0,6,7,6,12,0,12.4,0.5,1.79,Graduate
1,1,5,9500,1,1,141,1,Basic,Basic,Low-skilled,Low-skilled,142.3,1,0,0,1,0,0,18,0,0,8,8,8,12.82875,0,0,8,8,8,12.82875,0,9.4,-0.8,-3.12,Not on time
1,1,4,9773,1,1,132,11,Secondary,Secondary,Other/unknown,Clerical/service,129.9,1,0,0,1,0,0,18,1,0,6,6,6,12.666666666666700,0,0,6,8,5,14.4,0,7.6,2.6,0.32,Graduate
1,17,1,171,1,1,133,1,Secondary,Secondary,Manual skilled,Manual skilled,134.8,1,0,0,1,0,0,18,0,0,0,0,0,0,0,0,0,0,0,0,0,12.4,0.5,1.79,Not on time
1,17,1,9085,1,1,109,1,Basic,Basic,Clerical/service,Low-skilled,104.1,1,0,1,0,0,1,21,0,0,6,16,2,13,0,0,6,8,0,0,0,15.5,2.8,-4.06,Not on time
1,1,1,9147,1,1,135,1,Secondary,Basic,Clerical/service,Clerical/service,122.4,0,0,1,1,0,0,19,0,0,5,10,5,10.875,0,0,5,8,4,12.4,0,13.9,-0.3,0.79,Graduate
1,1,1,9147,1,1,122,1,Basic,Basic,Low-skilled,Manual skilled,120.6,1,0,0,1,0,1,19,0,0,5,5,5,12.8,0,0,5,8,5,11.6,0,9.4,-0.8,-3.12,Graduate
1,17,3,9238,1,1,118,1,Secondary,Basic,Clerical/service,Other/unknown,112.4,1,0,0,1,0,0,19,0,0,6,10,5,11.285714285714300,0,0,6,7,0,0,0,16.2,0.3,-0.92,Not on time
1,1,1,171,1,1,174,1,Higher,Higher,High-skilled,High-skilled,157.9,0,0,0,1,0,0,18,0,0,0,0,0,0,0,0,0,0,0,0,0,13.9,-0.3,0.79,Graduate
1,43,1,9254,1,1,142,1,Basic,Basic,Low-skilled,Low-skilled,125.9,0,0,0,1,0,1,19,0,0,6,0,0,0,0,0,6,11,1,10,0,10.8,1.4,1.74,Not on time
1,17,2,9500,1,1,131,1,Basic,Secondary,Clerical/service,Manual skilled,118.4,1,0,0,1,0,1,20,0,0,7,9,6,13.766666666666700,0,0,8,9,8,13.744444444444400,0,16.2,0.3,-0.92,Not on time
1,1,3,9500,1,1,139,1,Secondary,Secondary,High-skilled,High-skilled,130.8,1,0,0,0,0,0,18,0,0,8,9,6,12.758333333333300,1,0,8,9,6,12.758333333333300,1,9.4,-0.8,-3.12,Not on time
1,1,1,171,1,1,170,1,Basic,Basic,Manual skilled,Manual skilled,176.7,1,0,0,1,0,1,19,0,0,0,0,0,0,0,0,0,0,0,0,0,11.1,0.6,2.02,Not on time
1,1,1,9070,1,1,182,1,Basic,Secondary,Clerical/service,Manual skilled,156.8,1,0,0,1,0,0,18,0,0,6,6,6,12.666666666666700,0,0,6,8,6,13.25,0,10.8,1.4,1.74,Graduate
1,1,1,9085,1,1,125,1,Basic,Basic,High-skilled,Manual skilled,126.8,0,0,0,1,0,0,18,0,0,6,13,6,12,0,0,6,16,4,12.75,0,11.1,0.6,2.02,Not on time
1,1,1,9238,1,1,142,1,Secondary,Basic,Clerical/service,Manual skilled,128,0,0,0,1,0,1,19,0,0,6,8,6,12.25,0,0,6,8,6,12,0,16.2,0.3,-0.92,Graduate
1,1,2,9147,1,1,119,1,Basic,Basic,Clerical/service,Clerical/service,113.8,1,0,0,1,0,0,20,0,0,5,8,3,11.333333333333300,0,0,5,8,5,12.2,0,7.6,2.6,0.32,Graduate
1,17,5,9500,1,1,128,1,Secondary,Secondary,Clerical/service,Clerical/service,120.8,1,0,0,1,0,1,19,0,0,7,9,7,13.507142857142900,0,0,8,12,8,13.05,0,16.2,0.3,-0.92,Graduate
1,1,3,9500,1,1,150,1,Basic,Basic,High-skilled,High-skilled,130.8,1,0,0,1,0,0,18,0,0,8,8,7,13.614285714285700,0,0,8,8,7,13.614285714285700,0,12.7,3.7,-1.7,Graduate
1,39,1,9254,1,1,133.1,1,Basic,Secondary,Clerical/service,High-skilled,101,0,0,1,1,0,0,25,0,0,6,6,0,0,0,0,6,6,0,0,0,15.5,2.8,-4.06,Not on time
1,17,5,9070,1,1,131,1,Basic,Basic,Low-skilled,Low-skilled,126.1,1,0,0,0,0,0,18,0,0,6,9,4,11.5,1,0,6,6,6,12.166666666666700,0,7.6,2.6,0.32,Graduate
1,1,5,9773,1,1,118,1,Basic,Basic,Low-skilled,Low-skilled,113.8,1,0,0,1,0,0,19,0,0,6,7,6,12.333333333333300,0,0,6,7,6,12.5,0,8.9,1.4,3.51,Graduate
1,17,2,9556,1,1,122,1,Basic,Basic,Clerical/service,Manual skilled,118.3,1,0,0,1,0,1,19,0,0,7,7,7,11.971428571428600,0,0,8,8,8,14.4375,0,15.5,2.8,-4.06,Graduate
1,1,1,9147,1,1,116,1,Basic,Basic,Clerical/service,Manual skilled,127.9,0,0,1,0,0,1,20,0,0,5,12,2,13,1,0,5,13,2,11.5,0,9.4,-0.8,-3.12,Not on time
1,17,5,9500,1,1,137,1,Secondary,Secondary,Clerical/service,Clerical/service,131.1,1,0,0,1,0,0,18,0,0,7,9,7,12.385714285714300,0,0,8,9,7,12.728571428571400,0,13.9,-0.3,0.79,Not on time
1,17,4,9085,1,1,128,1,Basic,Basic,Clerical/service,Low-skilled,117.9,1,0,0,1,0,0,20,0,0,5,12,2,13.5,0,0,5,12,5,11.285714285714300,1,10.8,1.4,1.74,Graduate
1,17,1,9238,1,1,123,1,Secondary,Secondary,Low-skilled,Low-skilled,115.7,1,0,0,1,0,0,21,0,0,6,8,6,12.166666666666700,0,0,6,7,6,13.285714285714300,0,11.1,0.6,2.02,Graduate
1,1,2,171,1,1,133.1,1,Higher,Secondary,High-skilled,High-skilled,141,1,0,0,1,0,0,19,0,0,0,0,0,0,0,0,0,0,0,0,0,12.7,3.7,-1.7,Graduate
2,39,1,8014,0,12,110,1,Basic,Basic,Manual skilled,Low-skilled,120,0,0,0,1,0,0,42,0,0,6,6,6,11.666666666666700,0,0,6,6,6,13.666666666666700,0,10.8,1.4,1.74,Graduate
1,17,1,9130,1,1,143,1,Higher,Higher,High-skilled,High-skilled,131.8,1,0,1,0,0,0,18,0,0,6,9,5,12.4,0,0,6,12,5,14.166666666666700,0,8.9,1.4,3.51,Not on time
1,1,1,9070,1,1,150,1,Basic,Basic,Low-skilled,Manual skilled,131.1,0,0,0,1,0,1,19,0,0,6,7,5,13.4,0,0,6,6,6,12.833333333333300,0,15.5,2.8,-4.06,Graduate
1,1,6,9254,1,1,129,1,Basic,Basic,Low-skilled,Clerical/service,117.8,1,0,0,1,0,0,18,0,0,6,11,6,12,0,0,6,11,4,12.5,0,8.9,1.4,3.51,Graduate
1,10,1,9085,1,1,140,1,Basic,Basic,Clerical/service,Clerical/service,140,1,0,0,1,0,0,21,0,0,5,6,5,14.2,0,0,5,5,5,14.8,0,10.8,1.4,1.74,Graduate
1,1,1,9238,1,1,133.1,1,Basic,Basic,Clerical/service,Clerical/service,108,0,0,0,1,0,1,20,0,0,6,8,6,12.125,0,0,6,7,6,14.428571428571400,0,16.2,0.3,-0.92,Graduate
1,1,1,9853,1,1,132,1,Secondary,Basic,High-skilled,High-skilled,122.9,1,0,0,1,0,0,20,0,0,7,7,7,13.857142857142900,0,0,7,7,7,13.285714285714300,0,11.1,0.6,2.02,Graduate
1,44,1,9085,1,39,130,1,Higher,Secondary,High-skilled,Low-skilled,130,1,0,0,1,0,0,21,0,1,6,13,3,11.75,0,1,6,13,5,12.333333333333300,0,12.4,0.5,1.79,Not on time
1,1,4,9500,1,1,137,1,Basic,Basic,Manual skilled,Manual skilled,126,1,0,0,1,0,0,19,0,0,7,9,7,14.283333333333300,0,0,8,9,8,13.125555555555600,0,15.5,2.8,-4.06,Graduate
1,42,1,9238,1,1,133.1,1,Secondary,Basic,Clerical/service,Low-skilled,134,0,0,0,1,0,0,21,0,10,13,21,11,13.272727272727300,0,6,11,13,9,13,0,7.6,2.6,0.32,Graduate
1,1,1,9070,1,1,143,1,Basic,Basic,Clerical/service,Low-skilled,134.3,1,1,0,1,0,0,19,0,0,6,6,6,14.666666666666700,0,0,6,7,6,15.142857142857100,0,8.9,1.4,3.51,Graduate
1,1,1,9500,1,1,148,1,Basic,Basic,Low-skilled,Low-skilled,138.7,0,0,0,1,0,1,19,0,0,7,10,7,15.115000000000000,0,0,8,10,8,15.092,0,15.5,2.8,-4.06,Graduate
1,17,2,171,1,1,137,1,Secondary,Secondary,Clerical/service,High-skilled,143.3,1,0,0,1,0,0,18,0,0,0,0,0,0,0,0,0,0,0,0,0,9.4,-0.8,-3.12,Not on time
1,44,1,9085,1,39,160,1,Basic,Basic,Low-skilled,Other/unknown,160,1,0,0,1,0,0,22,0,1,6,13,6,15,0,1,6,7,6,13.142857142857100,0,16.2,0.3,-0.92,Graduate
1,1,2,9853,1,1,112,1,Higher,Secondary,High-skilled,Clerical/service,111,0,0,0,1,0,0,21,0,0,6,8,5,13.2,0,0,6,9,5,14.333333333333300,0,9.4,-0.8,-3.12,Graduate
1,17,4,9254,1,1,133,1,Basic,Basic,Clerical/service,Manual skilled,128.5,1,0,0,1,0,1,18,0,0,6,14,2,11,0,0,6,14,3,10.333333333333300,0,7.6,2.6,0.32,Not on time
1,1,4,9500,1,1,142,1,Secondary,Higher,High-skilled,High-skilled,133,0,0,0,1,0,1,20,0,0,8,8,7,14.565714285714300,0,0,8,8,7,14.565714285714300,0,10.8,1.4,1.74,Graduate
1,17,2,9670,1,1,123,1,Unknown,Basic,Other/unknown,Other/unknown,114.6,1,0,1,0,0,0,18,0,0,5,8,3,12,0,0,5,6,4,10.75,0,7.6,2.6,0.32,Not on time
1,17,1,9238,1,1,103,1,Basic,Basic,Manual skilled,Low-skilled,104.1,0,0,0,1,0,0,20,0,0,6,6,0,0,0,0,5,5,0,0,0,8.9,1.4,3.51,Not on time
1,17,4,9500,1,1,140,1,Secondary,Secondary,High-skilled,High-skilled,127.6,1,0,0,1,0,0,23,0,0,7,7,6,13.796666666666700,0,0,8,11,7,13.775,0,12.4,0.5,1.79,Graduate
1,1,2,9773,1,1,159,1,Secondary,Secondary,High-skilled,High-skilled,151,1,0,0,1,0,0,18,0,0,6,6,6,14.833333333333300,0,0,6,6,6,15.333333333333300,0,12.7,3.7,-1.7,Graduate
1,44,1,9238,1,39,140,1,Secondary,Secondary,Low-skilled,High-skilled,135.7,1,0,0,1,0,0,20,0,3,6,6,6,12.833333333333300,0,2,6,6,6,13.833333333333300,0,12.4,0.5,1.79,Graduate
1,17,1,9500,1,1,148,1,Basic,Basic,Clerical/service,Low-skilled,137.8,1,0,0,1,0,1,18,0,0,8,8,7,14.962857142857100,0,0,8,8,7,14.962857142857100,0,10.8,1.4,1.74,Graduate
1,1,6,9147,1,1,112,1,Basic,Basic,Low-skilled,Low-skilled,117.3,1,0,0,1,0,0,20,0,0,5,8,4,12,0,0,5,8,5,11.2,0,11.1,0.6,2.02,Graduate
1,18,2,9500,1,1,131,1,Secondary,Higher,High-skilled,High-skilled,121.2,1,0,0,1,0,0,18,0,0,7,8,7,12.4,0,0,8,9,8,12.8,0,16.2,0.3,-0.92,Graduate
1,17,1,9670,1,1,145,1,Higher,Higher,High-skilled,High-skilled,129.3,1,0,0,1,0,0,20,0,0,6,7,6,15.571428571428600,0,0,6,6,6,17.166666666666700,0,16.2,0.3,-0.92,Graduate
1,1,5,9500,1,1,133.1,1,Secondary,Secondary,Clerical/service,Manual skilled,123,1,0,0,1,0,0,19,0,0,8,8,7,13.714285714285700,0,0,8,8,7,13.714285714285700,0,12.7,3.7,-1.7,Graduate
1,44,1,9085,1,39,140,1,Secondary,Basic,Clerical/service,Clerical/service,140,0,0,0,1,0,0,21,0,2,6,9,6,13.142857142857100,0,0,6,9,6,12.166666666666700,0,13.9,-0.3,0.79,Graduate
2,7,1,9070,1,43,140,1,Basic,Secondary,Low-skilled,Manual skilled,140,0,0,0,1,0,0,33,0,0,6,7,6,15,0,0,6,8,3,11,0,11.1,0.6,2.02,Graduate
1,1,1,9085,1,1,150,1,Secondary,Higher,Clerical/service,High-skilled,144.6,0,0,1,0,0,0,24,0,0,5,6,1,13,0,0,5,5,0,0,0,7.6,2.6,0.32,Not on time
1,43,1,9238,1,1,120,1,Secondary,Basic,Clerical/service,High-skilled,118.3,0,0,0,1,0,1,20,0,8,11,12,11,12,0,6,11,14,11,12.75,0,13.9,-0.3,0.79,Graduate
1,1,1,171,1,1,156,1,Basic,Basic,Low-skilled,High-skilled,153.6,1,0,0,1,0,0,18,0,0,0,0,0,0,0,0,0,0,0,0,0,9.4,-0.8,-3.12,Graduate
1,1,4,9070,1,1,167,1,Secondary,Secondary,Manual skilled,High-skilled,158.3,1,0,0,1,0,0,18,0,0,6,6,6,15.166666666666700,0,0,6,6,6,14.166666666666700,0,15.5,2.8,-4.06,Graduate
1,43,1,8014,0,6,133.1,1,Unknown,Unknown,Other/unknown,Other/unknown,100,0,0,1,1,0,0,29,0,1,6,9,4,12,0,1,6,13,2,10.5,0,7.6,2.6,0.32,Not on time
1,17,1,9500,1,1,147,1,Secondary,Secondary,Clerical/service,Clerical/service,134.9,0,1,0,1,0,0,18,0,0,7,7,7,13.642857142857100,0,0,8,11,8,14.772727272727300,0,16.2,0.3,-0.92,Graduate
1,1,3,9773,1,1,129,1,Basic,Basic,Clerical/service,Clerical/service,142,1,0,0,1,0,0,19,0,0,6,8,6,12.666666666666700,0,0,6,7,6,12.714285714285700,0,9.4,-0.8,-3.12,Graduate
1,17,1,171,1,1,136,1,Basic,Basic,Manual skilled,Manual skilled,127.3,1,0,0,1,0,0,19,0,0,0,0,0,0,0,0,0,0,0,0,0,15.5,2.8,-4.06,Not on time
1,17,1,9238,1,1,128,1,Basic,Basic,Clerical/service,Clerical/service,116.5,0,0,0,1,0,1,18,0,0,6,8,5,10.8,0,0,6,9,6,10.5,0,12.4,0.5,1.79,Graduate
1,43,1,9500,1,1,140,1,Basic,Basic,Manual skilled,Manual skilled,138.6,0,0,0,1,0,1,19,0,0,7,9,6,14.25,0,0,8,11,8,13.063636363636400,0,16.2,0.3,-0.92,Graduate
1,42,1,9853,1,1,141,1,Basic,Basic,Low-skilled,High-skilled,133,0,0,0,1,0,0,20,0,6,14,22,12,12.153846153846200,0,5,12,18,10,12.9,0,10.8,1.4,1.74,Not on time
1,17,2,9238,1,1,133,1,Higher,Secondary,High-skilled,Clerical/service,136.2,1,0,0,1,0,0,19,0,0,6,14,1,11.5,0,0,6,12,2,10.5,0,7.6,2.6,0.32,Not on time
1,17,1,9254,1,1,125,1,Basic,Basic,Manual skilled,Clerical/service,118,1,0,0,1,0,1,19,0,0,6,10,4,12.25,0,0,6,9,3,12.333333333333300,0,9.4,-0.8,-3.12,Graduate
1,1,1,9070,1,1,124,1,Basic,Basic,Clerical/service,Clerical/service,126.8,0,0,0,1,0,1,18,0,1,6,8,6,12,1,0,6,12,5,11.142857142857100,0,13.9,-0.3,0.79,Not on time
1,1,6,9500,1,1,140,1,Basic,Basic,Clerical/service,Manual skilled,128.5,1,0,0,1,0,1,18,0,0,8,8,8,13.40375,0,0,8,8,8,13.40375,0,9.4,-0.8,-3.12,Graduate
1,17,1,9254,1,1,140,1,Higher,Secondary,High-skilled,High-skilled,129.9,0,0,0,1,0,1,19,0,0,6,15,6,11.333333333333300,0,0,6,9,3,12.666666666666700,0,9.4,-0.8,-3.12,Graduate
1,17,4,9773,1,1,137,1,Secondary,Secondary,Clerical/service,Clerical/service,125.8,0,0,1,1,1,0,20,0,0,6,7,5,12.2,0,0,6,6,6,12.333333333333300,0,12.7,3.7,-1.7,Not on time
1,17,1,171,1,1,144,1,Basic,Basic,Low-skilled,Manual skilled,129.3,1,0,0,1,1,1,18,0,0,0,0,0,0,0,0,0,0,0,0,0,7.6,2.6,0.32,Not on time
1,1,6,9500,1,1,138,1,Higher,Basic,High-skilled,High-skilled,124.7,1,0,0,1,1,0,18,0,0,7,0,0,0,0,0,8,0,0,0,0,16.2,0.3,-0.92,Not on time
1,39,1,9003,1,1,130,1,Higher,Secondary,High-skilled,Clerical/service,154.9,0,0,1,0,1,0,35,0,0,6,8,5,16.166666666666700,0,0,6,10,4,16,0,8.9,1.4,3.51,Not on time
1,17,1,9119,1,1,142,1,Basic,Basic,Low-skilled,Manual skilled,127.3,0,0,0,1,1,0,18,0,0,5,10,3,11,0,0,5,6,3,11,1,16.2,0.3,-0.92,Not on time
1,1,1,171,1,1,136,1,Basic,Basic,Clerical/service,Manual skilled,129,1,0,0,1,1,1,19,0,0,0,0,0,0,0,0,0,0,0,0,0,13.9,-0.3,0.79,Graduate
1,1,2,9773,1,1,133.1,1,Basic,Basic,Clerical/service,Manual skilled,98,1,0,0,1,1,1,19,0,0,6,8,4,12,0,0,6,8,6,12.285714285714300,0,15.5,2.8,-4.06,Not on time
1,17,2,9147,1,1,130,1,Secondary,Basic,Clerical/service,Manual skilled,122,1,0,0,1,1,0,20,0,0,5,8,2,10.5,0,0,5,11,4,12.25,0,10.8,1.4,1.74,Not on time
1,43,1,9070,1,1,117,1,Secondary,Secondary,Clerical/service,Manual skilled,112.5,1,0,0,1,1,0,19,0,3,6,7,3,11.666666666666700,0,1,6,13,4,10.333333333333300,0,13.9,-0.3,0.79,Not on time
1,1,3,9147,1,1,136,1,Basic,Basic,Low-skilled,Low-skilled,127.3,1,0,0,1,1,0,19,0,0,5,8,3,11,0,0,5,7,2,10,0,12.7,3.7,-1.7,Not on time
1,39,2,9556,1,1,133.1,1,Secondary,Secondary,Low-skilled,Other/unknown,100.5,0,0,0,1,1,0,24,0,0,7,18,0,0,0,0,7,13,0,0,1,11.1,0.6,2.02,Not on time
1,39,1,8014,0,1,140,1,Basic,Basic,Low-skilled,Manual skilled,122,1,0,1,0,1,0,29,0,0,6,11,4,12.5,0,0,6,7,0,0,0,12.4,0.5,1.79,Not on time
1,39,1,9500,1,1,150,1,Basic,Higher,Low-skilled,High-skilled,140,0,0,0,1,1,0,24,0,0,7,11,7,11.294444444444400,0,0,8,22,2,12.6,0,15.5,2.8,-4.06,Graduate
1,17,2,9254,1,1,121,1,Basic,Basic,Manual skilled,Manual skilled,116.1,1,0,0,1,1,0,19,0,0,6,8,5,11.2,0,0,6,11,4,12.5,0,15.5,2.8,-4.06,Graduate
2,7,1,171,1,3,120,1,Basic,Basic,Low-skilled,Low-skilled,130,1,0,0,1,1,0,37,0,0,0,0,0,0,0,0,0,0,0,0,0,7.6,2.6,0.32,Not on time
1,5,2,9070,1,1,143,1,Secondary,Secondary,Clerical/service,Other/unknown,146.2,1,0,0,1,1,0,18,0,0,6,7,5,13.2,0,0,6,6,5,11.8,0,16.2,0.3,-0.92,Graduate
1,44,1,9119,1,39,180,1,Secondary,Secondary,Low-skilled,Manual skilled,180,0,0,0,1,1,1,20,0,3,7,12,6,14.142857142857100,0,1,6,10,6,14.125,0,12.4,0.5,1.79,Not on time
1,1,5,9147,1,1,132,1,Secondary,Secondary,High-skilled,High-skilled,127.8,1,0,0,0,1,0,18,0,0,5,0,0,0,0,0,5,0,0,0,0,11.1,0.6,2.02,Not on time
1,43,1,9147,1,1,130,1,Basic,Basic,Low-skilled,Manual skilled,130.8,0,0,0,1,1,0,22,0,0,5,5,0,0,0,0,5,9,3,13.333333333333300,2,16.2,0.3,-0.92,Not on time
1,17,2,9147,1,1,133.1,1,Basic,Basic,Clerical/service,Manual skilled,109,1,0,0,1,1,1,22,0,0,5,7,3,12.333333333333300,0,0,5,9,3,10.571428571428600,0,10.8,1.4,1.74,Not on time
1,1,5,9773,1,1,131,1,Secondary,Basic,Low-skilled,Clerical/service,132.4,1,0,1,0,1,0,18,0,0,6,6,0,0,0,0,6,0,0,0,0,11.1,0.6,2.02,Not on time
1,1,3,9500,1,1,149,1,Secondary,Secondary,Clerical/service,Clerical/service,129.3,1,0,0,1,1,0,18,0,0,8,8,7,13.1,0,0,8,8,7,13.1,0,12.7,3.7,-1.7,Graduate
1,1,1,9070,1,1,124,1,Basic,Basic,Low-skilled,Low-skilled,125.4,1,0,0,1,1,0,19,0,0,6,6,6,13.5,0,0,6,6,6,13.166666666666700,0,9.4,-0.8,-3.12,Graduate
1,1,1,9119,1,1,126,1,Basic,Basic,Clerical/service,Clerical/service,130.2,0,0,0,1,1,0,19,0,0,5,7,5,10.2,0,0,5,8,3,12,0,10.8,1.4,1.74,Not on time
1,1,1,9238,1,1,140,1,Basic,Basic,Low-skilled,Low-skilled,132,0,0,0,1,1,0,19,0,0,6,10,5,11.571428571428600,0,0,6,10,3,13,0,16.2,0.3,-0.92,Not on time
1,44,1,9003,1,39,170,1,Basic,Basic,Low-skilled,Manual skilled,170,1,0,1,1,1,0,21,0,0,6,7,6,15.285714285714300,0,0,6,6,6,15.166666666666700,0,12.4,0.5,1.79,Graduate
1,1,2,9773,1,1,133,1,Higher,Secondary,High-skilled,Clerical/service,130.2,0,0,0,1,1,0,19,0,0,6,9,5,12.6,0,6,10,16,8,11,1,8.9,1.4,3.51,Not on time
1,18,2,9556,1,1,126,1,Higher,Higher,High-skilled,High-skilled,115.5,0,0,0,1,1,0,18,0,0,7,11,6,13.433333333333300,0,0,7,10,4,13.6,0,8.9,1.4,3.51,Graduate
1,16,2,9147,1,1,129,1,Basic,Basic,Clerical/service,Low-skilled,127.6,1,0,0,1,1,0,19,0,0,5,8,5,11.6,0,0,5,9,3,11,0,10.8,1.4,1.74,Not on time
1,7,1,9773,1,43,140,1,Basic,Secondary,Clerical/service,Manual skilled,140,0,0,0,1,1,0,25,0,0,6,6,6,14.666666666666700,0,0,6,6,6,13.5,0,11.1,0.6,2.02,Graduate
1,1,1,9070,1,1,130,1,Basic,Secondary,Low-skilled,Manual skilled,120.2,1,0,0,1,1,0,22,0,0,6,9,6,14.666666666666700,0,0,6,12,6,14.666666666666700,0,12.7,3.7,-1.7,Graduate
1,39,1,9500,1,1,130,1,Secondary,Secondary,Clerical/service,Low-skilled,150,0,0,0,1,1,0,24,0,0,8,8,7,12.742857142857100,0,0,8,8,7,12.742857142857100,0,12.7,3.7,-1.7,Graduate
1,1,2,9500,1,1,99,1,Secondary,Higher,Clerical/service,Other/unknown,100,1,0,0,1,1,0,19,0,0,7,9,7,11.975,0,0,8,9,7,13.12857142857140,0,13.9,-0.3,0.79,Graduate
1,43,1,9119,1,1,146,1,Higher,Secondary,High-skilled,High-skilled,100,0,0,0,1,1,0,18,0,0,5,9,4,12.25,0,0,5,11,3,11.666666666666700,0,13.9,-0.3,0.79,Not on time
1,17,1,171,1,1,129,1,Basic,Basic,Clerical/service,Manual skilled,128,0,0,0,0,1,0,20,0,0,0,0,0,0,0,0,0,0,0,0,0,9.4,-0.8,-3.12,Not on time
1,1,2,9500,1,1,132,1,Basic,Basic,Low-skilled,Manual skilled,128,1,0,0,1,1,1,19,0,0,8,8,7,14.935714285714300,0,0,8,8,7,14.935714285714300,0,10.8,1.4,1.74,Graduate
1,43,3,9254,1,1,110,1,Basic,Basic,Low-skilled,Low-skilled,107.2,1,0,0,1,1,0,19,0,1,6,16,2,10.5,0,0,6,15,4,10,0,7.6,2.6,0.32,Not on time
1,1,1,9670,1,1,116,1,Higher,Higher,High-skilled,High-skilled,110.1,1,0,0,1,1,0,19,0,0,6,9,5,13.333333333333300,0,0,6,6,5,13,0,12.4,0.5,1.79,Graduate
1,43,1,9003,1,1,119,1,Basic,Basic,Low-skilled,Manual skilled,119,0,0,1,1,1,0,23,0,0,6,6,0,0,0,0,6,8,0,0,0,15.5,2.8,-4.06,Not on time
2,39,1,9773,1,1,120,1,Basic,Basic,Low-skilled,High-skilled,155.5,0,0,0,1,1,0,47,0,0,6,12,5,13.8,0,0,6,13,4,14,0,12.7,3.7,-1.7,Not on time
1,1,1,9070,1,1,117,1,Secondary,Secondary,High-skilled,Low-skilled,118.4,0,0,0,1,1,0,19,0,0,6,6,6,11.833333333333300,0,0,6,8,4,10.75,2,16.2,0.3,-0.92,Graduate
1,1,4,171,1,1,137,1,Secondary,Basic,Clerical/service,Manual skilled,141.2,1,0,0,1,1,0,19,0,0,0,0,0,0,0,0,0,0,0,0,0,11.1,0.6,2.02,Graduate
1,1,1,171,1,1,124,1,Higher,Higher,High-skilled,High-skilled,119.1,1,0,0,1,1,0,18,0,0,0,0,0,0,0,0,0,0,0,0,0,16.2,0.3,-0.92,Not on time
1,43,1,9147,1,1,151,1,Secondary,Higher,High-skilled,High-skilled,111,0,0,0,1,1,0,28,0,0,5,9,2,10,0,0,5,9,0,0,0,15.5,2.8,-4.06,Not on time
1,43,1,9254,1,6,138.6,1,Unknown,Unknown,Other/unknown,Other/unknown,138.6,1,0,0,1,1,0,20,0,0,6,10,4,11.5,0,0,6,11,3,11.666666666666700,0,7.6,2.6,0.32,Not on time
1,17,2,9254,1,1,118,1,Basic,Basic,Clerical/service,Manual skilled,121.2,0,0,0,1,1,1,18,0,0,6,12,3,10.666666666666700,0,0,6,9,4,12,0,15.5,2.8,-4.06,Not on time
1,1,1,171,1,1,136,1,Basic,Basic,Clerical/service,Manual skilled,150.4,1,0,0,1,1,1,21,0,0,0,0,0,0,0,0,0,0,0,0,0,12.4,0.5,1.79,Graduate
1,1,1,9254,1,1,123,1,Basic,Basic,Low-skilled,Clerical/service,117.8,0,0,0,1,1,0,19,0,0,6,10,4,12.75,0,0,6,12,2,13,0,10.8,1.4,1.74,Not on time
1,39,1,9254,1,19,133.1,1,Basic,Basic,Clerical/service,Clerical/service,102.5,0,0,1,0,1,0,24,0,0,6,7,0,0,0,0,6,7,0,0,0,16.2,0.3,-0.92,Not on time
1,39,1,9130,1,1,130,1,Basic,Secondary,Low-skilled,Clerical/service,110,0,0,0,1,1,0,24,0,0,6,11,6,11.333333333333300,0,0,6,12,3,11.333333333333300,0,16.2,0.3,-0.92,Not on time
1,39,1,9085,1,12,133.1,1,Basic,Basic,Low-skilled,Manual skilled,138.3,1,0,1,0,1,0,25,0,0,6,6,0,0,0,0,6,6,0,0,0,8.9,1.4,3.51,Not on time
1,39,1,9254,1,1,150,1,Higher,Secondary,High-skilled,Clerical/service,122.3,0,0,0,1,1,0,28,0,0,6,10,6,13,0,0,6,8,5,12.2,0,13.9,-0.3,0.79,Graduate
2,39,1,9991,0,1,130,1,Basic,Basic,Low-skilled,Low-skilled,127.8,0,0,0,1,1,0,37,0,0,5,7,4,10.75,0,0,5,7,3,11.333333333333300,0,7.6,2.6,0.32,Not on time
1,43,1,9119,1,1,128,1,Secondary,Basic,Clerical/service,Manual skilled,100,0,0,0,1,1,0,19,0,0,5,8,5,12,0,0,5,12,2,10.5,0,13.9,-0.3,0.79,Not on time
1,17,4,9500,1,1,133,1,Basic,Basic,Clerical/service,Manual skilled,126.4,1,0,0,1,1,1,18,0,0,7,7,7,13.462857142857100,0,0,8,8,8,13.90625,0,11.1,0.6,2.02,Graduate
1,39,1,9254,1,19,133.1,1,Basic,Basic,Other/unknown,Other/unknown,100,0,0,0,1,1,0,48,0,0,6,13,3,10,0,0,6,15,1,10,0,7.6,2.6,0.32,Not on time
1,17,4,9238,1,1,129,1,Basic,Basic,Low-skilled,Manual skilled,117.1,1,0,0,1,1,0,21,0,0,6,6,6,12.333333333333300,0,0,6,7,6,13.666666666666700,0,8.9,1.4,3.51,Graduate
1,17,1,9500,1,1,128,1,Secondary,Secondary,Clerical/service,Clerical/service,124.7,0,0,0,1,1,1,19,0,0,7,11,6,12.528571428571400,0,0,7,10,6,12.416666666666700,0,15.5,2.8,-4.06,Not on time
1,43,2,9500,1,1,136,1,Basic,Secondary,Low-skilled,Other/unknown,124.1,0,0,0,1,1,1,21,0,0,8,8,0,0,8,0,8,8,0,0,8,9.4,-0.8,-3.12,Not on time
1,44,1,9119,1,1,130,1,Basic,Secondary,Low-skilled,Manual skilled,129.4,1,0,1,0,1,0,23,0,0,5,6,0,0,0,0,5,7,0,0,0,13.9,-0.3,0.79,Not on time
1,1,1,9130,1,1,141,1,Secondary,Secondary,Clerical/service,Other/unknown,138.9,1,0,0,1,1,0,18,0,0,5,5,5,13.6,0,0,5,6,4,13.25,1,10.8,1.4,1.74,Graduate
1,44,1,9238,1,39,140,1,Secondary,Secondary,Clerical/service,High-skilled,138.6,0,0,0,1,1,0,22,0,3,6,7,6,12.333333333333300,0,2,6,6,2,14,0,13.9,-0.3,0.79,Not on time
1,16,1,171,1,1,122,1,Basic,Basic,Low-skilled,Manual skilled,133.9,1,0,0,1,1,0,25,0,9,13,16,10,11.454545454545500,0,5,11,13,7,12.25,0,12.4,0.5,1.79,Not on time
1,7,1,9085,1,40,140,1,Higher,Higher,High-skilled,High-skilled,140,0,0,1,1,1,0,27,0,8,13,13,8,13.5,2,5,11,12,5,14.4,0,11.1,0.6,2.02,Not on time
1,39,1,9119,1,12,133.1,1,Unknown,Unknown,Other/unknown,Other/unknown,95.1,0,0,0,0,1,0,49,0,0,5,5,0,0,0,0,5,6,0,0,0,10.8,1.4,1.74,Not on time
1,39,1,9991,0,1,120,1,Basic,Basic,Clerical/service,Clerical/service,128.2,0,0,0,0,1,0,31,0,0,5,5,2,11,0,0,5,0,0,0,0,12.7,3.7,-1.7,Not on time
1,39,1,9254,1,1,133.1,1,Basic,Basic,Low-skilled,Manual skilled,121.5,0,0,0,1,1,0,54,0,0,6,9,6,13.714285714285700,0,0,6,13,5,14.333333333333300,0,16.2,0.3,-0.92,Not on time
1,7,1,33,1,40,120,1,Basic,Basic,Clerical/service,Manual skilled,120,1,0,1,0,1,0,25,0,18,21,26,21,12.363636363636400,0,12,16,21,12,12.25,1,11.1,0.6,2.02,Not on time
1,44,1,9003,1,39,130,1,Higher,Higher,High-skilled,High-skilled,130,0,0,0,1,1,0,20,0,1,7,13,3,10.666666666666700,0,0,6,14,2,11.5,0,15.5,2.8,-4.06,Not on time
1,7,1,9070,1,3,120,1,Higher,Higher,High-skilled,High-skilled,120,0,0,0,1,1,0,28,0,0,6,9,2,12,0,0,6,10,3,12.666666666666700,0,12.7,3.7,-1.7,Not on time
2,39,1,8014,0,19,133.1,1,Basic,Basic,Low-skilled,Manual skilled,107,0,0,0,1,1,0,41,0,1,7,7,7,12.857142857142900,0,0,6,6,6,13.166666666666700,0,12.7,3.7,-1.7,Graduate
1,1,2,9670,1,1,122,1,Secondary,Basic,Clerical/service,Clerical/service,116.1,0,0,0,1,1,1,19,0,0,6,10,6,13.125,0,0,6,9,6,12.714285714285700,0,11.1,0.6,2.02,Not on time
1,43,1,9147,1,1,123,1,Secondary,Secondary,Clerical/service,Clerical/service,114.4,0,0,0,1,1,0,22,0,0,5,6,0,0,0,0,5,8,2,11.5,0,15.5,2.8,-4.06,Not on time
1,1,1,9254,1,1,178,1,Higher,Secondary,High-skilled,High-skilled,157.7,0,0,0,1,1,0,34,0,0,6,13,2,13.5,0,0,6,6,0,0,0,15.5,2.8,-4.06,Not on time
1,39,1,9003,1,1,130,1,Basic,Basic,Low-skilled,Low-skilled,150,0,0,1,0,1,0,28,0,5,11,14,11,15.090909090909100,0,5,10,11,10,15,0,11.1,0.6,2.02,Not on time
1,1,1,9853,1,1,110,1,Basic,Basic,Low-skilled,Clerical/service,114.3,1,0,0,1,1,0,42,0,0,6,9,5,12.4,0,0,6,10,5,11.8,0,7.6,2.6,0.32,Not on time
1,18,1,9085,1,1,106,1,Secondary,Basic,High-skilled,Clerical/service,104.6,0,0,0,0,1,0,21,0,0,6,10,5,14,0,0,6,11,4,14.8,0,11.1,0.6,2.02,Not on time
1,7,1,9003,1,3,140,1,Secondary,Secondary,Low-skilled,Clerical/service,140,0,0,0,1,1,0,50,0,2,6,8,2,13.5,0,1,6,9,1,13,0,15.5,2.8,-4.06,Not on time
1,1,4,9147,1,1,108,1,Higher,Secondary,High-skilled,Clerical/service,109.1,1,0,0,1,1,0,19,0,0,5,5,0,0,0,0,5,5,0,0,0,12.4,0.5,1.79,Not on time
1,43,1,9500,1,1,120,1,Higher,Higher,High-skilled,Clerical/service,120.6,0,0,0,1,1,0,18,0,0,7,12,4,12.65,0,0,7,10,3,10.666666666666700,0,16.2,0.3,-0.92,Not on time
2,39,1,9991,0,1,100,1,Basic,Basic,High-skilled,High-skilled,161.9,0,0,0,1,1,0,59,0,0,5,7,0,0,0,0,5,7,0,0,0,16.2,0.3,-0.92,Not on time
2,7,1,9991,0,3,140,1,Unknown,Unknown,Other/unknown,Other/unknown,140,1,0,0,0,1,0,33,0,0,5,5,0,0,0,0,5,5,0,0,0,7.6,2.6,0.32,Not on time
1,17,2,9070,1,1,133.1,1,Basic,Basic,Low-skilled,Other/unknown,178,1,0,0,1,1,1,23,0,0,6,8,6,13.333333333333300,0,0,6,7,5,12.8,0,9.4,-0.8,-3.12,Graduate
2,39,1,9991,0,19,133.1,1,Basic,Secondary,Clerical/service,Clerical/service,138.3,0,0,0,1,1,0,44,0,0,5,9,3,11.333333333333300,0,0,5,8,5,11.142857142857100,0,13.9,-0.3,0.79,Not on time
2,1,4,8014,0,1,140,1,Unknown,Unknown,Other/unknown,Other/unknown,128,1,0,0,1,1,0,37,0,0,6,0,0,0,0,0,6,0,0,0,0,9.4,-0.8,-3.12,Not on time
2,39,1,171,1,19,100,1,Basic,Basic,Low-skilled,Low-skilled,139,0,0,0,1,1,0,36,0,0,0,0,0,0,0,0,0,0,0,0,0,10.8,1.4,1.74,Not on time
1,1,2,9991,0,1,123,1,Secondary,Higher,Clerical/service,High-skilled,113.2,0,0,0,0,1,0,22,0,0,5,7,3,11.666666666666700,0,0,5,8,2,10.5,2,7.6,2.6,0.32,Not on time
2,39,1,8014,0,19,133.1,1,Basic,Basic,Manual skilled,Manual skilled,139,0,0,0,1,1,0,49,0,0,6,8,6,12.166666666666700,0,0,6,8,6,14.428571428571400,0,12.4,0.5,1.79,Graduate
1,51,1,9773,1,1,135,1,Secondary,Higher,Clerical/service,High-skilled,110,1,0,0,1,1,0,23,0,0,6,7,6,13.333333333333300,0,0,6,6,4,12.75,0,11.1,0.6,2.02,Graduate
1,1,1,9070,1,1,132,1,Secondary,Secondary,Clerical/service,Low-skilled,136.6,1,0,0,1,1,0,19,0,0,6,7,5,11.4,0,0,6,10,3,11,3,7.6,2.6,0.32,Not on time
2,43,1,8014,0,1,120,1,Basic,Basic,Clerical/service,Clerical/service,161.1,0,0,0,1,1,0,47,0,0,6,9,6,12.142857142857100,0,0,6,6,0,0,0,16.2,0.3,-0.92,Not on time
1,43,1,9003,1,1,130,1,Secondary,Higher,Clerical/service,High-skilled,130,0,0,0,1,1,0,28,0,9,18,36,17,13.058823529411800,1,6,12,15,12,12.307692307692300,0,15.5,2.8,-4.06,Graduate
1,44,1,9003,1,39,140,1,Secondary,Basic,Low-skilled,Manual skilled,140,0,0,0,1,1,0,21,0,0,6,13,4,11.75,0,0,6,15,4,10.5,0,15.5,2.8,-4.06,Not on time
1,1,1,9254,1,1,133.1,1,Basic,Secondary,Low-skilled,Low-skilled,121,0,0,1,0,1,0,21,0,0,6,9,5,11.833333333333300,0,0,6,8,5,10,0,8.9,1.4,3.51,Not on time
1,43,1,9238,1,39,120,1,Higher,Secondary,High-skilled,High-skilled,118.6,0,0,0,1,1,0,21,0,9,11,14,10,12.4,0,6,10,13,10,11.8,0,13.9,-0.3,0.79,Graduate
1,1,1,9070,1,1,140,1,Basic,Basic,Clerical/service,Clerical/service,138.3,0,0,0,1,1,0,20,0,1,6,8,6,13.428571428571400,1,0,6,12,4,11.5,0,13.9,-0.3,0.79,Not on time
2,42,1,9147,1,1,133.1,1,Basic,Basic,Low-skilled,Low-skilled,115.8,0,0,0,0,1,0,49,0,0,5,5,0,0,0,0,5,9,0,0,0,10.8,1.4,1.74,Not on time
1,39,1,9991,0,1,120,1,Basic,Basic,Manual skilled,Manual skilled,160,0,0,0,1,1,0,40,0,0,5,5,5,11,0,0,5,5,5,13.4,0,15.5,2.8,-4.06,Graduate
1,17,1,9254,1,1,125,1,Secondary,Secondary,High-skilled,High-skilled,114.5,0,0,0,1,1,1,22,0,0,6,8,6,13.625,0,0,6,8,6,14.428571428571400,0,11.1,0.6,2.02,Graduate
1,42,1,9119,1,1,136,1,Secondary,Basic,Clerical/service,Clerical/service,117.5,0,0,0,1,1,0,19,0,2,5,6,4,11.8,0,0,5,7,2,11.5,0,15.5,2.8,-4.06,Not on time
1,39,1,9991,0,1,133.1,1,Higher,Basic,High-skilled,Manual skilled,121.7,0,0,0,1,1,0,31,0,0,5,5,0,0,0,0,5,7,0,0,0,13.9,-0.3,0.79,Not on time
1,42,1,9119,1,1,120,1,Higher,Higher,High-skilled,High-skilled,115,0,0,0,1,1,0,30,0,1,6,9,2,15,0,1,6,7,2,13.5,0,15.5,2.8,-4.06,Not on time
1,1,1,9238,1,1,127,1,Basic,Basic,Clerical/service,Other/unknown,125.3,0,0,0,1,1,0,19,0,0,6,9,5,10.8,0,0,6,11,5,11,0,7.6,2.6,0.32,Graduate
1,18,1,9147,1,1,131,1,Unknown,Unknown,Other/unknown,Other/unknown,131,0,0,0,1,1,0,22,0,0,5,11,3,13.666666666666700,0,0,5,10,3,11.333333333333300,0,9.4,-0.8,-3.12,Not on time
1,1,1,9773,1,1,127,1,Basic,Basic,Low-skilled,Low-skilled,126.3,0,0,0,1,1,0,19,0,0,6,8,6,12.833333333333300,0,0,6,8,6,13.333333333333300,0,15.5,2.8,-4.06,Graduate
1,17,1,171,1,1,132,1,Secondary,Basic,Clerical/service,Low-skilled,127.1,0,0,0,0,1,0,21,0,0,0,0,0,0,0,0,0,0,0,0,0,7.6,2.6,0.32,Not on time
1,17,3,9670,1,1,137,1,Secondary,Basic,Clerical/service,Manual skilled,138.4,0,0,0,1,1,0,19,0,0,6,8,6,15.125,0,0,6,7,6,13.428571428571400,0,11.1,0.6,2.02,Graduate
1,43,2,9147,1,1,126,1,Secondary,Basic,High-skilled,High-skilled,100,1,0,0,1,1,0,22,0,0,5,11,0,0,0,0,5,7,1,10,1,16.2,0.3,-0.92,Not on time
1,1,1,9238,1,1,136,1,Higher,Higher,High-skilled,High-skilled,126.2,0,0,0,1,1,0,22,0,0,6,10,5,11.4,0,0,6,8,5,11,0,10.8,1.4,1.74,Graduate
1,1,1,9238,1,1,124,1,Secondary,Secondary,Clerical/service,Clerical/service,118.8,0,0,0,1,1,0,19,0,0,6,12,4,12.25,0,0,6,9,6,11,0,9.4,-0.8,-3.12,Graduate
1,39,1,9254,1,39,137,1,Secondary,Secondary,Clerical/service,Other/unknown,124.5,0,0,0,0,1,0,26,0,0,6,0,0,0,0,0,6,0,0,0,0,16.2,0.3,-0.92,Not on time
1,44,1,9119,1,39,140,1,Higher,Higher,High-skilled,High-skilled,140,0,0,0,1,1,0,23,0,3,7,12,3,14,0,1,6,12,1,14,0,12.4,0.5,1.79,Not on time
1,17,1,9070,1,1,131,1,Basic,Basic,Manual skilled,Manual skilled,125.1,0,0,0,1,1,0,18,0,0,6,7,6,12.333333333333300,0,0,6,10,5,10.8,4,16.2,0.3,-0.92,Not on time
1,1,1,9147,1,1,130,1,Basic,Basic,Low-skilled,Low-skilled,118.8,0,0,1,1,1,1,22,0,0,5,8,5,10.666666666666700,0,0,5,11,2,11,0,15.5,2.8,-4.06,Not on time
1,18,5,9119,1,1,136,1,Higher,Higher,High-skilled,High-skilled,125.2,1,0,0,1,1,0,19,0,0,5,9,5,11.833333333333300,0,0,5,9,5,14.714285714285700,0,12.4,0.5,1.79,Not on time
1,17,1,9147,1,1,133.1,1,Secondary,Basic,Clerical/service,Manual skilled,95,0,0,0,1,1,0,20,0,0,5,14,0,0,0,0,5,5,0,0,0,11.1,0.6,2.02,Not on time
1,1,3,9070,1,1,110,1,Basic,Basic,Low-skilled,Low-skilled,107.6,1,0,0,1,1,1,22,0,0,6,6,6,11.666666666666700,0,0,6,6,6,12.166666666666700,0,7.6,2.6,0.32,Not on time
1,7,1,9130,1,3,140,1,Higher,Basic,High-skilled,High-skilled,140,1,0,0,0,1,0,18,0,2,5,7,2,13,0,0,5,5,0,0,0,12.7,3.7,-1.7,Not on time
4,43,2,9991,0,38,133.1,1,Higher,Secondary,High-skilled,Low-skilled,125.4,0,0,0,1,1,0,39,0,0,2,5,0,0,0,0,4,4,0,0,0,10.8,1.4,1.74,Not on time
1,1,1,9500,1,1,141,1,Basic,Secondary,Other/unknown,Other/unknown,128,0,0,0,1,1,0,18,0,0,8,8,0,0,3,0,8,8,0,0,3,10.8,1.4,1.74,Not on time
1,17,3,9119,1,1,130,1,Secondary,Basic,High-skilled,High-skilled,129.3,0,0,0,1,1,1,18,0,0,5,5,5,13,0,0,5,5,5,14.2,0,8.9,1.4,3.51,Graduate
1,1,1,9238,1,1,160,1,Basic,Basic,Low-skilled,Low-skilled,152,0,0,0,1,1,1,19,0,0,6,7,6,13.857142857142900,0,0,6,6,6,14,0,13.9,-0.3,0.79,Graduate
1,1,1,9500,1,1,140,1,Secondary,Basic,Low-skilled,Low-skilled,128.8,0,0,0,1,1,0,18,0,0,7,7,6,13.391666666666700,0,0,8,8,8,12.4875,0,12.4,0.5,1.79,Graduate
1,1,1,9147,1,1,150,1,Unknown,Basic,Other/unknown,Clerical/service,152.8,1,0,0,1,1,1,18,0,0,5,7,4,12.75,0,0,5,5,0,0,0,7.6,2.6,0.32,Not on time
1,44,1,9130,1,39,150,1,Basic,Basic,Manual skilled,Manual skilled,150,1,0,0,1,1,0,22,0,0,5,7,4,14.5,0,0,5,5,5,14.6,0,10.8,1.4,1.74,Graduate
1,1,1,9238,1,1,133.1,1,Secondary,Secondary,High-skilled,Clerical/service,112,0,0,0,1,1,0,19,0,0,6,7,6,12.166666666666700,0,0,6,6,6,12.166666666666700,0,12.4,0.5,1.79,Graduate
1,1,1,9130,1,1,152,1,Basic,Basic,Low-skilled,Manual skilled,135.6,1,0,0,1,1,0,18,0,0,5,5,5,15.4,0,0,5,5,5,15.6,0,12.7,3.7,-1.7,Not on time
1,39,1,9119,1,19,133.1,1,Secondary,Secondary,Clerical/service,High-skilled,134.4,0,0,1,0,1,0,31,0,0,5,9,2,13.333333333333300,0,0,5,9,2,16,4,16.2,0.3,-0.92,Not on time
1,39,1,9991,0,1,130,1,Higher,Secondary,High-skilled,High-skilled,120.5,0,0,0,1,1,0,28,0,0,5,5,0,0,0,0,5,5,0,0,0,12.7,3.7,-1.7,Not on time
1,1,1,9070,1,1,148,1,Secondary,Secondary,Clerical/service,Manual skilled,141.4,0,0,0,1,1,0,19,0,0,6,0,0,0,0,0,6,0,0,0,0,15.5,2.8,-4.06,Not on time
1,17,1,9254,1,1,148,1,Secondary,Secondary,Clerical/service,Manual skilled,145.2,0,0,0,1,1,0,20,0,0,6,7,6,13.714285714285700,0,0,6,8,6,14.714285714285700,0,16.2,0.3,-0.92,Graduate
4,39,1,9238,1,1,130,1,Basic,Higher,Low-skilled,High-skilled,140,0,0,0,1,1,0,50,0,0,6,7,4,12.25,0,0,6,7,0,0,0,8.9,1.4,3.51,Not on time
1,43,1,9070,1,1,160,1,Secondary,Higher,Clerical/service,High-skilled,100,0,0,0,1,1,0,38,0,1,6,9,5,16,1,0,6,11,4,16.5,0,13.9,-0.3,0.79,Not on time
2,39,1,9991,0,1,130,1,Basic,Basic,Low-skilled,Low-skilled,140,1,0,0,1,1,0,31,0,0,5,8,1,11,0,0,5,5,1,13,0,9.4,-0.8,-3.12,Not on time
1,39,1,9500,1,1,110,1,Secondary,Basic,Low-skilled,Low-skilled,126,1,0,0,1,1,0,27,0,0,7,7,7,14.085714285714300,0,0,7,7,7,14.085714285714300,0,7.6,2.6,0.32,Not on time
1,18,1,9238,1,1,122,1,Secondary,Higher,Low-skilled,High-skilled,112.6,1,0,0,1,1,0,21,0,0,6,9,6,10.166666666666700,0,0,6,10,6,10.5,0,12.7,3.7,-1.7,Graduate
2,39,1,9119,1,1,110,1,Basic,Basic,Low-skilled,Low-skilled,106.8,0,0,0,1,1,0,34,0,0,5,8,1,10,0,0,5,9,0,0,0,8.9,1.4,3.51,Not on time
1,51,1,9119,1,1,129,1,Higher,Basic,High-skilled,Low-skilled,121.6,1,0,0,1,1,0,19,0,0,5,10,0,0,0,0,5,7,1,10,0,7.6,2.6,0.32,Not on time
2,39,1,9991,0,1,110,1,Basic,Basic,High-skilled,Clerical/service,120,1,0,0,0,1,0,40,0,0,5,10,2,10.5,0,0,5,5,3,10.666666666666700,0,9.4,-0.8,-3.12,Not on time
1,1,1,171,1,1,170,1,Basic,Basic,Low-skilled,High-skilled,160.6,1,0,0,1,1,1,18,0,0,0,0,0,0,0,0,0,0,0,0,0,12.7,3.7,-1.7,Graduate
2,39,1,9070,1,12,110,1,Basic,Basic,Clerical/service,Other/unknown,130,0,0,1,0,1,1,46,0,0,6,6,0,0,0,0,6,6,0,0,0,15.5,2.8,-4.06,Not on time
1,43,5,8014,0,1,110,1,Unknown,Unknown,Other/unknown,Other/unknown,110,0,0,0,1,1,0,37,0,0,6,12,0,0,0,0,5,10,0,0,0,7.6,2.6,0.32,Not on time
1,39,1,9003,1,1,133.1,1,Basic,Basic,Low-skilled,Manual skilled,110,1,0,0,1,1,0,31,0,0,6,8,0,0,0,0,6,10,0,0,0,16.2,0.3,-0.92,Not on time
1,39,1,9003,1,1,133.1,1,Secondary,Basic,Clerical/service,Other/unknown,145.8,0,0,0,1,1,0,34,0,0,6,15,5,13.333333333333300,0,0,6,15,5,12.4,0,12.4,0.5,1.79,Graduate
1,1,6,171,1,1,126,1,Secondary,Secondary,Clerical/service,Clerical/service,130.2,1,0,0,1,1,1,18,0,0,0,0,0,0,0,0,0,0,0,0,0,9.4,-0.8,-3.12,Not on time
1,1,1,9670,1,1,137,1,Basic,Basic,Low-skilled,Low-skilled,122.3,0,0,0,1,1,1,18,0,0,6,7,6,13.571428571428600,0,0,6,6,6,14.333333333333300,0,12.4,0.5,1.79,Graduate
1,17,4,9070,1,1,117,1,Secondary,Secondary,High-skilled,High-skilled,125.4,1,0,0,1,1,1,19,0,0,6,6,6,12.833333333333300,0,0,6,7,6,11.166666666666700,0,11.1,0.6,2.02,Graduate
1,43,1,9991,0,1,100,1,Basic,Basic,Low-skilled,Clerical/service,130,0,0,0,1,1,0,40,0,1,5,6,4,10.25,0,3,8,18,5,11.2,5,15.5,2.8,-4.06,Not on time
1,39,1,9130,1,1,120,1,Secondary,Basic,Low-skilled,Low-skilled,150,0,0,0,1,1,0,25,0,0,6,6,0,0,0,0,6,6,0,0,0,12.4,0.5,1.79,Not on time
1,17,5,9119,1,1,126,1,Basic,Basic,Clerical/service,Low-skilled,116.9,1,0,1,1,1,0,20,0,0,5,5,4,14.5,0,0,6,8,3,13.333333333333300,0,11.1,0.6,2.02,Not on time
1,17,1,9119,1,1,122,1,Basic,Basic,Low-skilled,Low-skilled,114.7,0,0,0,1,1,0,20,0,0,5,6,5,15.8,0,0,5,8,5,13.714285714285700,0,11.1,0.6,2.02,Not on time
1,39,1,9003,1,1,111,1,Basic,Basic,Low-skilled,Other/unknown,95.8,1,0,0,0,1,0,43,0,0,6,0,0,0,0,0,6,0,0,0,0,15.5,2.8,-4.06,Not on time
1,17,4,9119,1,1,139,1,Basic,Basic,Low-skilled,Clerical/service,133.1,1,0,0,1,1,0,18,0,0,5,8,4,12.5,0,0,5,7,3,14.666666666666700,1,7.6,2.6,0.32,Not on time
1,43,1,9003,1,1,150,1,Higher,Higher,Clerical/service,High-skilled,150,0,0,0,1,1,0,35,0,16,18,22,18,11.666666666666700,0,12,13,13,12,11.5,1,15.5,2.8,-4.06,Graduate
1,17,2,9991,0,1,116,1,Basic,Basic,Low-skilled,Clerical/service,118.5,0,0,0,1,1,0,23,0,0,5,6,4,13,0,0,5,5,5,13,0,7.6,2.6,0.32,Graduate
1,17,1,9500,1,1,130,1,Higher,Higher,High-skilled,High-skilled,131.1,0,0,0,1,1,0,19,0,0,7,8,7,12.12142857142860,0,0,9,12,8,11.50625,0,12.4,0.5,1.79,Graduate
1,53,1,9085,1,42,150,1,Secondary,Basic,High-skilled,Manual skilled,150.3,1,0,0,1,1,1,21,0,7,11,15,9,14.22222222222220,0,4,9,15,7,13.75,0,8.9,1.4,3.51,Graduate
1,43,1,9670,1,1,132,1,Higher,Basic,Clerical/service,Manual skilled,120.5,0,0,0,1,1,0,19,0,0,6,17,4,12.5,0,0,6,8,4,13.25,0,13.9,-0.3,0.79,Not on time
1,18,1,9119,1,1,108,1,Secondary,Secondary,Clerical/service,High-skilled,105.6,1,0,0,1,1,0,20,0,0,5,7,5,12.166666666666700,0,0,5,7,5,15.285714285714300,0,12.4,0.5,1.79,Graduate
1,39,1,9670,1,1,133.1,1,Basic,Basic,High-skilled,High-skilled,125.3,0,1,0,1,1,1,30,0,0,6,0,0,0,0,0,6,0,0,0,0,12.4,0.5,1.79,Not on time
4,39,1,9254,1,1,120,1,Basic,Basic,Low-skilled,Low-skilled,131,1,0,0,1,1,0,44,0,0,6,6,6,12.666666666666700,0,0,6,6,6,11.5,0,12.4,0.5,1.79,Graduate
1,18,1,9500,1,1,146,1,Basic,Higher,Clerical/service,Low-skilled,127,0,0,0,1,1,0,19,0,0,8,8,7,13.614285714285700,0,0,8,8,7,13.614285714285700,0,12.7,3.7,-1.7,Graduate
1,44,1,9130,1,39,150,1,Higher,Secondary,High-skilled,Manual skilled,150,1,0,0,1,1,0,22,0,11,18,32,12,12.857142857142900,1,8,12,15,10,14.3,0,16.2,0.3,-0.92,Graduate
1,1,1,9130,1,1,160,1,Higher,Higher,High-skilled,High-skilled,149.2,0,0,0,1,1,0,18,0,0,5,7,4,14,0,0,5,5,5,14.2,0,7.6,2.6,0.32,Graduate
1,17,1,9670,1,1,125,1,Basic,Basic,Low-skilled,Low-skilled,121.5,1,0,0,1,1,1,21,0,0,6,8,4,14.75,0,0,6,6,5,11.8,0,12.7,3.7,-1.7,Graduate
1,1,2,9085,1,1,125,1,Basic,Basic,Other/unknown,Other/unknown,137.3,0,0,0,1,1,0,18,0,0,6,0,0,0,0,0,6,0,0,0,0,7.6,2.6,0.32,Not on time
1,17,4,9670,1,1,122,1,Higher,Secondary,High-skilled,High-skilled,119.6,1,0,0,1,1,0,18,0,0,6,8,6,13.625,0,0,6,7,6,14.285714285714300,0,11.1,0.6,2.02,Graduate
1,1,1,171,1,1,138,1,Secondary,Secondary,Clerical/service,High-skilled,141.5,0,0,0,1,1,0,19,0,0,0,0,0,0,0,0,0,0,0,0,0,7.6,2.6,0.32,Graduate
1,44,1,9003,1,39,150,1,Secondary,Basic,Manual skilled,Manual skilled,150,1,0,0,1,1,0,21,0,0,6,12,4,11.8,0,0,6,11,4,11.875,0,16.2,0.3,-0.92,Not on time
1,39,1,9003,1,1,140,1,Higher,Higher,High-skilled,High-skilled,110,0,0,0,1,1,0,31,0,0,6,8,6,15.125,0,0,6,10,6,14.6,0,16.2,0.3,-0.92,Graduate
1,17,5,9254,1,1,113,1,Secondary,Secondary,High-skilled,High-skilled,110.2,1,0,0,1,1,0,21,0,0,6,10,4,11.5,0,0,6,10,2,10.5,0,9.4,-0.8,-3.12,Not on time
1,39,1,9119,1,1,139,1,Basic,Basic,Low-skilled,Manual skilled,110.3,0,0,1,1,1,0,24,0,0,5,12,1,10,0,0,5,11,1,11,0,8.9,1.4,3.51,Not on time
1,42,1,9773,1,1,133.1,1,Basic,Secondary,Clerical/service,High-skilled,120,0,0,0,1,1,0,27,0,0,4,8,0,0,0,0,5,10,0,0,0,9.4,-0.8,-3.12,Not on time
1,1,5,9147,1,1,118,1,Basic,Basic,Low-skilled,Low-skilled,114.2,1,0,0,1,1,0,20,0,0,5,9,3,10.333333333333300,0,0,5,6,5,12.8,0,12.4,0.5,1.79,Graduate
1,44,1,9119,1,39,140,1,Secondary,Basic,Clerical/service,Clerical/service,140,1,0,0,1,1,0,22,0,0,5,9,0,0,0,0,5,6,2,11.666666666666700,0,10.8,1.4,1.74,Not on time
1,1,1,9003,1,1,144,1,Basic,Basic,Low-skilled,Low-skilled,132.8,0,0,0,1,1,1,19,0,0,6,9,4,12,2,0,6,10,4,12.5,0,15.5,2.8,-4.06,Not on time
1,18,1,9773,1,1,125,1,Secondary,Secondary,Clerical/service,Manual skilled,121.5,1,0,0,1,1,0,19,0,0,6,6,6,13.833333333333300,0,0,6,6,6,14.5,0,8.9,1.4,3.51,Graduate
1,1,1,171,1,1,131,1,Secondary,Secondary,Manual skilled,Clerical/service,127.2,1,0,1,1,1,0,23,0,13,17,19,13,12.153846153846200,0,10,17,28,11,11.909090909090900,1,11.1,0.6,2.02,Not on time
1,17,1,9130,1,1,131,1,Secondary,Secondary,High-skilled,Manual skilled,128.2,1,0,0,1,1,0,18,0,0,6,7,6,14,0,0,6,8,6,13.666666666666700,0,12.4,0.5,1.79,Graduate
1,1,1,9773,1,1,140,1,Higher,Higher,Clerical/service,Manual skilled,133.4,1,0,0,0,1,0,29,0,0,6,8,6,16.5,0,0,6,6,5,13.8,0,11.1,0.6,2.02,Not on time
1,39,1,9130,1,1,133.1,1,Secondary,Basic,Clerical/service,Clerical/service,120,1,0,0,1,1,0,29,0,0,5,11,1,18,2,0,5,10,3,13.333333333333300,2,10.8,1.4,1.74,Not on time
1,44,1,9003,1,1,140,1,Secondary,Secondary,Clerical/service,Clerical/service,140,0,0,0,1,1,0,20,0,0,6,11,6,11.285714285714300,0,0,6,12,5,11.77777777777780,0,16.2,0.3,-0.92,Not on time
1,1,5,171,1,1,139,1,Basic,Higher,Low-skilled,High-skilled,136.9,1,0,0,1,1,1,19,0,0,0,0,0,0,0,0,0,0,0,0,0,9.4,-0.8,-3.12,Graduate
1,17,3,171,1,1,125,1,Higher,Secondary,High-skilled,Clerical/service,117,1,1,0,1,1,0,22,0,0,0,0,0,0,0,0,0,0,0,0,0,10.8,1.4,1.74,Not on time
1,1,2,9670,1,1,117,1,Higher,Secondary,High-skilled,Clerical/service,110.7,1,0,0,1,1,0,20,0,0,6,10,5,14,0,0,6,10,6,12,0,11.1,0.6,2.02,Not on time
1,39,1,9130,1,1,150,1,Basic,Basic,Low-skilled,Clerical/service,160,1,0,0,1,1,0,24,0,0,5,13,4,13.75,1,0,5,9,3,12,0,9.4,-0.8,-3.12,Not on time
1,1,1,9670,1,1,95,1,Basic,Basic,Clerical/service,Manual skilled,95,0,0,0,0,1,0,21,0,0,6,9,4,13.25,0,0,6,6,5,11,0,12.7,3.7,-1.7,Not on time
1,39,1,9147,1,1,150,1,Basic,Secondary,Manual skilled,High-skilled,148.8,0,0,0,1,1,1,25,0,0,5,7,4,14.25,0,0,5,7,4,14.75,0,12.7,3.7,-1.7,Graduate
1,39,1,9147,1,1,120,1,Basic,Basic,Low-skilled,Low-skilled,110,0,0,0,0,1,0,32,0,0,5,9,0,0,1,0,5,5,0,0,0,9.4,-0.8,-3.12,Not on time
1,43,1,9991,0,1,136,1,Higher,Higher,High-skilled,High-skilled,133.9,0,0,0,0,1,0,26,0,8,12,12,8,11.25,0,3,8,8,3,11.333333333333300,0,7.6,2.6,0.32,Not on time
1,1,1,9130,1,1,133,1,Higher,Basic,Low-skilled,Manual skilled,125.7,1,0,0,1,1,1,18,0,0,6,7,6,13.5,0,0,6,8,6,12.5,0,12.4,0.5,1.79,Graduate
1,17,1,9254,1,1,125,1,Secondary,Basic,Clerical/service,Manual skilled,116.6,0,0,0,1,1,1,19,0,0,6,8,5,12.666666666666700,0,0,6,10,6,12.857142857142900,0,16.2,0.3,-0.92,Graduate
1,1,3,9070,1,1,127,1,Basic,Basic,Clerical/service,Manual skilled,141,1,0,0,1,1,1,19,0,0,6,6,6,15.166666666666700,0,0,6,6,6,12.333333333333300,0,12.4,0.5,1.79,Graduate
1,7,1,9119,1,40,130,1,Secondary,Secondary,Clerical/service,Clerical/service,130,0,0,0,1,1,0,27,0,4,6,6,6,13.166666666666700,0,2,5,7,5,15.142857142857100,0,11.1,0.6,2.02,Not on time
1,53,1,9003,1,1,130,1,Basic,Secondary,Low-skilled,Low-skilled,130,0,0,1,1,1,0,21,0,7,12,20,10,11.8,0,5,12,15,9,11.444444444444400,0,8.9,1.4,3.51,Not on time
1,17,1,9119,1,1,127,1,Basic,Secondary,Clerical/service,Clerical/service,115.8,0,0,0,1,1,0,20,0,0,5,10,4,11.5,0,0,5,11,0,0,0,13.9,-0.3,0.79,Not on time
1,44,1,9070,1,39,140,1,Basic,Basic,Clerical/service,Other/unknown,140,1,0,0,1,1,0,21,0,0,6,6,6,14.5,0,0,6,8,6,11.333333333333300,0,12.4,0.5,1.79,Graduate
1,1,5,9773,1,1,125,1,Basic,Higher,Clerical/service,High-skilled,126.1,1,0,0,1,1,0,22,0,0,6,10,5,13.4,0,0,6,12,3,10.666666666666700,0,9.4,-0.8,-3.12,Not on time
1,1,1,171,1,1,135,1,Secondary,Basic,Clerical/service,Manual skilled,137.5,1,0,1,0,1,0,19,0,0,0,0,0,0,0,0,0,0,0,0,0,12.7,3.7,-1.7,Graduate
1,17,4,9147,1,1,132,1,Basic,Basic,Clerical/service,Clerical/service,120.8,1,0,0,1,1,1,18,0,0,5,8,4,10.8,0,0,5,10,2,12.5,0,11.1,0.6,2.02,Not on time
1,39,2,9238,1,1,110,1,Basic,Secondary,Clerical/service,Clerical/service,136.5,0,0,0,1,1,0,28,0,0,5,6,0,0,0,0,5,5,0,0,0,13.9,-0.3,0.79,Not on time
2,39,1,9003,1,1,130,1,Secondary,Basic,Low-skilled,High-skilled,122,0,0,1,0,1,0,25,0,3,10,23,6,11.428571428571400,0,2,7,15,4,12,1,15.5,2.8,-4.06,Not on time
1,43,1,9003,1,1,130,1,Basic,Secondary,Clerical/service,Clerical/service,130,0,0,0,1,1,0,25,0,8,14,24,8,12.5,2,6,13,23,10,11.6,0,15.5,2.8,-4.06,Not on time
1,1,1,9147,1,1,135,1,Basic,Basic,Low-skilled,Clerical/service,126.3,0,0,0,1,1,0,18,0,0,5,11,2,13.5,0,0,5,11,3,12.333333333333300,0,8.9,1.4,3.51,Not on time
1,1,1,9254,1,1,133.1,1,Higher,Basic,Clerical/service,Clerical/service,98,0,0,0,1,1,0,26,0,0,6,6,0,0,0,0,6,12,0,0,0,10.8,1.4,1.74,Not on time
1,17,3,9147,1,1,135,1,Basic,Basic,Manual skilled,Clerical/service,121,1,0,0,1,1,1,18,0,0,5,8,5,12.75,0,0,5,7,5,11.5,0,13.9,-0.3,0.79,Graduate
1,43,1,9773,1,1,128,1,Basic,Basic,Low-skilled,Manual skilled,124.2,1,0,0,1,1,0,22,0,0,6,17,3,11.333333333333300,3,0,6,14,3,12.333333333333300,0,15.5,2.8,-4.06,Not on time
1,39,1,9003,1,1,140,1,Secondary,Higher,Clerical/service,Clerical/service,130,0,0,0,1,1,0,25,0,0,6,8,0,0,0,0,6,10,0,0,0,16.2,0.3,-0.92,Not on time
1,1,2,9773,1,1,135,1,Higher,Secondary,Clerical/service,Clerical/service,136.1,1,0,0,1,1,0,19,0,0,6,9,5,11.4,0,0,6,13,5,12.4,0,8.9,1.4,3.51,Not on time
1,17,2,9773,1,1,131,1,Higher,Basic,High-skilled,High-skilled,132.8,1,0,0,1,1,0,19,0,0,6,7,6,14.428571428571400,0,0,6,7,6,14.571428571428600,0,13.9,-0.3,0.79,Graduate
1,17,1,9500,1,1,131,1,Secondary,Secondary,Clerical/service,Clerical/service,126.3,0,0,0,1,1,0,19,0,0,7,9,7,12.492857142857100,0,0,8,10,8,11.7125,0,16.2,0.3,-0.92,Graduate
4,39,1,8014,0,19,100,1,Secondary,Basic,Low-skilled,High-skilled,111.5,0,0,0,1,1,0,45,0,2,8,10,4,11.5,0,2,8,13,4,11,0,10.8,1.4,1.74,Not on time
2,39,1,9991,0,1,140,1,Basic,Basic,Low-skilled,Low-skilled,118.2,0,0,0,1,1,0,52,0,0,5,7,5,11.2,0,0,5,6,5,12.8,1,7.6,2.6,0.32,Graduate
1,1,1,9147,1,1,124,1,Basic,Basic,Low-skilled,High-skilled,115.6,1,0,0,0,1,0,20,0,0,5,9,3,12,1,0,5,7,3,11,0,9.4,-0.8,-3.12,Not on time
1,1,1,9500,1,1,130,1,Basic,Basic,Clerical/service,Other/unknown,117.8,1,0,0,1,1,0,19,0,0,8,8,7,15.885714285714300,0,0,8,8,7,15.885714285714300,0,10.8,1.4,1.74,Graduate
1,1,1,9500,1,1,142,1,Secondary,Basic,Low-skilled,Low-skilled,127,0,0,1,0,1,0,21,0,0,7,12,4,12.94,0,0,7,12,4,11.58,0,12.4,0.5,1.79,Not on time
2,39,1,8014,0,1,150,1,Basic,Basic,Low-skilled,Low-skilled,140,0,0,0,0,1,0,35,0,0,6,6,6,14,0,0,6,6,6,14.166666666666700,0,9.4,-0.8,-3.12,Graduate
2,39,1,171,1,12,110,1,Basic,Basic,Manual skilled,Manual skilled,106,1,0,0,1,1,0,36,0,0,0,0,0,0,0,0,0,0,0,0,0,7.6,2.6,0.32,Graduate
4,39,1,9500,1,19,110,1,Basic,Basic,Clerical/service,Clerical/service,151,0,0,1,0,1,0,47,0,0,7,7,0,0,7,0,8,8,0,0,8,15.5,2.8,-4.06,Not on time
1,18,1,9991,0,1,112,1,Higher,Higher,High-skilled,High-skilled,106.4,0,0,0,1,1,0,22,0,0,5,0,0,0,0,0,5,0,0,0,0,8.9,1.4,3.51,Not on time
2,39,1,9991,0,1,100,1,Basic,Basic,Low-skilled,Low-skilled,125.3,1,0,0,1,1,0,41,0,0,5,8,4,11.25,0,0,5,8,3,11,1,7.6,2.6,0.32,Not on time
1,7,1,9119,1,3,130,1,Unknown,Unknown,Other/unknown,Other/unknown,130,0,0,0,1,1,0,26,0,0,5,5,0,0,0,0,5,6,0,0,0,10.8,1.4,1.74,Not on time
2,39,1,8014,0,1,133.1,1,Unknown,Unknown,Other/unknown,Other/unknown,116,0,0,0,0,0,0,51,0,0,6,13,4,11.25,0,0,6,12,0,0,1,10.8,1.4,1.74,Not on time
2,39,2,9991,0,1,150,1,Basic,Basic,Low-skilled,Low-skilled,120,0,0,0,1,0,0,43,0,0,5,11,3,10.666666666666700,0,1,5,10,4,12.5,0,9.4,-0.8,-3.12,Not on time
2,39,2,8014,0,1,100,1,Unknown,Unknown,Other/unknown,Other/unknown,100,1,0,0,1,0,0,41,0,0,6,9,5,11.8,0,1,6,10,3,10.666666666666700,1,7.6,2.6,0.32,Graduate
1,43,2,9147,1,1,130,1,Unknown,Basic,Low-skilled,Low-skilled,118.5,1,0,0,1,1,0,23,0,5,10,19,8,11.625,1,4,10,16,10,11.181818181818200,3,7.6,2.6,0.32,Graduate
1,43,2,9238,1,1,129,1,Unknown,Basic,Other/unknown,Clerical/service,118.9,1,0,0,1,1,0,22,0,0,6,11,0,0,0,0,5,10,0,0,0,9.4,-0.8,-3.12,Not on time
1,17,2,9070,1,1,127,1,Basic,Basic,Low-skilled,Low-skilled,119.3,1,1,0,1,1,1,25,0,0,6,8,4,10.25,0,0,6,6,4,11.25,0,12.7,3.7,-1.7,Not on time
1,43,1,9991,0,1,140,1,Basic,Basic,Low-skilled,Low-skilled,135.8,1,0,0,1,1,0,25,0,14,15,16,15,10.8,0,13,14,14,14,11.357142857142900,0,9.4,-0.8,-3.12,Graduate
1,53,1,171,1,42,130,1,Secondary,Basic,Low-skilled,Low-skilled,130,1,0,0,0,1,1,22,0,5,12,15,11,12.545454545454500,0,4,11,16,11,12.666666666666700,0,8.9,1.4,3.51,Graduate
1,39,1,9003,1,1,133.1,6,Secondary,Secondary,Low-skilled,Clerical/service,129.8,0,0,0,1,1,0,24,1,0,7,7,7,13.571428571428600,0,0,6,9,5,13.4,0,8.9,1.4,3.51,Not on time
1,39,1,9085,1,2,140,1,Basic,Basic,Low-skilled,Other/unknown,150,0,0,0,1,1,0,47,0,0,6,0,0,0,0,0,6,0,0,0,0,16.2,0.3,-0.92,Not on time
2,39,1,9991,0,19,133.1,1,Basic,Basic,Clerical/service,Clerical/service,111.9,1,0,0,1,1,0,41,0,0,5,5,0,0,0,0,5,5,0,0,0,7.6,2.6,0.32,Not on time
1,39,1,9003,1,1,120,1,Basic,Basic,Low-skilled,Low-skilled,150.1,1,0,0,1,1,0,43,0,0,6,9,6,14.77777777777780,0,0,6,11,5,12.2,0,13.9,-0.3,0.79,Graduate
1,39,1,9003,1,1,133.1,1,Secondary,Basic,Low-skilled,Manual skilled,130,0,0,0,1,1,0,29,0,0,3,4,0,0,0,0,4,8,0,0,0,16.2,0.3,-0.92,Not on time
1,39,2,9119,1,1,120,1,Basic,Basic,Clerical/service,Clerical/service,128,0,0,0,1,1,0,30,0,0,2,2,0,0,0,0,2,2,0,0,0,7.6,2.6,0.32,Not on time
1,39,2,9147,1,38,133.1,1,Basic,Basic,Low-skilled,Low-skilled,102.5,0,0,0,0,1,0,26,0,0,4,4,0,0,0,0,5,0,0,0,0,12.7,3.7,-1.7,Not on time
1,39,2,9991,0,1,133.1,1,Basic,Basic,Low-skilled,Low-skilled,102.5,0,0,0,0,1,0,27,0,0,5,10,0,0,0,0,5,5,0,0,0,15.5,2.8,-4.06,Not on time
2,39,2,9670,1,1,100,1,Basic,Basic,Low-skilled,Low-skilled,110,0,0,0,1,1,1,36,0,0,5,5,5,11.4,0,0,5,7,5,11.6,0,9.4,-0.8,-3.12,Graduate
1,39,1,9003,1,19,133.1,1,Secondary,Basic,Clerical/service,Other/unknown,114,0,0,0,1,1,0,29,0,3,9,13,6,11.666666666666700,0,2,7,10,6,10.857142857142900,0,15.5,2.8,-4.06,Not on time
1,42,1,9119,1,1,120,1,Unknown,Unknown,Other/unknown,Other/unknown,128.2,1,0,0,1,1,0,35,0,6,10,12,7,11.285714285714300,0,2,8,8,5,13,0,9.4,-0.8,-3.12,Not on time
1,1,1,9773,1,1,128,1,Basic,Basic,Manual skilled,High-skilled,116.5,0,0,0,1,1,1,18,0,0,6,12,4,11.5,0,0,6,10,5,12.6,0,10.8,1.4,1.74,Graduate
1,1,1,9991,0,1,172,1,Basic,Basic,Low-skilled,Low-skilled,149.3,0,0,0,1,1,1,24,0,0,5,5,5,16,0,0,5,5,5,16,0,8.9,1.4,3.51,Graduate
1,1,3,9773,1,1,146,1,Basic,Basic,Low-skilled,Manual skilled,134.1,1,0,0,1,1,1,18,0,0,6,6,6,12.5,0,0,6,7,6,12.666666666666700,0,10.8,1.4,1.74,Not on time
1,17,4,9119,1,1,135,1,Basic,Basic,Clerical/service,Manual skilled,126.6,1,0,0,1,1,0,18,0,0,5,7,4,12,0,0,5,10,3,13,3,7.6,2.6,0.32,Not on time
2,43,1,9085,1,1,160,1,Basic,Basic,Low-skilled,Manual skilled,120,0,0,0,1,1,0,21,0,0,5,11,0,0,2,0,5,11,3,11.666666666666700,1,9.4,-0.8,-3.12,Not on time
1,42,1,9119,1,1,150,1,Basic,Basic,Clerical/service,Manual skilled,133.5,1,0,0,1,1,0,21,0,0,5,10,5,13,0,0,5,10,5,12.6,0,9.4,-0.8,-3.12,Graduate
1,39,1,9003,1,1,130,1,Secondary,Higher,High-skilled,Manual skilled,110,0,0,0,1,1,0,32,0,8,18,27,13,13.714285714285700,1,7,12,18,12,12.083333333333300,0,15.5,2.8,-4.06,Graduate
1,1,4,9119,1,1,111,1,Basic,Basic,Low-skilled,Clerical/service,107.5,1,0,0,1,1,1,22,0,0,5,9,3,12.333333333333300,0,0,6,14,3,12.5,0,11.1,0.6,2.02,Not on time
1,7,1,9003,1,3,130,1,Secondary,Basic,Low-skilled,Manual skilled,130,1,0,0,0,1,0,32,0,11,17,31,11,12.727272727272700,4,10,12,24,10,12.7,1,15.5,2.8,-4.06,Not on time
1,43,1,9670,1,6,170,1,Unknown,Unknown,Other/unknown,Other/unknown,111.6,0,0,0,1,1,0,35,0,1,5,5,1,14,0,0,5,5,0,0,0,9.4,-0.8,-3.12,Not on time
1,18,3,9147,1,1,133.1,1,Secondary,Basic,Clerical/service,Manual skilled,101,1,0,0,0,1,0,23,0,0,5,0,0,0,0,0,5,0,0,0,0,8.9,1.4,3.51,Not on time
1,39,1,8014,0,1,100,1,Basic,Basic,Manual skilled,Manual skilled,108.3,0,0,0,1,1,0,39,0,0,6,8,5,11.4,0,1,6,12,3,11,1,7.6,2.6,0.32,Not on time
2,43,1,9670,1,1,120,1,Unknown,Unknown,Other/unknown,Other/unknown,128.2,0,0,0,1,1,0,35,0,0,5,5,0,0,0,0,5,5,1,10,0,9.4,-0.8,-3.12,Not on time
2,39,1,9003,1,3,110,1,Higher,Basic,Clerical/service,Manual skilled,150,0,0,0,1,1,0,32,0,0,6,8,6,18.875,0,6,12,14,12,17.692307692307700,0,16.2,0.3,-0.92,Graduate
1,1,1,9853,1,1,133.1,1,Unknown,Unknown,Other/unknown,Other/unknown,142.8,0,0,0,1,1,0,20,0,0,6,12,0,0,0,0,6,12,0,0,0,7.6,2.6,0.32,Not on time
1,39,1,9500,1,1,120,1,Basic,Basic,Low-skilled,Low-skilled,100,0,0,0,1,1,0,34,0,0,7,15,6,11.333333333333300,0,0,7,16,4,12.6,0,16.2,0.3,-0.92,Not on time
1,7,1,9991,0,40,150,1,Basic,Basic,Manual skilled,Manual skilled,150,1,0,0,1,1,0,44,0,3,7,9,7,13.5,0,0,5,6,5,16.2,0,8.9,1.4,3.51,Not on time
2,39,1,9254,1,19,133.1,1,Basic,Basic,Low-skilled,Other/unknown,156.5,0,0,0,1,1,0,53,0,7,11,12,2,15,7,4,9,10,3,10,4,16.2,0.3,-0.92,Graduate
1,39,1,9119,1,19,120,1,Basic,Basic,Low-skilled,Clerical/service,98.6,0,0,1,0,1,0,28,0,0,5,10,0,0,0,0,5,7,0,0,0,12.4,0.5,1.79,Not on time
1,7,1,9991,0,3,130,1,Basic,Basic,Low-skilled,Low-skilled,130,0,0,0,1,1,0,31,0,9,9,9,9,14.22222222222220,0,5,5,5,5,12.8,0,12.7,3.7,-1.7,Not on time
1,1,1,171,1,1,130,1,Secondary,Basic,Clerical/service,Low-skilled,118.1,0,0,1,0,1,0,18,0,0,0,0,0,0,0,0,0,0,0,0,0,9.4,-0.8,-3.12,Not on time
1,39,1,9003,1,1,100,1,Secondary,Higher,Low-skilled,Other/unknown,120,0,0,1,0,1,0,44,0,2,7,14,4,12,2,0,6,16,0,0,1,15.5,2.8,-4.06,Not on time
1,1,1,9085,1,1,142,1,Secondary,Secondary,Low-skilled,Low-skilled,127.7,1,0,0,1,1,0,19,0,0,5,9,5,12.6,1,0,5,8,4,12,0,12.7,3.7,-1.7,Graduate
1,15,1,171,1,1,130,26,Secondary,Secondary,High-skilled,Low-skilled,130,0,0,0,1,1,0,21,1,6,12,12,12,15.083333333333300,0,4,11,15,11,13.083333333333300,0,8.9,1.4,3.51,Not on time
1,18,1,9119,1,1,148,1,Higher,Basic,High-skilled,Clerical/service,147.7,0,0,0,1,1,1,18,0,0,5,5,0,0,0,0,5,5,0,0,0,9.4,-0.8,-3.12,Not on time
1,44,1,9003,1,39,170,1,Basic,Basic,Clerical/service,Clerical/service,170,1,0,0,1,1,0,20,0,0,6,8,6,14.5,0,0,6,10,6,15.3,0,16.2,0.3,-0.92,Graduate
1,39,1,9070,1,1,110,1,Basic,Basic,Manual skilled,Manual skilled,110.2,0,0,0,1,1,0,55,0,0,6,6,6,14.5,0,0,6,6,6,13.5,0,11.1,0.6,2.02,Graduate
1,1,1,9147,1,1,166,1,Basic,Basic,Clerical/service,Manual skilled,146.4,0,0,0,1,1,0,27,0,0,5,12,3,10,0,0,5,12,1,13,0,7.6,2.6,0.32,Not on time
1,17,2,9119,1,1,135,1,Secondary,Basic,Clerical/service,Clerical/service,121,0,0,0,1,1,0,19,0,0,5,0,0,0,0,0,5,0,0,0,0,12.4,0.5,1.79,Not on time
1,1,1,9147,1,1,133,1,Basic,Basic,Low-skilled,Low-skilled,129.9,0,0,0,1,1,0,18,0,0,5,5,5,11.6,0,0,5,5,5,13.2,0,12.4,0.5,1.79,Graduate
2,39,1,9773,1,1,133.1,1,Basic,Basic,Manual skilled,Clerical/service,132,0,0,0,1,1,0,43,0,0,6,10,4,11.75,0,0,6,7,0,0,0,15.5,2.8,-4.06,Not on time
1,18,3,9254,1,1,121,1,Basic,Basic,Low-skilled,Manual skilled,125.9,1,0,0,1,1,0,18,0,0,6,0,0,0,0,0,6,0,0,0,0,13.9,-0.3,0.79,Not on time
1,1,1,171,1,1,159,1,Higher,Higher,High-skilled,High-skilled,165.7,1,0,0,1,1,0,18,0,0,0,0,0,0,0,0,0,0,0,0,0,9.4,-0.8,-3.12,Not on time
1,17,5,9254,1,1,130,1,Basic,Basic,Low-skilled,Low-skilled,122.7,1,0,1,1,1,1,20,0,0,6,7,0,0,0,0,6,6,0,0,0,8.9,1.4,3.51,Not on time
2,39,1,9991,0,1,121,1,Basic,Basic,Low-skilled,Low-skilled,141.4,0,0,1,0,1,0,29,0,0,5,7,4,11.25,0,0,5,8,4,11.8,0,10.8,1.4,1.74,Not on time
1,39,1,9130,1,19,133.1,1,Basic,Basic,Low-skilled,Other/unknown,156.4,1,0,1,1,1,0,44,0,0,6,9,5,11.571428571428600,0,0,6,11,0,0,0,13.9,-0.3,0.79,Not on time
1,1,1,9119,1,1,146,1,Basic,Basic,Low-skilled,Low-skilled,148.5,1,0,0,1,1,0,18,0,0,5,7,4,10,0,0,5,8,1,16,0,10.8,1.4,1.74,Not on time
1,44,1,9003,1,39,140,1,Basic,Basic,Low-skilled,High-skilled,140,0,0,0,1,1,1,20,0,0,6,11,5,13.833333333333300,0,0,6,13,6,12.3,0,15.5,2.8,-4.06,Not on time
1,43,1,9070,1,1,125,1,Basic,Basic,Manual skilled,Manual skilled,131.7,1,0,0,1,1,0,20,0,3,6,6,4,12.75,0,3,9,12,3,12.666666666666700,0,12.4,0.5,1.79,Not on time
2,39,2,9147,1,1,120,1,Basic,Basic,Low-skilled,Low-skilled,104.7,1,0,0,1,1,0,36,0,0,4,4,0,0,0,0,5,9,0,0,0,10.8,1.4,1.74,Not on time
1,44,1,9130,1,39,150,1,Higher,Secondary,High-skilled,Clerical/service,150,1,0,0,1,1,0,19,0,1,6,13,5,11.6,0,1,6,12,2,11,0,13.9,-0.3,0.79,Not on time
2,39,1,9085,1,19,110,1,Basic,Basic,Other/unknown,Other/unknown,110,0,0,0,0,1,0,29,0,0,5,5,0,0,0,0,5,5,0,0,0,12.7,3.7,-1.7,Not on time
1,1,1,9670,1,1,120,1,Secondary,Secondary,Low-skilled,Low-skilled,129.1,1,0,0,1,1,0,18,0,0,6,6,4,11.25,0,0,6,10,3,10.333333333333300,0,10.8,1.4,1.74,Not on time
1,39,1,9003,1,1,133.1,1,Secondary,Secondary,High-skilled,Manual skilled,120,0,0,0,0,1,0,24,0,0,6,0,0,0,0,0,6,0,0,0,0,13.9,-0.3,0.79,Not on time
1,1,1,9773,1,1,133.1,1,Higher,Basic,High-skilled,Clerical/service,127,0,0,0,1,1,0,20,0,0,6,6,6,14.333333333333300,0,0,6,7,6,15,0,15.5,2.8,-4.06,Graduate
2,39,1,8014,0,19,133.1,1,Basic,Basic,Low-skilled,Low-skilled,151.5,0,0,1,0,1,0,45,0,0,6,7,0,0,0,0,5,5,0,0,0,16.2,0.3,-0.92,Not on time
1,43,2,9500,1,1,130,1,Basic,Basic,Clerical/service,Clerical/service,126.8,1,0,0,1,1,1,28,0,18,23,23,20,13.5,3,18,23,23,20,13.5,3,7.6,2.6,0.32,Graduate
1,1,1,9254,1,1,160,1,Basic,Basic,Low-skilled,Low-skilled,140.8,1,0,0,1,1,0,23,0,0,6,8,6,12.666666666666700,0,0,6,10,5,12.2,0,7.6,2.6,0.32,Not on time
1,1,1,9500,1,1,128,1,Secondary,Basic,Clerical/service,Manual skilled,125.6,1,0,0,1,1,0,18,0,0,7,7,7,12.444285714285700,0,0,8,11,7,11.347142857142900,0,12.4,0.5,1.79,Graduate
1,1,2,9147,1,1,140,1,Basic,Basic,Low-skilled,Clerical/service,127.8,1,0,0,1,1,0,23,0,0,5,7,3,10.666666666666700,1,0,5,7,3,11.333333333333300,0,9.4,-0.8,-3.12,Not on time
1,43,1,171,1,1,120,1,Higher,Higher,High-skilled,High-skilled,120,1,0,0,1,1,0,22,0,0,0,0,0,0,0,0,0,0,0,0,0,7.6,2.6,0.32,Not on time
1,1,1,9070,1,1,140,1,Basic,Basic,Clerical/service,Clerical/service,131.3,0,0,0,1,1,1,22,0,1,6,6,6,12.666666666666700,0,1,6,6,5,12.4,0,12.4,0.5,1.79,Graduate
1,39,1,9991,0,12,120,1,Basic,Basic,Clerical/service,Clerical/service,155.7,0,0,0,1,1,0,33,0,0,5,5,5,13.2,0,0,5,6,5,14.833333333333300,0,10.8,1.4,1.74,Graduate
1,53,1,9003,1,42,130,1,Secondary,Basic,Low-skilled,Manual skilled,128.5,0,0,0,1,1,0,21,0,7,12,20,10,12.7,0,5,12,14,11,12.181818181818200,0,8.9,1.4,3.51,Graduate
2,39,1,9147,1,1,100,1,Basic,Basic,Low-skilled,Clerical/service,170,0,0,0,1,1,0,45,0,0,5,6,5,14.833333333333300,0,0,5,5,5,14.8,0,15.5,2.8,-4.06,Graduate
2,39,1,9003,1,1,133.1,1,Basic,Basic,Low-skilled,Low-skilled,100,0,0,0,0,1,0,44,0,4,10,10,4,11.5,0,1,7,8,1,12,0,15.5,2.8,-4.06,Not on time
4,39,1,9670,1,1,110,1,Basic,Basic,Other/unknown,Other/unknown,107.2,0,0,0,1,1,0,42,0,0,6,0,0,0,0,0,6,0,0,0,0,12.7,3.7,-1.7,Not on time
1,18,1,9147,1,1,147,1,Basic,Secondary,Low-skilled,Manual skilled,139.3,1,0,0,1,1,0,20,0,0,5,0,0,0,0,0,5,0,0,0,0,12.4,0.5,1.79,Not on time
1,17,6,9147,1,1,133,1,Basic,Basic,Clerical/service,Manual skilled,123.2,1,0,0,1,1,0,20,0,0,5,7,3,12.666666666666700,1,0,5,12,2,12.5,0,9.4,-0.8,-3.12,Not on time
1,1,2,9254,1,1,137,1,Secondary,Basic,High-skilled,Manual skilled,122.3,1,0,0,1,1,1,20,0,0,6,7,6,14.714285714285700,0,0,6,6,6,12.5,0,8.9,1.4,3.51,Graduate
1,17,2,9773,1,1,124,1,Secondary,Secondary,Clerical/service,Clerical/service,127.9,1,0,0,1,1,0,20,0,0,6,11,3,13.666666666666700,0,0,6,13,4,10.25,0,9.4,-0.8,-3.12,Not on time
1,1,2,9147,1,1,128,1,Secondary,Secondary,Low-skilled,Manual skilled,120.3,0,0,0,1,1,0,19,0,0,5,9,5,10.8,0,0,5,13,2,13.5,0,8.9,1.4,3.51,Not on time
1,51,1,8014,0,1,120,1,Secondary,Secondary,Clerical/service,Clerical/service,128.5,0,0,1,0,1,0,26,0,2,8,13,4,10.5,0,5,10,16,7,10.428571428571400,0,12.4,0.5,1.79,Not on time
2,39,1,9003,1,1,133.1,1,Basic,Basic,Manual skilled,Manual skilled,150,0,0,0,1,1,0,31,0,0,6,10,6,15,0,0,6,11,5,12.5,0,13.9,-0.3,0.79,Graduate
1,1,1,9773,1,1,142,1,Secondary,Basic,Low-skilled,Low-skilled,136.1,0,0,1,1,1,1,19,0,0,6,6,6,12.666666666666700,0,0,6,6,6,14,0,16.2,0.3,-0.92,Graduate
1,39,1,9773,1,19,100,1,Basic,Basic,Other/unknown,Other/unknown,128,1,0,0,1,1,0,28,0,0,6,7,6,13.166666666666700,0,0,6,6,6,13.666666666666700,0,7.6,2.6,0.32,Graduate
1,1,1,171,1,1,149,1,Basic,Basic,Low-skilled,Low-skilled,158.1,1,0,0,1,1,1,20,0,0,0,0,0,0,0,0,0,0,0,0,0,10.8,1.4,1.74,Graduate
2,1,2,8014,0,1,110,1,Basic,Secondary,Low-skilled,Other/unknown,108.7,1,0,0,1,0,0,43,0,0,6,6,6,13,0,0,6,6,6,12.5,0,9.4,-0.8,-3.12,Graduate
1,39,1,171,1,19,133.1,101,Secondary,Basic,High-skilled,Manual skilled,110,0,0,0,1,1,1,25,1,0,0,0,0,0,0,0,0,0,0,0,0,15.5,2.8,-4.06,Not on time
1,39,1,9238,1,19,133.1,1,Basic,Basic,Low-skilled,Low-skilled,120,0,1,1,1,0,0,40,0,0,6,13,2,10,0,0,6,10,1,15,0,16.2,0.3,-0.92,Not on time
1,44,1,9085,1,39,150,6,Higher,Higher,High-skilled,High-skilled,150,0,0,0,1,0,0,20,1,2,6,7,6,13.333333333333300,0,1,6,16,5,13.375,0,12.4,0.5,1.79,Graduate
2,39,1,8014,0,12,133.1,1,Basic,Basic,Low-skilled,High-skilled,113,0,0,0,1,0,0,46,0,0,6,13,3,12.333333333333300,0,0,6,6,6,13.333333333333300,0,11.1,0.6,2.02,Graduate
1,51,1,33,1,1,121,1,Basic,Basic,Clerical/service,Manual skilled,118.6,0,0,0,1,0,0,26,0,14,21,23,20,13.181818181818200,0,10,14,18,14,11.642857142857100,0,8.9,1.4,3.51,Graduate
2,39,1,9500,1,1,133.1,1,Higher,Secondary,Clerical/service,Clerical/service,148.8,0,0,0,1,0,1,34,0,0,7,7,6,12.513333333333300,0,0,8,9,7,13.071428571428600,0,12.4,0.5,1.79,Graduate
1,18,3,9853,1,1,122,1,Basic,Basic,Low-skilled,Clerical/service,120.3,1,0,0,1,0,0,19,0,0,6,0,0,0,0,0,6,0,0,0,0,10.8,1.4,1.74,Not on time
1,1,6,9500,1,1,143,1,Basic,Basic,Low-skilled,Low-skilled,127,1,0,0,1,0,1,18,0,0,8,8,7,13.585714285714300,0,0,8,8,7,13.585714285714300,0,12.7,3.7,-1.7,Graduate
1,1,1,9556,1,1,123,1,Basic,Basic,Clerical/service,Low-skilled,113.8,1,0,0,1,0,0,18,0,0,7,9,7,11.155555555555600,0,0,8,10,8,11.425,0,12.7,3.7,-1.7,Graduate
1,39,1,8014,0,1,120,1,Basic,Basic,Low-skilled,Manual skilled,108,0,0,0,1,1,1,37,0,1,7,9,6,11.857142857142900,0,1,6,7,5,12,0,13.9,-0.3,0.79,Graduate
1,17,1,171,1,1,114,1,Basic,Basic,Low-skilled,Manual skilled,129.1,0,0,0,1,1,1,23,0,0,0,0,0,0,0,0,0,0,0,0,0,9.4,-0.8,-3.12,Graduate
1,43,1,9070,1,1,114,1,Basic,Basic,Low-skilled,Manual skilled,135.9,0,0,0,1,1,0,26,0,9,14,14,14,14,0,7,13,13,13,13.615384615384600,0,15.5,2.8,-4.06,Graduate
1,10,2,9773,1,1,154.4,22,Basic,Basic,High-skilled,Clerical/service,154.4,1,0,0,0,0,0,18,1,0,6,8,5,12,0,0,6,0,0,0,0,10.8,1.4,1.74,Not on time
1,15,1,9500,1,1,190,108,Higher,Higher,High-skilled,Clerical/service,190,1,0,0,1,0,0,18,1,0,7,15,4,11.575,0,0,7,10,5,12.420000000000000,0,12.4,0.5,1.79,Not on time
1,17,4,9500,1,1,136,1,Higher,Higher,High-skilled,High-skilled,132.5,1,0,0,1,0,0,19,0,0,7,8,7,13.198571428571400,0,0,8,8,8,13.0625,0,11.1,0.6,2.02,Graduate
1,10,2,9085,1,1,163.3,22,Basic,Secondary,Clerical/service,Low-skilled,163.3,0,0,0,1,0,0,18,1,0,6,10,6,13.5,0,0,6,12,6,12,0,12.4,0.5,1.79,Graduate
1,1,1,9670,1,1,126,1,Secondary,Higher,Clerical/service,High-skilled,122.5,1,0,0,1,0,0,19,0,0,6,6,6,13.333333333333300,0,0,6,8,5,12.8,0,8.9,1.4,3.51,Not on time
1,17,4,9119,1,1,122,62,Secondary,Secondary,Low-skilled,Manual skilled,121,1,0,0,1,1,0,20,1,0,5,10,4,14.25,0,0,5,14,1,10,0,8.9,1.4,3.51,Not on time
1,17,1,9070,1,1,137,1,Secondary,Secondary,High-skilled,Clerical/service,131.8,0,0,0,1,0,1,22,0,0,6,7,6,12.166666666666700,0,0,6,9,4,12,0,9.4,-0.8,-3.12,Graduate
1,1,3,9500,1,1,139,1,Basic,Secondary,Low-skilled,Clerical/service,135,1,0,0,1,0,1,18,0,0,8,8,7,12.214285714285700,0,0,8,8,7,12.214285714285700,0,12.7,3.7,-1.7,Graduate
1,17,1,9254,1,1,142,1,Basic,Secondary,Clerical/service,Clerical/service,141.7,0,0,0,1,0,1,18,0,0,6,8,6,12.666666666666700,0,0,6,6,6,13,0,13.9,-0.3,0.79,Graduate
1,1,3,9773,1,1,133.1,1,Basic,Basic,Clerical/service,Clerical/service,131.3,1,0,0,1,0,1,18,0,0,6,7,6,12.285714285714300,0,0,6,6,6,13.5,0,8.9,1.4,3.51,Graduate
1,1,6,9254,1,1,126,1,Basic,Basic,Clerical/service,Manual skilled,123.9,1,0,0,1,0,1,18,0,0,6,7,6,13,0,0,6,6,6,13,0,12.4,0.5,1.79,Graduate
1,1,2,9254,1,1,131,1,Higher,Higher,Manual skilled,Clerical/service,126.1,1,0,0,1,0,0,18,0,0,6,8,6,12.142857142857100,0,0,6,6,6,11.166666666666700,0,8.9,1.4,3.51,Graduate
1,17,6,9500,1,1,131,1,Secondary,Basic,Manual skilled,Manual skilled,126.5,1,0,0,1,0,1,19,0,0,7,8,7,13.875714285714300,0,0,8,9,7,13.085714285714300,0,11.1,0.6,2.02,Graduate
1,17,1,9853,1,1,108,1,Basic,Secondary,Clerical/service,Clerical/service,107.3,0,0,0,1,0,0,20,0,0,6,0,0,0,0,0,6,0,0,0,0,15.5,2.8,-4.06,Not on time
1,17,4,9238,1,1,133.1,1,Secondary,Basic,Low-skilled,Clerical/service,95,1,0,0,1,0,1,19,0,0,6,12,6,11.666666666666700,0,0,6,7,0,0,0,15.5,2.8,-4.06,Not on time
1,1,2,9085,1,1,122,1,Higher,Secondary,Clerical/service,Manual skilled,116.1,1,0,0,1,0,0,18,0,0,6,13,6,13.153846153846200,0,0,6,12,3,11,0,15.5,2.8,-4.06,Graduate
1,1,4,9070,1,1,143,1,Secondary,Secondary,Low-skilled,Manual skilled,134.6,1,0,0,1,0,1,18,0,0,6,6,6,14.5,0,0,6,6,6,12.833333333333300,0,12.4,0.5,1.79,Not on time
1,17,6,9500,1,1,135,1,Basic,Basic,Manual skilled,Manual skilled,128,1,0,0,1,0,1,18,0,0,7,7,7,14.44142857142860,0,0,8,8,8,13.65625,0,11.1,0.6,2.02,Graduate
1,17,2,9773,1,1,148,1,Higher,Basic,High-skilled,Manual skilled,144.2,1,0,0,1,0,0,18,0,0,6,6,6,15.166666666666700,0,0,6,7,6,14.285714285714300,0,12.4,0.5,1.79,Graduate
1,17,1,9147,1,1,134,1,Basic,Basic,Clerical/service,Manual skilled,129.5,0,0,0,1,0,1,18,0,0,5,5,5,11.6,0,0,5,12,4,12.625,0,10.8,1.4,1.74,Graduate
1,17,1,9773,1,1,122,1,Secondary,Secondary,Clerical/service,Manual skilled,116.8,1,0,1,1,0,0,18,0,0,6,6,6,11.666666666666700,0,0,6,6,6,12.333333333333300,0,16.2,0.3,-0.92,Graduate
1,44,1,9003,1,39,160,1,Basic,Basic,Low-skilled,Manual skilled,160,0,0,0,1,0,1,20,0,0,6,8,6,12.625,0,0,6,10,6,13.2,0,16.2,0.3,-0.92,Graduate
1,16,2,9238,1,1,126,1,Basic,Basic,High-skilled,Clerical/service,127.1,1,0,0,1,0,1,19,0,0,6,14,3,12.666666666666700,0,0,6,7,6,11,0,9.4,-0.8,-3.12,Graduate
1,17,1,9130,1,1,138,1,Higher,Basic,High-skilled,Manual skilled,126.3,1,0,0,1,0,1,18,0,0,6,7,6,12.833333333333300,1,0,6,8,6,13,0,8.9,1.4,3.51,Not on time
1,1,1,9238,1,1,115,1,Basic,Basic,Manual skilled,Manual skilled,112.9,1,0,0,1,0,1,19,0,0,6,7,6,11.857142857142900,0,0,6,8,6,13.142857142857100,0,12.4,0.5,1.79,Graduate
1,17,2,9853,1,1,141,1,Higher,Secondary,High-skilled,Clerical/service,130.2,1,0,0,1,0,0,19,0,0,6,8,5,11.4,1,0,6,7,4,10.75,0,12.7,3.7,-1.7,Not on time
1,43,1,9130,1,1,100,41,Higher,Higher,High-skilled,High-skilled,100,0,0,0,1,0,0,19,1,0,5,10,5,14.857142857142900,2,0,5,7,5,15.142857142857100,0,9.4,-0.8,-3.12,Not on time
1,1,1,9670,1,1,130,1,Basic,Basic,Manual skilled,Manual skilled,121.6,0,0,0,1,0,0,19,0,0,6,7,6,14.714285714285700,0,0,6,6,6,15.833333333333300,0,12.4,0.5,1.79,Graduate
1,15,1,9670,1,1,130,26,Higher,Secondary,High-skilled,Manual skilled,130,0,1,1,1,0,0,20,1,0,6,6,6,13.5,0,0,6,9,5,13,0,8.9,1.4,3.51,Graduate
1,18,1,9130,1,1,135,1,Basic,Basic,Low-skilled,Clerical/service,121.7,1,0,0,1,0,1,18,0,0,5,7,4,11.5,0,0,5,5,5,12.4,0,10.8,1.4,1.74,Graduate
1,7,1,9147,1,3,120,1,Secondary,Secondary,Clerical/service,Manual skilled,120,0,0,0,1,0,0,33,0,2,5,9,2,14,0,0,5,5,0,0,0,12.4,0.5,1.79,Not on time
1,1,1,9853,1,1,148,1,Basic,Basic,Clerical/service,Clerical/service,143.5,0,0,0,1,0,1,19,0,0,7,8,6,12.833333333333300,0,0,6,6,0,0,0,13.9,-0.3,0.79,Not on time
1,17,2,9556,1,1,136,1,Secondary,Secondary,Low-skilled,Low-skilled,128.3,0,0,0,1,0,1,18,0,0,7,7,7,13.428571428571400,0,0,8,8,8,14.75,0,15.5,2.8,-4.06,Graduate
1,17,1,9070,1,1,108,1,Basic,Secondary,Clerical/service,High-skilled,111.9,0,0,0,1,0,0,19,0,0,6,0,0,0,0,0,6,0,0,0,0,8.9,1.4,3.51,Not on time
1,44,1,9003,1,39,140,1,Basic,Basic,Manual skilled,High-skilled,140,0,0,0,1,0,0,19,0,0,6,18,3,11.666666666666700,0,0,6,14,4,11.5,0,15.5,2.8,-4.06,Not on time
1,1,3,9773,1,1,153,1,Higher,Secondary,High-skilled,Manual skilled,137.6,1,0,0,1,0,0,18,0,0,6,6,6,16,0,0,6,7,6,14.333333333333300,0,12.4,0.5,1.79,Graduate
1,1,1,9238,1,1,135,1,Basic,Basic,Low-skilled,Clerical/service,135,1,0,0,1,0,0,20,0,0,6,6,6,13.833333333333300,0,0,6,6,6,11.833333333333300,0,10.8,1.4,1.74,Graduate
1,1,5,9500,1,1,146,1,Basic,Basic,Manual skilled,Manual skilled,133.8,1,0,0,1,0,0,19,0,0,8,9,8,13.2325,1,0,8,9,8,13.2325,1,9.4,-0.8,-3.12,Graduate
1,1,2,9773,1,1,130,1,Basic,Basic,Low-skilled,Low-skilled,126.9,1,0,0,1,1,1,18,0,0,6,6,6,14,0,0,6,6,6,14.166666666666700,0,9.4,-0.8,-3.12,Graduate
1,17,2,9254,1,1,113,1,Secondary,Higher,Clerical/service,High-skilled,106.7,1,0,1,1,1,1,19,0,0,6,14,2,10,0,0,6,6,0,0,0,13.9,-0.3,0.79,Not on time
1,43,1,8014,0,1,145.7,22,Basic,Basic,Low-skilled,Low-skilled,145.7,1,0,0,1,0,0,25,1,8,16,16,15,13.333333333333300,0,11,13,13,11,12.272727272727300,0,13.9,-0.3,0.79,Graduate
1,17,3,9070,1,1,145,1,Higher,Higher,Clerical/service,Clerical/service,153.1,1,0,0,1,0,1,20,0,0,6,6,6,12.5,0,0,6,6,6,14.333333333333300,0,12.7,3.7,-1.7,Not on time
1,1,1,8014,0,1,126,1,Basic,Basic,Clerical/service,Clerical/service,118.7,0,0,0,1,0,0,19,0,0,6,6,6,12.5,0,0,6,6,6,11.5,0,12.7,3.7,-1.7,Graduate
1,17,1,9991,0,1,160,1,Unknown,Unknown,Other/unknown,Other/unknown,161.8,1,0,1,1,1,0,33,0,0,5,8,2,10.5,0,0,5,5,0,0,0,7.6,2.6,0.32,Not on time
1,18,4,9119,1,1,134,1,Basic,Basic,Low-skilled,Manual skilled,124.9,1,0,1,1,1,0,18,0,0,5,11,3,10.666666666666700,0,0,5,9,3,11.333333333333300,0,8.9,1.4,3.51,Not on time
1,1,1,9119,1,1,163,1,Basic,Basic,Clerical/service,Manual skilled,150.8,1,0,0,1,1,0,18,0,0,5,9,4,10.5,0,0,5,11,2,10.5,3,7.6,2.6,0.32,Not on time
1,15,1,9147,1,1,130,26,Secondary,Secondary,High-skilled,High-skilled,130,0,0,0,1,0,0,19,1,0,5,10,4,12,0,0,5,6,5,11.4,0,11.1,0.6,2.02,Graduate
1,1,2,171,1,1,165,1,Higher,Higher,High-skilled,High-skilled,163.6,1,0,0,1,0,0,18,0,0,0,0,0,0,0,0,0,0,0,0,0,12.4,0.5,1.79,Not on time
1,43,1,9147,1,1,142,1,Basic,Basic,Clerical/service,Manual skilled,115,0,0,0,1,0,0,19,0,0,5,11,5,11.5,0,0,5,9,2,10.666666666666700,0,13.9,-0.3,0.79,Not on time
1,1,1,9773,1,1,156,1,Basic,Secondary,Clerical/service,Other/unknown,136.8,1,0,0,1,0,0,18,0,0,6,6,6,14,0,0,6,6,6,13.5,0,11.1,0.6,2.02,Not on time
1,17,5,9853,1,1,141,1,Higher,Basic,High-skilled,Manual skilled,130.9,1,0,0,1,0,0,18,0,0,6,7,6,13.5,0,0,6,8,5,12.6,0,7.6,2.6,0.32,Graduate
1,1,3,9500,1,1,143,1,Basic,Basic,Manual skilled,Manual skilled,127,1,0,0,1,0,0,18,0,0,8,8,8,13.07375,0,0,8,8,8,13.07375,0,9.4,-0.8,-3.12,Graduate
2,39,1,9500,1,19,133.1,1,Basic,Basic,High-skilled,Other/unknown,120,0,0,0,1,0,0,37,0,0,7,9,2,10.75,0,0,7,9,0,0,0,16.2,0.3,-0.92,Not on time
1,1,1,9238,1,1,133,1,Basic,Secondary,High-skilled,Clerical/service,126,0,0,0,1,0,0,20,0,0,6,11,1,12,0,0,5,10,0,0,0,9.4,-0.8,-3.12,Not on time
1,1,1,9254,1,1,172,41,Basic,Basic,Clerical/service,Clerical/service,153.8,1,0,0,1,0,1,20,1,0,6,6,6,14,0,0,6,6,6,13.333333333333300,0,10.8,1.4,1.74,Graduate
1,15,1,9238,1,1,140,26,Basic,Basic,Low-skilled,Manual skilled,140,0,0,0,1,1,0,21,1,0,6,7,6,12.333333333333300,0,0,6,7,6,13.428571428571400,0,11.1,0.6,2.02,Graduate
1,17,1,9500,1,1,142,1,Basic,Secondary,Clerical/service,Clerical/service,136.6,0,0,0,1,0,1,18,0,0,7,7,7,13.464285714285700,0,0,8,9,8,14.788888888888900,0,12.4,0.5,1.79,Graduate
1,39,1,8014,0,1,140,1,Basic,Secondary,Low-skilled,Manual skilled,105,0,0,0,1,0,0,26,0,0,6,14,3,10.666666666666700,1,0,6,9,5,11.2,0,15.5,2.8,-4.06,Not on time
1,39,1,9147,1,12,133.1,1,Basic,Basic,Low-skilled,Manual skilled,139.4,0,0,1,1,0,0,41,0,0,5,6,5,11.6,0,0,5,8,5,12.2,0,7.6,2.6,0.32,Not on time
1,1,2,9773,1,1,148,1,Basic,Secondary,High-skilled,Low-skilled,140,1,0,0,1,0,1,18,0,0,6,6,6,13.666666666666700,0,0,6,6,6,14.666666666666700,0,16.2,0.3,-0.92,Graduate
1,1,4,9500,1,1,137,1,Basic,Basic,Low-skilled,Manual skilled,130.8,0,0,1,1,0,0,18,0,0,8,9,8,14.4025,1,0,8,9,8,14.4025,1,9.4,-0.8,-3.12,Graduate
1,1,1,9500,1,1,143,1,Basic,Basic,Low-skilled,Low-skilled,138.8,1,0,0,1,0,0,31,0,0,7,9,7,15.46875,0,0,8,8,8,16.3875,0,11.1,0.6,2.02,Graduate
1,1,1,9238,1,1,133.1,1,Secondary,Secondary,Clerical/service,Other/unknown,110,0,0,1,1,0,0,23,0,0,6,8,6,12.625,0,0,6,6,6,14.166666666666700,0,12.7,3.7,-1.7,Graduate
1,1,4,9500,1,1,138,1,Basic,Basic,Low-skilled,Low-skilled,127.8,1,0,0,1,0,0,19,0,0,7,7,6,14.983333333333300,0,0,7,7,6,14.983333333333300,0,7.6,2.6,0.32,Graduate
1,16,3,9773,1,1,138,1,Basic,Basic,Clerical/service,Low-skilled,134.2,1,0,0,1,0,1,20,0,0,6,6,6,15,0,0,6,6,6,13,0,11.1,0.6,2.02,Graduate
2,39,1,8014,0,1,150,1,Basic,Basic,Manual skilled,Clerical/service,143,0,0,0,1,0,0,40,0,5,9,9,9,15.88888888888890,0,3,7,7,7,14.142857142857100,0,12.7,3.7,-1.7,Graduate
1,44,1,9085,1,39,120,1,Basic,Basic,Low-skilled,Low-skilled,120,1,0,1,1,0,0,32,0,0,6,14,4,11.5,0,0,6,14,3,11,0,16.2,0.3,-0.92,Not on time
1,1,4,9254,1,1,110,1,Basic,Basic,Low-skilled,Manual skilled,113.2,1,0,0,1,0,0,24,0,0,6,14,2,10.5,0,0,6,11,1,10,0,10.8,1.4,1.74,Not on time
1,17,4,9500,1,1,146,1,Basic,Basic,Clerical/service,Manual skilled,135.8,1,0,0,1,0,0,18,0,0,7,7,6,13.983333333333300,0,0,7,7,6,13.983333333333300,0,7.6,2.6,0.32,Graduate
1,1,1,9238,1,1,148,1,Basic,Basic,Low-skilled,Low-skilled,143.5,0,0,0,1,0,0,18,0,0,6,6,6,13,0,0,6,6,6,12.833333333333300,0,10.8,1.4,1.74,Graduate
1,1,1,9238,1,1,145,1,Basic,Basic,Clerical/service,Manual skilled,148.9,1,0,0,1,0,1,18,0,0,6,6,6,13.666666666666700,0,0,6,6,6,13,0,10.8,1.4,1.74,Graduate
1,39,1,9003,1,1,133.1,1,Basic,Basic,Clerical/service,Manual skilled,115.6,1,0,0,0,0,0,27,0,0,6,8,0,0,0,0,6,8,0,0,0,15.5,2.8,-4.06,Not on time
1,1,1,9147,1,1,160,1,Basic,Basic,Low-skilled,Clerical/service,159.3,0,0,0,1,0,0,18,0,0,5,5,5,14.4,0,0,5,5,5,15.4,0,7.6,2.6,0.32,Graduate
1,39,1,9991,0,1,150,1,Basic,Basic,Low-skilled,Manual skilled,138.5,0,0,0,1,0,0,26,0,0,5,10,4,12,0,0,5,9,4,11.25,0,12.7,3.7,-1.7,Not on time
1,1,1,9853,1,1,130,1,Basic,Secondary,Low-skilled,Clerical/service,133.2,1,0,0,1,0,0,19,0,0,6,6,6,14.166666666666700,0,0,6,7,6,13.666666666666700,0,7.6,2.6,0.32,Graduate
1,17,2,8014,0,1,120,1,Basic,Unknown,Other/unknown,Other/unknown,117.6,1,0,0,1,0,0,19,0,0,6,8,5,12.2,0,0,6,7,6,12,0,7.6,2.6,0.32,Graduate
1,18,2,9147,1,1,115,1,Secondary,Basic,Clerical/service,Clerical/service,108.7,1,0,0,1,0,0,21,0,0,5,8,3,12,1,0,5,9,3,12.666666666666700,0,9.4,-0.8,-3.12,Not on time
1,1,4,9147,1,1,133.1,1,Secondary,Basic,Clerical/service,Manual skilled,106,1,0,0,1,0,0,24,0,0,5,11,2,10.5,0,0,5,14,1,11,0,12.7,3.7,-1.7,Not on time
1,17,1,9853,1,1,120,1,Basic,Basic,Low-skilled,Other/unknown,122.6,0,0,0,1,0,0,20,0,0,6,8,3,12.333333333333300,0,0,6,11,2,10.5,0,12.7,3.7,-1.7,Not on time
1,1,4,9853,1,1,134,1,Basic,Secondary,Clerical/service,Low-skilled,127.4,1,0,0,1,0,0,18,0,0,6,7,5,12.2,0,0,6,7,5,12.2,0,10.8,1.4,1.74,Not on time
1,39,1,9003,1,1,133.1,1,Basic,Basic,Low-skilled,Low-skilled,100,0,0,0,1,0,0,30,0,0,6,6,0,0,0,0,6,6,0,0,0,11.1,0.6,2.02,Not on time
1,1,1,9853,1,1,133.1,1,Basic,Basic,Low-skilled,Low-skilled,95,1,0,1,0,0,0,22,0,0,7,10,6,11.5,0,0,7,8,6,13.166666666666700,0,11.1,0.6,2.02,Not on time
1,7,1,9147,1,3,130,1,Basic,Basic,Low-skilled,Manual skilled,130,0,0,0,1,0,0,21,0,4,9,9,9,10.88888888888890,0,3,10,18,10,11.615384615384600,0,10.8,1.4,1.74,Graduate
1,39,1,9556,1,1,120,1,Basic,Basic,Clerical/service,Clerical/service,122.8,0,0,0,1,0,0,26,0,0,7,12,6,12.166666666666700,0,0,8,8,8,11.675,0,13.9,-0.3,0.79,Not on time
1,17,1,9147,1,1,115,1,Basic,Basic,Manual skilled,Manual skilled,115,1,0,0,1,0,0,23,0,0,5,7,2,10,1,0,5,9,1,12,0,9.4,-0.8,-3.12,Not on time
1,17,1,9070,1,1,135,1,Basic,Basic,Clerical/service,Low-skilled,145.9,0,0,0,1,0,1,18,0,0,6,6,6,12.666666666666700,0,0,6,6,6,12.166666666666700,0,16.2,0.3,-0.92,Graduate
1,1,1,9070,1,1,133.1,1,Secondary,Basic,Clerical/service,Low-skilled,143,1,0,1,1,0,0,21,0,0,6,9,5,11.4,0,0,6,8,5,12.2,0,12.7,3.7,-1.7,Not on time
1,43,1,171,1,1,145,1,Basic,Basic,Low-skilled,Low-skilled,100,0,0,0,1,0,1,18,0,0,0,0,0,0,0,0,0,0,0,0,0,13.9,-0.3,0.79,Not on time
1,17,3,9085,1,1,130,1,Basic,Basic,Clerical/service,Clerical/service,121.3,1,0,0,1,0,0,21,0,0,5,14,2,13,2,0,5,8,4,12,1,9.4,-0.8,-3.12,Not on time
1,17,3,9853,1,1,118,1,Basic,Basic,Manual skilled,Manual skilled,121.2,1,0,0,1,0,0,18,0,0,6,8,5,13.4,0,0,6,7,5,12,0,7.6,2.6,0.32,Not on time
1,17,3,9853,1,1,138,1,Basic,Basic,Clerical/service,Low-skilled,125.1,1,1,0,1,0,1,19,0,0,6,6,6,13.5,0,0,6,8,5,12.8,0,12.7,3.7,-1.7,Not on time
1,17,1,9254,1,1,122,1,Secondary,Secondary,Clerical/service,Low-skilled,112.9,1,0,0,1,0,0,22,0,0,6,14,4,12.25,0,0,6,11,3,11.333333333333300,0,7.6,2.6,0.32,Not on time
1,1,3,9238,1,1,126,1,Basic,Basic,Clerical/service,Manual skilled,120.8,1,0,0,1,0,0,19,0,0,6,7,6,12.285714285714300,0,0,6,7,6,12.833333333333300,0,12.4,0.5,1.79,Graduate
1,1,5,9085,1,1,121,1,Basic,Basic,Low-skilled,Manual skilled,114,1,0,0,0,0,0,19,0,0,5,12,0,0,4,0,5,8,0,0,1,9.4,-0.8,-3.12,Not on time
1,17,1,9238,1,1,152,1,Basic,Basic,Manual skilled,Clerical/service,132.1,1,0,0,1,0,0,19,0,0,6,10,2,10.5,0,0,6,11,1,13,0,9.4,-0.8,-3.12,Not on time
2,44,1,9085,1,39,160,1,Basic,Basic,Low-skilled,Low-skilled,160,0,0,0,1,0,0,27,0,0,5,12,3,14,2,0,5,8,5,12,1,9.4,-0.8,-3.12,Graduate
1,10,1,9085,1,1,134,1,Basic,Basic,Clerical/service,Clerical/service,134,1,0,0,1,0,0,22,0,2,5,7,5,14.2,0,0,5,10,5,12.2,0,12.7,3.7,-1.7,Graduate
1,1,1,9773,1,1,128,1,Basic,Secondary,Low-skilled,Manual skilled,124.2,1,0,0,1,0,0,18,0,0,6,8,5,13,0,0,6,7,6,13.142857142857100,0,15.5,2.8,-4.06,Not on time
1,17,4,9254,1,1,125,1,Basic,Basic,Clerical/service,Clerical/service,115.6,1,0,0,1,0,0,20,0,0,6,6,6,11,0,0,6,8,4,12.75,0,9.4,-0.8,-3.12,Graduate
2,43,1,9991,0,1,130,1,Basic,Basic,Low-skilled,Low-skilled,128.2,0,0,0,1,0,0,34,0,3,8,9,3,11,0,2,7,7,2,10,0,9.4,-0.8,-3.12,Not on time
1,17,2,9500,1,1,138,1,Secondary,Basic,Clerical/service,Manual skilled,132.8,1,0,0,1,0,0,18,0,0,7,9,6,12.385714285714300,0,0,8,9,8,13.755555555555600,0,13.9,-0.3,0.79,Graduate
1,17,2,9773,1,1,121,1,Secondary,Secondary,Clerical/service,Clerical/service,123.1,1,0,0,1,1,0,20,0,0,6,12,4,14.75,0,0,6,7,4,12.25,0,9.4,-0.8,-3.12,Graduate
1,1,1,9130,1,1,134,41,Secondary,Basic,Clerical/service,Clerical/service,125.6,1,0,0,1,0,0,20,1,0,5,6,5,16.166666666666700,0,0,5,6,5,15.833333333333300,0,12.7,3.7,-1.7,Graduate
1,39,1,9991,0,1,130,1,Secondary,Basic,Clerical/service,Low-skilled,115,0,0,0,1,1,0,25,0,0,5,7,0,0,0,0,5,8,0,0,0,16.2,0.3,-0.92,Not on time
1,1,4,9119,1,1,126,1,Higher,Basic,High-skilled,Low-skilled,123.6,1,0,0,1,1,0,18,0,0,5,6,5,12.4,0,0,5,9,3,13,0,8.9,1.4,3.51,Not on time
1,1,1,9130,1,1,148,1,Secondary,Secondary,Low-skilled,Low-skilled,141.7,0,0,0,0,1,0,18,0,0,6,8,5,11.6,0,0,6,11,4,13,0,8.9,1.4,3.51,Not on time
1,17,1,9853,1,1,160,1,Basic,Basic,Clerical/service,Manual skilled,139,1,0,0,1,0,1,18,0,0,6,8,5,12.2,0,0,6,13,0,0,0,9.4,-0.8,-3.12,Not on time
1,17,1,9254,1,1,118,1,Secondary,Basic,Clerical/service,Clerical/service,118,0,0,0,1,0,1,19,0,0,6,7,5,11,0,0,6,7,5,12.8,0,12.4,0.5,1.79,Graduate
1,17,2,9853,1,1,150,1,Basic,Basic,Clerical/service,Clerical/service,142,1,0,0,1,0,1,19,0,0,6,8,6,12.333333333333300,0,0,6,7,5,12.4,0,10.8,1.4,1.74,Not on time
1,44,1,9238,1,1,140,1,Secondary,Secondary,Clerical/service,Clerical/service,143.4,0,0,0,1,0,1,21,0,3,6,6,6,14.833333333333300,0,2,6,7,6,12.571428571428600,0,13.9,-0.3,0.79,Graduate
1,42,1,9070,1,1,100,1,Higher,Higher,High-skilled,High-skilled,115.9,0,0,0,1,0,0,29,0,9,10,15,9,11.555555555555600,0,7,11,17,10,11.9,0,9.4,-0.8,-3.12,Not on time
1,1,1,9070,1,1,110,1,Secondary,Basic,Low-skilled,Low-skilled,105.1,1,0,0,1,0,1,20,0,0,6,6,6,12,0,0,6,6,6,11.833333333333300,0,12.4,0.5,1.79,Graduate
1,51,1,8014,0,42,140,1,Basic,Basic,High-skilled,Low-skilled,138,1,0,1,1,0,1,21,0,13,13,13,11,12.727272727272700,0,9,11,11,10,12.6,0,8.9,1.4,3.51,Graduate
1,43,1,9991,0,1,133.1,41,Basic,Basic,Low-skilled,Manual skilled,114.7,0,0,0,1,0,0,34,1,2,2,2,2,10.5,0,1,1,1,1,11,0,10.8,1.4,1.74,Not on time
1,1,4,9773,1,1,140,22,Secondary,Basic,High-skilled,Low-skilled,130.5,1,0,0,1,0,0,20,1,0,6,6,6,12.333333333333300,0,0,6,6,6,12,0,12.7,3.7,-1.7,Graduate
1,39,1,9991,0,1,110,1,Basic,Basic,Low-skilled,Low-skilled,134.3,0,0,0,1,1,0,24,0,0,5,10,0,0,0,0,5,7,1,12,0,10.8,1.4,1.74,Not on time
1,1,1,9500,1,1,148,1,Secondary,Secondary,Clerical/service,High-skilled,137.5,0,0,0,1,1,0,18,0,0,7,7,7,14.842857142857100,0,0,8,9,8,14.38888888888890,0,16.2,0.3,-0.92,Graduate
1,1,1,9500,1,1,137,1,Secondary,Basic,Clerical/service,Clerical/service,125.3,0,0,0,1,1,0,19,0,0,7,7,7,12.2,0,0,7,7,7,12.2,0,7.6,2.6,0.32,Not on time
1,1,1,9147,1,1,120,1,Secondary,Basic,Manual skilled,Manual skilled,111.3,0,0,0,1,1,1,18,0,0,5,10,4,10.8,0,0,5,10,4,11.75,0,15.5,2.8,-4.06,Not on time
1,39,9,9991,0,1,120,1,Basic,Basic,Low-skilled,Clerical/service,144.8,0,0,0,1,1,0,28,0,0,5,7,4,12.75,0,0,5,7,5,14.333333333333300,0,10.8,1.4,1.74,Not on time
1,39,1,9991,0,1,130,1,Secondary,Secondary,Low-skilled,Manual skilled,152.1,0,0,0,1,1,0,28,0,0,5,13,2,11,0,0,5,12,1,12,0,11.1,0.6,2.02,Not on time
1,17,1,9254,1,1,132,1,Basic,Basic,Other/unknown,Clerical/service,126.1,0,0,0,1,1,0,20,0,0,6,9,4,10.75,0,0,6,12,0,0,0,7.6,2.6,0.32,Not on time
1,43,1,9500,1,1,130,1,Secondary,Secondary,Manual skilled,Clerical/service,136,1,0,0,1,1,0,22,0,0,8,9,8,12.55375,1,0,8,9,8,12.55375,1,9.4,-0.8,-3.12,Graduate
1,1,4,9500,1,1,128,1,Basic,Secondary,Clerical/service,Clerical/service,124.3,1,0,0,1,1,0,19,0,0,8,8,7,12.665714285714300,0,0,8,8,7,12.665714285714300,0,10.8,1.4,1.74,Graduate
1,1,1,9670,1,1,132,1,Secondary,Basic,Manual skilled,Clerical/service,129.9,1,0,0,1,1,0,20,0,0,6,10,6,12.714285714285700,0,0,6,8,4,13,0,12.4,0.5,1.79,Not on time
1,39,2,9556,1,1,133.1,1,Higher,Secondary,High-skilled,Clerical/service,136.1,0,0,0,1,1,0,26,0,0,7,7,2,11.75,0,0,5,10,0,0,0,12.4,0.5,1.79,Not on time
1,1,2,9254,1,1,120,1,Basic,Basic,Low-skilled,Low-skilled,115.1,1,0,0,0,1,0,21,0,0,6,11,3,11,0,0,6,14,0,0,0,9.4,-0.8,-3.12,Not on time
1,16,2,171,1,1,145,1,Higher,Higher,High-skilled,High-skilled,143.6,1,0,0,1,1,0,18,0,0,0,0,0,0,0,0,0,0,0,0,0,12.4,0.5,1.79,Graduate
1,17,1,9147,1,1,127,1,Basic,Basic,Low-skilled,Manual skilled,115.8,1,0,0,1,1,0,18,0,0,5,5,5,13.4,0,0,5,6,5,12.2,0,11.1,0.6,2.02,Graduate
1,1,2,171,1,1,135,1,Basic,Basic,Clerical/service,Manual skilled,149,1,0,0,1,1,0,22,0,14,17,21,17,12.578947368421100,0,15,17,20,17,12.117647058823500,0,11.1,0.6,2.02,Graduate
2,39,1,9119,1,19,133.1,1,Basic,Basic,Low-skilled,Low-skilled,100,0,0,0,1,1,0,36,0,0,5,0,0,0,0,0,5,0,0,0,0,16.2,0.3,-0.92,Not on time
1,1,1,9773,1,1,125,1,Basic,Basic,Low-skilled,Low-skilled,133.4,1,0,0,1,1,1,20,0,0,6,8,6,12,0,0,6,8,6,11.5,0,13.9,-0.3,0.79,Graduate
1,17,5,9670,1,1,127,1,Higher,Higher,High-skilled,High-skilled,122.8,0,0,0,1,1,0,20,0,0,6,6,3,12.333333333333300,0,0,6,9,0,0,0,10.8,1.4,1.74,Not on time
1,39,1,9991,0,1,133.1,1,Basic,Secondary,Clerical/service,Clerical/service,151.2,0,0,0,1,1,0,25,0,0,5,11,4,11.5,0,0,5,11,3,13.5,0,12.4,0.5,1.79,Not on time
1,39,1,9003,1,1,150,1,Basic,Basic,Manual skilled,Clerical/service,137,0,0,0,1,1,0,35,0,1,6,7,5,12.8,0,1,6,11,5,13.833333333333300,0,15.5,2.8,-4.06,Graduate
1,1,1,171,1,1,133.1,1,Secondary,Basic,Manual skilled,Manual skilled,118,0,0,0,1,1,0,22,0,0,0,0,0,0,0,0,0,0,0,0,0,11.1,0.6,2.02,Not on time
1,43,1,9070,1,1,150,1,Higher,Secondary,High-skilled,Manual skilled,126.4,0,0,0,1,1,0,26,0,5,7,8,7,13.285714285714300,0,3,8,11,7,12.142857142857100,0,12.4,0.5,1.79,Not on time
1,44,1,9003,1,39,130,1,Basic,Basic,Low-skilled,Clerical/service,130,0,0,1,0,1,0,20,0,0,6,16,4,11.8,0,0,6,15,2,12,0,16.2,0.3,-0.92,Not on time
1,43,1,8014,0,12,133.1,1,Basic,Secondary,Low-skilled,Other/unknown,112.5,0,0,0,1,1,0,50,0,6,13,13,6,11.333333333333300,0,2,11,11,2,13.5,0,16.2,0.3,-0.92,Not on time
1,1,1,9500,1,1,125,1,Basic,Basic,Low-skilled,Manual skilled,118.3,0,0,0,1,1,0,20,0,0,8,12,5,12.002,1,0,8,12,5,12.002,1,10.8,1.4,1.74,Not on time
1,1,1,9500,1,1,127,1,Higher,Secondary,High-skilled,Manual skilled,121.4,0,0,0,1,1,0,20,0,0,7,10,5,13.976666666666700,0,0,8,9,8,13.22222222222220,0,12.4,0.5,1.79,Not on time
1,7,1,9003,1,3,140,1,Higher,Basic,High-skilled,Other/unknown,140,0,0,0,0,1,0,35,0,0,6,10,5,15.2,0,1,6,9,1,11,0,15.5,2.8,-4.06,Not on time
1,1,1,9670,1,1,110,1,Higher,Basic,Clerical/service,Clerical/service,109,0,0,0,1,1,1,19,0,0,6,7,6,13.142857142857100,0,0,6,8,6,14.166666666666700,0,15.5,2.8,-4.06,Graduate
2,39,2,9147,1,1,133.1,1,Basic,Basic,Clerical/service,Manual skilled,110,0,0,0,1,1,0,43,0,0,5,14,0,0,1,0,5,5,0,0,0,9.4,-0.8,-3.12,Not on time
1,17,5,9500,1,1,124,1,Higher,Basic,High-skilled,High-skilled,119.8,0,0,0,1,1,0,19,0,0,8,11,7,13.867142857142900,0,0,8,11,7,13.867142857142900,0,10.8,1.4,1.74,Graduate
1,39,1,9500,1,1,114,1,Basic,Basic,Low-skilled,Low-skilled,130,0,0,0,1,1,0,25,0,0,8,11,6,12.675,0,0,8,11,6,12.675,0,12.7,3.7,-1.7,Graduate
1,16,1,171,1,1,155,1,Secondary,Higher,Clerical/service,Other/unknown,167.3,1,0,0,1,1,0,19,0,0,0,0,0,0,0,0,0,0,0,0,0,13.9,-0.3,0.79,Graduate
1,17,2,9853,1,1,114,1,Secondary,Basic,Low-skilled,Low-skilled,111.9,1,0,0,1,1,1,20,0,0,6,6,6,12,0,0,6,7,6,12.5,0,7.6,2.6,0.32,Not on time
1,1,1,171,1,1,133.1,1,Basic,Basic,Clerical/service,Clerical/service,136,1,0,0,1,1,0,22,0,0,0,0,0,0,0,0,0,0,0,0,0,12.7,3.7,-1.7,Not on time
1,1,1,9254,1,1,125,1,Basic,Basic,High-skilled,High-skilled,124,0,0,0,1,1,1,19,0,0,6,7,6,11,0,0,6,6,5,12.2,0,11.1,0.6,2.02,Not on time
2,39,1,9991,0,1,120,1,Basic,Basic,High-skilled,Low-skilled,132.9,0,0,0,1,1,0,32,0,0,5,11,4,10.75,0,0,5,11,4,11.333333333333300,0,13.9,-0.3,0.79,Not on time
2,39,1,9773,1,38,100,1,Basic,Basic,Low-skilled,Manual skilled,154,1,0,0,1,1,0,57,0,0,6,7,5,14.2,0,0,6,6,6,14.166666666666700,0,9.4,-0.8,-3.12,Graduate
1,1,1,9500,1,1,133.1,1,Secondary,Basic,High-skilled,Clerical/service,115,0,0,0,0,1,0,20,0,0,7,11,4,12.6,0,0,7,7,4,11.575,0,16.2,0.3,-0.92,Not on time
1,39,1,9991,0,1,120,1,Secondary,Secondary,Clerical/service,Clerical/service,96,1,0,0,0,1,0,38,0,0,5,5,0,0,0,0,5,5,0,0,0,8.9,1.4,3.51,Not on time
2,39,1,9991,0,1,120,1,Basic,Higher,Low-skilled,High-skilled,168.2,0,0,0,1,1,0,45,0,0,5,6,5,14,0,0,5,6,5,14.166666666666700,0,12.4,0.5,1.79,Graduate
2,39,1,9773,1,1,110,1,Basic,Basic,Low-skilled,Other/unknown,140,0,0,1,0,1,0,43,0,0,6,16,2,10,0,0,6,12,4,12.25,0,10.8,1.4,1.74,Not on time
1,17,4,9070,1,1,144,1,Basic,Secondary,Low-skilled,Low-skilled,137.4,1,0,0,1,1,0,19,0,0,6,6,6,13.833333333333300,0,0,6,8,6,13.125,0,10.8,1.4,1.74,Graduate
2,39,1,9991,0,19,133.1,1,Basic,Basic,Clerical/service,Clerical/service,150,0,0,0,0,1,0,49,0,0,5,8,2,11,0,0,5,5,1,11,0,15.5,2.8,-4.06,Not on time
2,39,1,9500,1,19,133.1,1,Basic,Basic,Low-skilled,Manual skilled,100.5,1,0,0,1,1,0,43,0,0,8,8,7,11.635714285714300,0,0,8,8,7,11.635714285714300,0,10.8,1.4,1.74,Not on time
1,39,1,8014,0,1,133.1,1,Basic,Basic,Low-skilled,Low-skilled,148.5,0,0,0,1,1,0,34,0,0,6,6,4,12.25,0,0,5,5,0,0,0,11.1,0.6,2.02,Not on time
1,17,5,9119,1,1,138,1,Basic,Basic,Clerical/service,Clerical/service,123.3,1,0,1,1,1,0,18,0,0,5,9,4,12.5,0,0,5,11,5,11.285714285714300,0,12.4,0.5,1.79,Not on time
2,39,1,9991,0,1,120,1,Basic,Basic,High-skilled,Clerical/service,138.7,0,0,0,1,1,0,43,0,0,5,5,5,13.8,0,0,5,6,5,13.666666666666700,0,10.8,1.4,1.74,Graduate
1,1,2,9254,1,1,120,1,Basic,Secondary,Low-skilled,Manual skilled,117.2,0,0,0,1,1,0,21,0,0,6,8,3,12,0,0,6,9,1,11,0,15.5,2.8,-4.06,Not on time
2,39,1,9991,0,1,160,1,Unknown,Unknown,Other/unknown,Other/unknown,114.3,0,0,0,1,1,0,40,0,0,5,9,3,11,0,0,5,8,4,12.5,1,7.6,2.6,0.32,Not on time
1,17,1,9670,1,1,134,1,Basic,Basic,Clerical/service,Clerical/service,125.3,1,0,0,1,1,1,19,0,0,6,7,4,13.75,0,0,6,10,6,11.555555555555600,0,10.8,1.4,1.74,Graduate
1,1,1,9254,1,1,133.1,1,Basic,Basic,High-skilled,High-skilled,97,0,0,0,1,1,0,27,0,0,6,6,6,10.666666666666700,0,0,6,8,4,11.25,0,10.8,1.4,1.74,Not on time
2,42,1,9556,1,1,110,1,Basic,Basic,Low-skilled,Manual skilled,140,0,0,0,1,1,0,43,0,0,7,7,0,0,0,0,8,13,2,13.15,0,16.2,0.3,-0.92,Not on time
1,43,1,9991,0,1,130,1,Basic,Basic,Low-skilled,Low-skilled,124,0,0,0,1,1,0,31,0,1,5,6,5,13.833333333333300,0,0,5,7,5,15.4,0,9.4,-0.8,-3.12,Graduate
1,44,1,9003,1,39,140,1,Basic,Secondary,High-skilled,High-skilled,140,1,0,1,1,1,0,26,0,0,6,6,0,0,0,0,6,7,0,0,0,8.9,1.4,3.51,Not on time
1,39,1,9991,0,1,150,1,Basic,Basic,Manual skilled,Other/unknown,127,0,0,0,1,1,0,34,0,0,5,5,5,15.8,0,0,5,5,5,16.8,0,8.9,1.4,3.51,Graduate
4,43,1,9500,1,19,100,1,Unknown,Unknown,Other/unknown,Other/unknown,110,0,0,0,1,1,0,30,0,11,14,26,12,12.52608695652170,1,11,14,26,12,12.52608695652170,1,7.6,2.6,0.32,Graduate
2,39,1,9500,1,19,133.1,1,Basic,Basic,Manual skilled,Manual skilled,170,0,0,0,1,1,0,36,0,0,7,9,6,12.783333333333300,0,0,8,11,0,0,0,16.2,0.3,-0.92,Not on time
1,7,1,9991,0,3,120,1,Basic,Basic,Manual skilled,Manual skilled,120,0,0,1,0,1,0,46,0,0,5,5,0,0,0,0,5,5,1,10,0,11.1,0.6,2.02,Not on time
1,17,1,9085,1,1,133.1,1,Secondary,Basic,Clerical/service,Low-skilled,130,0,0,0,1,1,0,22,0,0,5,8,3,13,0,0,5,8,3,10.666666666666700,0,7.6,2.6,0.32,Graduate
1,7,1,9003,1,3,130,1,Secondary,Basic,Clerical/service,Low-skilled,130,0,0,0,1,1,0,27,0,0,6,8,0,0,0,0,6,10,0,0,0,16.2,0.3,-0.92,Not on time
1,1,2,9119,1,1,126,1,Secondary,Basic,Clerical/service,Low-skilled,122.5,1,0,0,1,1,0,20,0,0,5,7,5,10.8,0,0,5,9,3,12,0,8.9,1.4,3.51,Not on time
1,51,1,9147,1,1,130,1,Basic,Basic,Low-skilled,Manual skilled,115.7,0,0,0,1,1,0,20,0,0,5,7,5,11,0,0,5,7,3,10,0,8.9,1.4,3.51,Not on time
1,42,1,9119,1,1,140,1,Basic,Basic,Other/unknown,Other/unknown,120,0,0,1,0,1,0,31,0,0,4,4,0,0,0,0,5,5,0,0,0,12.7,3.7,-1.7,Not on time
1,1,1,9119,1,1,140,1,Basic,Basic,Low-skilled,Low-skilled,166,1,0,1,1,1,0,20,0,0,5,7,0,0,0,0,5,5,0,0,0,9.4,-0.8,-3.12,Not on time
1,17,1,9773,1,1,145,1,Secondary,Basic,Other/unknown,Manual skilled,132.8,1,0,0,0,1,0,21,0,0,6,10,2,12,0,0,6,0,0,0,0,10.8,1.4,1.74,Not on time
1,17,1,9147,1,1,133.1,1,Basic,Basic,Low-skilled,Manual skilled,100,0,0,0,1,1,0,21,0,0,5,7,4,10.75,0,0,5,10,2,11,3,16.2,0.3,-0.92,Not on time
1,1,1,9147,1,1,127,1,Secondary,Higher,Low-skilled,Other/unknown,121.8,0,0,0,1,1,0,19,0,0,5,8,5,11.6,0,0,5,10,4,13.5,3,16.2,0.3,-0.92,Graduate
1,17,4,9147,1,1,114,1,Basic,Basic,Clerical/service,Clerical/service,109.5,1,0,0,1,1,1,20,0,0,5,6,5,11.8,0,0,5,8,4,11.6,0,8.9,1.4,3.51,Graduate
1,1,1,9003,1,1,140,1,Basic,Secondary,Low-skilled,Clerical/service,138.3,0,0,0,1,1,0,18,0,0,6,7,6,16,0,0,6,6,6,15.166666666666700,0,12.4,0.5,1.79,Graduate
1,1,2,9773,1,1,140,1,Secondary,Secondary,Clerical/service,High-skilled,131.6,0,0,0,1,1,1,18,0,0,6,6,6,12.666666666666700,0,0,6,6,6,11.5,0,16.2,0.3,-0.92,Graduate
1,39,1,9500,1,1,120,1,Secondary,Higher,Clerical/service,High-skilled,125.3,0,0,1,1,1,0,30,0,0,7,12,4,14.4,0,0,7,9,6,13.5,0,12.4,0.5,1.79,Not on time
1,39,1,9254,1,19,133.1,1,Basic,Basic,High-skilled,High-skilled,101.5,0,0,1,0,1,0,34,0,0,6,6,0,0,0,0,6,6,0,0,0,15.5,2.8,-4.06,Not on time
1,17,1,9670,1,1,115,1,Basic,Basic,Low-skilled,Manual skilled,109.1,0,0,1,0,1,0,21,0,0,6,11,4,12.25,0,0,6,9,4,13.4,0,11.1,0.6,2.02,Not on time
1,44,1,9070,1,39,123.9,1,Basic,Secondary,Low-skilled,Manual skilled,123.9,0,0,0,1,1,0,20,0,2,7,9,5,12.6,0,5,9,10,8,12.75,1,16.2,0.3,-0.92,Not on time
1,1,1,9500,1,1,157,1,Basic,Basic,Low-skilled,Low-skilled,143,0,0,0,1,1,0,18,0,0,8,8,7,13.4,0,0,8,8,7,13.4,0,12.7,3.7,-1.7,Graduate
1,1,1,171,1,1,127,1,Secondary,Secondary,Clerical/service,High-skilled,126.3,1,0,1,1,1,0,21,0,0,0,0,0,0,0,0,0,0,0,0,0,16.2,0.3,-0.92,Not on time
2,42,1,9003,1,1,120,1,Higher,Secondary,High-skilled,High-skilled,113.3,0,0,0,1,1,0,26,0,0,6,9,1,10,0,0,6,6,0,0,0,12.4,0.5,1.79,Not on time
1,17,1,9119,1,1,130,1,Basic,Basic,Manual skilled,High-skilled,119.9,1,0,1,1,1,0,20,0,0,5,5,0,0,0,0,5,5,0,0,5,9.4,-0.8,-3.12,Not on time
1,44,1,9003,1,39,140,1,Secondary,Basic,High-skilled,Low-skilled,140,0,0,0,1,1,0,25,0,0,6,16,3,11.25,0,0,6,14,4,11.2,0,15.5,2.8,-4.06,Not on time
1,17,1,9670,1,1,109,1,Secondary,Secondary,Clerical/service,Clerical/service,108,0,0,0,1,1,0,19,0,0,5,10,0,0,0,0,5,5,0,0,0,7.6,2.6,0.32,Not on time
1,39,2,9147,1,1,143,1,Basic,Higher,Clerical/service,High-skilled,100,1,0,0,1,1,0,24,0,0,5,8,3,10.666666666666700,1,0,5,5,1,14,0,9.4,-0.8,-3.12,Not on time
1,1,1,9130,1,1,125,1,Higher,Higher,High-skilled,High-skilled,132.4,0,0,0,1,1,0,20,0,0,5,7,4,11.75,0,0,5,5,5,13.4,0,7.6,2.6,0.32,Graduate
1,1,1,9147,1,1,136,1,Secondary,Higher,Low-skilled,Clerical/service,137.1,0,0,0,1,1,0,20,0,0,5,5,0,0,0,0,5,5,0,0,0,12.7,3.7,-1.7,Not on time
1,5,3,9070,1,1,157,1,Higher,Secondary,Low-skilled,Manual skilled,138.1,1,0,0,1,0,0,18,0,0,6,6,6,12.666666666666700,0,0,6,8,6,14.125,0,10.8,1.4,1.74,Graduate
4,39,1,9556,1,1,160,1,Basic,Higher,Low-skilled,High-skilled,130,0,0,0,1,0,0,25,0,0,7,14,7,11.95,0,0,8,15,7,12.042857142857100,0,12.7,3.7,-1.7,Not on time
1,17,1,9254,1,1,116,1,Basic,Basic,Low-skilled,Manual skilled,109.7,1,0,0,1,0,0,22,0,0,6,7,5,14,0,0,6,6,6,15.666666666666700,0,11.1,0.6,2.02,Graduate
1,43,1,8014,0,1,113,1,Basic,Basic,Other/unknown,Manual skilled,128.2,0,0,0,0,0,0,41,0,0,6,6,0,0,6,0,6,12,0,0,0,9.4,-0.8,-3.12,Not on time
1,1,2,9147,1,1,130,1,Basic,Basic,Manual skilled,Low-skilled,117.8,0,0,1,1,0,1,19,0,0,5,11,2,11.5,0,0,5,10,0,0,0,12.7,3.7,-1.7,Not on time
1,43,1,9130,1,1,150,1,Higher,Higher,High-skilled,Clerical/service,150,1,0,0,1,0,0,21,0,0,6,10,6,12,0,0,6,12,5,12.8,0,13.9,-0.3,0.79,Graduate
1,39,1,9085,1,1,110,1,Secondary,Secondary,Clerical/service,Clerical/service,160,1,0,1,1,0,0,30,0,0,6,7,6,16.428571428571400,0,0,6,7,6,16.666666666666700,0,13.9,-0.3,0.79,Not on time
1,1,5,9500,1,1,101,1,Basic,Basic,Low-skilled,Low-skilled,104.5,1,0,0,1,0,1,21,0,0,7,9,5,13.336000000000000,0,0,8,9,7,13.207142857142900,0,11.1,0.6,2.02,Graduate
2,39,2,9556,1,1,110,1,Basic,Basic,Low-skilled,Low-skilled,112.8,0,0,0,1,0,1,26,0,0,7,7,0,0,0,0,8,8,0,0,6,10.8,1.4,1.74,Not on time
1,15,1,9670,1,1,133.1,41,Secondary,Secondary,Low-skilled,Clerical/service,100,0,0,0,1,0,0,21,1,2,7,9,7,14.666666666666700,0,1,6,8,6,14,0,11.1,0.6,2.02,Graduate
1,1,1,9500,1,1,138,1,Secondary,Secondary,High-skilled,Clerical/service,132.5,1,0,0,1,0,0,18,0,0,8,8,7,14.115714285714300,0,0,8,8,7,14.115714285714300,0,10.8,1.4,1.74,Graduate
1,1,4,9085,1,1,138,1,Higher,Secondary,High-skilled,Clerical/service,123.3,1,0,0,1,0,1,19,0,0,6,7,6,14.857142857142900,0,0,6,10,6,13.11111111111110,0,12.4,0.5,1.79,Graduate
1,1,2,9085,1,1,141,1,Secondary,Basic,Low-skilled,Manual skilled,128.9,1,0,0,1,0,1,18,0,0,6,7,6,13.833333333333300,0,0,6,10,6,13.714285714285700,0,8.9,1.4,3.51,Graduate
1,17,2,9147,1,1,129,1,Higher,Higher,High-skilled,High-skilled,128.3,1,0,0,1,0,0,19,0,0,5,10,3,11,0,0,5,9,4,11.75,0,12.7,3.7,-1.7,Not on time
1,43,1,9085,1,1,127,1,Higher,Higher,High-skilled,Clerical/service,100,0,0,0,1,0,0,21,0,0,6,11,4,11.75,0,0,6,12,3,13.666666666666700,0,13.9,-0.3,0.79,Not on time
1,17,2,9147,1,1,133,1,Basic,Secondary,Low-skilled,High-skilled,120.1,1,0,0,1,0,1,18,0,0,5,15,2,10,0,0,5,14,2,12,0,13.9,-0.3,0.79,Not on time
1,39,1,9500,1,1,100,1,Basic,Basic,Manual skilled,Manual skilled,160,1,0,0,1,0,1,24,0,0,8,15,6,12.415,0,0,8,15,6,12.415,0,10.8,1.4,1.74,Graduate
1,1,1,9130,1,1,138,1,Higher,Higher,High-skilled,High-skilled,123,1,0,0,1,0,0,21,0,0,5,12,1,11,0,0,5,9,2,10.5,0,12.7,3.7,-1.7,Not on time
1,44,1,9085,1,39,150,1,Basic,Basic,Low-skilled,Low-skilled,150,1,0,0,1,0,0,23,0,1,6,14,5,14.428571428571400,0,1,6,7,6,13.428571428571400,0,16.2,0.3,-0.92,Graduate
1,17,2,9500,1,1,129,1,Basic,Basic,Clerical/service,Manual skilled,124,1,0,0,1,0,1,18,0,0,8,8,7,14.312857142857100,0,0,8,8,7,14.312857142857100,0,10.8,1.4,1.74,Graduate
1,39,1,9085,1,1,130,1,Higher,Secondary,High-skilled,Low-skilled,120,0,0,0,0,0,0,26,0,0,6,8,6,15.428571428571400,0,0,6,7,5,14.5,0,11.1,0.6,2.02,Not on time
1,1,1,9130,1,1,133,1,Basic,Basic,Clerical/service,Manual skilled,120.4,1,0,0,1,0,0,20,0,0,5,9,4,12,1,0,5,6,5,13.4,0,9.4,-0.8,-3.12,Graduate
1,1,1,9238,1,1,133,1,Higher,Secondary,Clerical/service,Clerical/service,131.6,0,0,0,1,0,0,18,0,0,6,7,6,13.833333333333300,0,0,6,7,6,13.714285714285700,0,11.1,0.6,2.02,Graduate
1,1,1,9238,1,1,107,1,Higher,Secondary,High-skilled,Other/unknown,104.2,1,0,0,1,0,0,20,0,0,6,6,6,12.166666666666700,0,0,6,7,6,12.142857142857100,0,11.1,0.6,2.02,Graduate
1,1,1,9500,1,1,131,1,Basic,Basic,Clerical/service,Clerical/service,122,1,0,0,1,0,0,20,0,0,8,8,7,14.014285714285700,0,0,8,8,7,14.014285714285700,0,12.7,3.7,-1.7,Not on time
1,17,2,9238,1,1,118,1,Secondary,Basic,Clerical/service,Other/unknown,110.7,1,1,0,1,0,0,18,0,0,6,15,2,10.333333333333300,3,0,6,13,3,13.333333333333300,0,12.7,3.7,-1.7,Not on time
1,1,4,9773,1,1,136,1,Secondary,Secondary,Low-skilled,Other/unknown,121.7,1,0,0,1,0,1,22,0,0,6,7,5,13.2,0,0,6,7,5,13.6,0,12.4,0.5,1.79,Graduate
1,1,1,9500,1,1,125,1,Basic,Basic,Low-skilled,Low-skilled,126,1,0,1,1,0,0,20,0,0,7,7,6,15.4,0,0,7,7,6,15.4,0,7.6,2.6,0.32,Graduate
1,17,4,9500,1,1,137,1,Secondary,Basic,Low-skilled,Low-skilled,128.4,1,0,0,1,0,1,19,0,0,7,7,7,13.385714285714300,0,0,8,8,8,15.925,0,13.9,-0.3,0.79,Graduate
1,1,1,9130,1,1,144,1,Higher,Secondary,High-skilled,Clerical/service,134.9,1,0,1,1,0,0,18,0,0,6,13,6,10.857142857142900,0,0,6,10,4,11,0,15.5,2.8,-4.06,Not on time
1,17,2,9147,1,1,146,1,Basic,Basic,Manual skilled,Manual skilled,143.9,0,0,0,1,0,0,18,0,0,5,11,5,11.333333333333300,0,0,5,8,5,12,0,13.9,-0.3,0.79,Graduate
1,1,4,9085,1,1,145,1,Basic,Secondary,Low-skilled,Low-skilled,145,1,0,0,1,0,1,19,0,0,5,7,4,14.5,0,0,5,5,5,13.6,0,10.8,1.4,1.74,Graduate
1,1,2,9070,1,1,126,1,Basic,Basic,Low-skilled,Low-skilled,132,1,0,0,1,0,1,19,0,0,6,6,6,14.166666666666700,0,0,6,8,6,12.375,0,10.8,1.4,1.74,Graduate
1,17,1,8014,0,1,141,1,Unknown,Unknown,Other/unknown,Other/unknown,136.1,0,0,0,1,0,0,24,0,0,6,7,6,12.833333333333300,0,0,6,8,6,12,0,7.6,2.6,0.32,Graduate
1,1,1,9238,1,1,141,1,Basic,Basic,Clerical/service,Clerical/service,138.9,0,0,0,1,0,0,21,0,0,6,7,6,13.333333333333300,0,0,6,6,6,14.5,0,10.8,1.4,1.74,Graduate
1,1,1,9238,1,1,133.1,1,Secondary,Secondary,High-skilled,High-skilled,102,1,0,0,1,0,1,20,0,0,6,7,6,13.666666666666700,0,0,6,7,6,14.571428571428600,0,11.1,0.6,2.02,Graduate
1,39,1,9254,1,1,133.1,1,Basic,Basic,Clerical/service,Manual skilled,123,0,0,1,0,0,1,28,0,0,6,6,6,10.833333333333300,0,0,6,7,5,11,0,13.9,-0.3,0.79,Not on time
1,1,2,9853,1,1,127,1,Basic,Basic,Low-skilled,Manual skilled,137.5,1,0,0,1,0,0,21,0,0,6,7,6,13.428571428571400,0,0,6,8,6,13.142857142857100,0,7.6,2.6,0.32,Graduate
1,1,1,9500,1,1,106,1,Basic,Basic,Low-skilled,Manual skilled,102.2,1,0,1,1,1,0,20,0,0,7,7,7,12.401428571428600,0,0,8,10,6,11.808333333333300,0,11.1,0.6,2.02,Not on time
1,42,1,9003,1,1,130,1,Higher,Higher,High-skilled,Manual skilled,105.3,0,0,0,0,1,0,36,0,0,6,8,0,0,0,0,6,10,0,0,0,16.2,0.3,-0.92,Not on time
2,39,1,9991,0,1,110,1,Basic,Basic,Low-skilled,Low-skilled,130,0,0,0,0,1,0,42,0,0,4,4,0,0,0,0,5,0,0,0,0,12.7,3.7,-1.7,Not on time
2,39,1,9991,0,1,150,1,Basic,Basic,Low-skilled,Manual skilled,122.5,0,0,0,1,1,0,47,0,0,5,9,4,11.5,0,0,5,6,5,11.6,1,7.6,2.6,0.32,Not on time
1,39,1,9119,1,1,160,1,Secondary,Basic,Clerical/service,Manual skilled,112,0,0,0,0,1,0,25,0,0,5,8,0,0,0,0,5,5,0,0,0,9.4,-0.8,-3.12,Not on time
1,39,1,9670,1,12,170,1,Secondary,Basic,High-skilled,Clerical/service,110,0,0,0,1,1,1,25,0,0,6,8,6,14.142857142857100,0,0,6,6,6,13.5,0,15.5,2.8,-4.06,Graduate
2,39,1,8014,0,19,133.1,1,Basic,Basic,Manual skilled,Manual skilled,149.5,0,0,0,1,1,0,48,0,0,6,6,0,0,0,0,5,6,0,0,0,12.4,0.5,1.79,Not on time
1,43,1,9991,0,1,120,1,Basic,Basic,Low-skilled,Manual skilled,141,0,0,0,1,1,1,32,0,5,10,12,10,13.8,0,5,10,10,10,12.8,0,10.8,1.4,1.74,Graduate
1,7,1,9991,0,40,130,1,Basic,Basic,Low-skilled,Manual skilled,130,0,0,0,1,1,0,38,0,10,10,10,10,13.6,0,5,10,10,5,13.6,0,8.9,1.4,3.51,Not on time
1,7,1,9238,1,40,130,1,Basic,Basic,Clerical/service,Clerical/service,130,0,0,0,1,1,0,37,0,11,16,23,15,11.733333333333300,0,6,11,17,9,11.88888888888890,0,15.5,2.8,-4.06,Graduate
1,39,2,9147,1,1,120,1,Basic,Basic,Low-skilled,Low-skilled,104,0,0,0,0,1,0,26,0,0,5,8,1,10,0,0,5,9,1,10,0,10.8,1.4,1.74,Not on time
1,44,1,9085,1,39,110,1,Higher,Higher,High-skilled,High-skilled,110,0,0,0,1,1,0,23,0,0,6,19,0,0,0,0,6,6,0,0,0,13.9,-0.3,0.79,Not on time
1,44,1,9003,1,39,120,1,Basic,Basic,High-skilled,Clerical/service,120,0,0,0,1,1,0,23,0,0,6,6,0,0,0,0,6,8,0,0,0,15.5,2.8,-4.06,Not on time
1,44,1,9003,1,39,130,1,Higher,Higher,Low-skilled,Manual skilled,130,0,0,0,1,1,0,20,0,0,6,12,4,10.8,0,0,6,13,4,12,0,12.4,0.5,1.79,Not on time
1,39,1,9500,1,4,150,1,Higher,Basic,High-skilled,Manual skilled,127,1,0,0,1,1,0,26,0,2,7,8,6,13.046666666666700,0,2,8,10,7,13.30625,0,11.1,0.6,2.02,Not on time
1,43,1,8014,0,1,120,1,Basic,Basic,Low-skilled,Clerical/service,100,0,0,0,1,0,0,45,0,5,9,13,8,11,0,3,7,10,6,10.833333333333300,0,12.7,3.7,-1.7,Not on time
1,39,1,8014,0,19,100,1,Basic,Basic,Clerical/service,Clerical/service,111,1,0,0,1,0,1,26,0,0,6,10,3,12.333333333333300,0,0,6,14,3,11.666666666666700,0,7.6,2.6,0.32,Not on time
1,43,1,8014,0,3,133.1,1,Secondary,Secondary,Other/unknown,Other/unknown,130,0,0,0,1,0,0,26,0,8,11,16,10,11.8,0,3,7,7,7,13.285714285714300,0,7.6,2.6,0.32,Graduate
1,39,1,9991,0,1,130,1,Basic,Basic,Low-skilled,Low-skilled,130.1,0,0,0,1,0,0,25,0,0,5,8,3,11,0,0,5,8,3,11.25,0,10.8,1.4,1.74,Not on time
1,16,4,9500,1,1,145,1,Secondary,Secondary,Clerical/service,Clerical/service,127.5,1,0,0,1,0,0,18,0,0,8,8,8,13.11,0,0,8,8,8,13.11,0,9.4,-0.8,-3.12,Graduate
1,7,1,9500,1,3,130,1,Basic,Basic,Manual skilled,Manual skilled,130,1,0,0,1,0,0,27,0,0,8,8,7,14.414285714285700,0,0,8,8,7,14.414285714285700,0,12.7,3.7,-1.7,Graduate
6,17,3,8014,0,1,115,1,Basic,Secondary,Clerical/service,Other/unknown,115,0,0,0,0,0,0,24,0,0,5,5,0,0,0,0,5,10,0,0,0,10.8,1.4,1.74,Not on time
1,17,1,9147,1,1,124,1,Basic,Basic,Manual skilled,Other/unknown,126.8,1,0,0,1,0,0,20,0,0,5,8,5,12.333333333333300,0,0,5,7,5,12.2,0,15.5,2.8,-4.06,Graduate
1,1,1,9500,1,1,124,1,Secondary,Basic,Low-skilled,Manual skilled,116.7,1,0,0,1,0,1,18,0,0,7,9,0,0,0,0,7,8,1,10,0,15.5,2.8,-4.06,Not on time
1,17,6,9556,1,1,134,1,Basic,Basic,Manual skilled,Manual skilled,128.5,1,0,0,1,0,1,18,0,0,7,9,7,14.1,0,0,8,8,8,13.3125,0,12.7,3.7,-1.7,Graduate
1,1,4,9500,1,1,137,1,Basic,Basic,Low-skilled,Low-skilled,127.5,1,0,0,1,0,0,18,0,0,8,8,8,13.045,0,0,8,8,8,13.045,0,9.4,-0.8,-3.12,Graduate
1,1,1,9500,1,1,124,1,Basic,Basic,High-skilled,Manual skilled,117.5,1,0,0,1,1,0,19,0,0,8,10,5,12.858,3,0,8,10,5,12.858,3,9.4,-0.8,-3.12,Not on time
1,42,3,9500,1,1,136,1,Secondary,Secondary,Clerical/service,Clerical/service,148.8,1,0,0,1,0,1,19,0,0,8,8,8,14.2525,0,0,8,8,8,14.2525,0,9.4,-0.8,-3.12,Graduate
1,1,4,9500,1,1,126,1,Secondary,Secondary,Clerical/service,Other/unknown,120.2,0,0,0,1,0,1,19,0,0,7,9,5,14.06,0,0,7,9,7,11.242857142857100,0,12.4,0.5,1.79,Not on time
1,1,4,9500,1,1,142,1,Basic,Basic,Low-skilled,Clerical/service,127.3,1,0,0,1,0,0,18,0,0,8,8,7,15.075714285714300,0,0,8,8,7,15.075714285714300,0,10.8,1.4,1.74,Graduate
1,17,2,171,1,1,141,1,Basic,Basic,Low-skilled,Low-skilled,136.1,1,0,0,1,0,1,18,0,0,0,0,0,0,0,0,0,0,0,0,0,12.7,3.7,-1.7,Not on time
1,43,2,9670,1,1,129,1,Higher,Higher,Clerical/service,Clerical/service,122.4,1,0,0,1,0,0,19,0,0,5,5,4,13.75,0,0,6,9,5,12.6,0,12.7,3.7,-1.7,Not on time
1,7,0,9003,1,3,130,1,Secondary,Basic,Clerical/service,Low-skilled,130,1,0,0,1,0,0,23,0,10,17,28,17,13.15,2,8,12,22,12,13.214285714285700,0,15.5,2.8,-4.06,Graduate
1,1,2,9238,1,1,136,1,Basic,Basic,Clerical/service,Manual skilled,121.7,1,0,0,1,0,1,21,0,0,6,9,5,12.333333333333300,0,0,6,7,5,11.8,0,13.9,-0.3,0.79,Graduate
1,1,3,9500,1,1,137,1,Basic,Basic,Clerical/service,Manual skilled,122.7,1,0,0,1,0,1,18,0,0,7,8,7,13.778571428571400,0,0,8,10,8,13.122222222222200,0,16.2,0.3,-0.92,Graduate
1,1,1,9853,1,1,125,1,Unknown,Basic,Low-skilled,Low-skilled,129.2,1,0,1,0,0,0,20,0,0,6,12,3,10.333333333333300,0,0,6,14,1,11,0,10.8,1.4,1.74,Not on time
1,43,1,9773,1,1,119,1,Basic,Basic,Clerical/service,Clerical/service,105,1,0,0,1,0,0,23,0,0,6,11,3,11.333333333333300,0,0,6,7,2,11,0,16.2,0.3,-0.92,Not on time
1,1,1,9238,1,1,132,1,Basic,Basic,Low-skilled,Manual skilled,129.9,1,0,0,1,0,0,20,0,0,6,7,5,13.2,0,0,6,6,6,12.666666666666700,0,10.8,1.4,1.74,Not on time
1,1,1,9070,1,1,152,1,Basic,Basic,Clerical/service,Manual skilled,136.3,0,0,0,1,0,1,18,0,1,6,8,6,13.571428571428600,1,0,6,11,6,12.375,0,13.9,-0.3,0.79,Graduate
1,1,1,8014,0,1,125,1,Basic,Basic,Low-skilled,Manual skilled,114.9,0,0,0,1,0,0,29,0,8,11,14,11,12.75,0,3,7,7,7,13.428571428571400,0,9.4,-0.8,-3.12,Graduate
1,39,1,9773,1,9,133.1,1,Basic,Secondary,Clerical/service,Clerical/service,102,1,0,0,1,1,0,28,0,0,6,11,3,13,0,0,6,15,1,12,0,7.6,2.6,0.32,Not on time
1,1,3,9670,1,1,120,1,Basic,Basic,Manual skilled,Manual skilled,111.3,1,0,0,1,1,0,19,0,0,5,7,3,11.333333333333300,0,0,5,7,4,11,0,9.4,-0.8,-3.12,Not on time
1,39,1,9670,1,1,148,1,Basic,Basic,Manual skilled,Manual skilled,130.9,0,0,1,0,1,0,24,0,0,6,12,0,0,0,0,6,9,0,0,0,10.8,1.4,1.74,Not on time
1,39,1,171,1,1,133.1,1,Basic,Basic,Low-skilled,Manual skilled,100,0,0,1,1,1,1,33,0,0,0,0,0,0,0,0,0,0,0,0,0,15.5,2.8,-4.06,Not on time
1,17,1,9147,1,1,115,1,Basic,Basic,Clerical/service,Manual skilled,112.9,1,0,0,0,1,0,19,0,0,5,7,2,12.5,0,0,5,13,1,11,0,9.4,-0.8,-3.12,Not on time
1,1,1,9085,1,1,120,1,Basic,Basic,Low-skilled,High-skilled,112.7,0,0,0,1,1,0,19,0,0,6,7,6,14.857142857142900,0,0,6,8,6,14.142857142857100,0,11.1,0.6,2.02,Graduate
4,39,1,8014,0,1,133.1,1,Basic,Basic,Manual skilled,Manual skilled,143,0,0,0,1,1,0,37,0,3,9,13,8,12,0,2,7,8,7,11.571428571428600,0,12.7,3.7,-1.7,Graduate
1,1,1,171,1,1,168,1,Basic,Basic,Low-skilled,Manual skilled,155.1,1,0,1,0,1,1,18,0,0,0,0,0,0,0,0,0,0,0,0,0,12.7,3.7,-1.7,Graduate
4,39,1,9991,0,1,130,1,Basic,Basic,Low-skilled,Low-skilled,127.6,0,0,0,1,1,0,29,0,0,5,5,0,0,0,0,5,5,0,0,0,7.6,2.6,0.32,Not on time
2,39,1,9500,1,38,133.1,1,Basic,Basic,Low-skilled,High-skilled,146.6,0,0,0,1,1,0,37,0,0,7,8,7,12.828571428571400,0,0,8,8,8,12.6875,0,13.9,-0.3,0.79,Graduate
1,39,1,9500,1,1,137,1,Basic,Basic,Low-skilled,Low-skilled,141,0,0,0,1,1,0,36,0,0,7,0,0,0,0,0,8,0,0,0,0,12.4,0.5,1.79,Not on time
1,1,2,9670,1,1,123,1,Secondary,Basic,Manual skilled,Manual skilled,120.6,1,0,0,1,1,0,19,0,0,6,6,6,13.333333333333300,0,0,6,8,5,14,0,8.9,1.4,3.51,Graduate
1,42,1,9500,1,1,150,1,Basic,Secondary,Low-skilled,High-skilled,110,1,0,0,1,1,1,33,0,6,14,20,14,13.072857142857100,6,6,14,20,14,13.072857142857100,6,9.4,-0.8,-3.12,Graduate
1,42,1,9119,1,1,120,1,Secondary,Secondary,Clerical/service,Manual skilled,108.6,0,0,0,0,1,0,34,0,2,7,13,5,12,0,2,7,7,3,11,0,15.5,2.8,-4.06,Not on time
1,1,1,9254,1,1,145,1,Higher,Basic,High-skilled,Manual skilled,134.9,1,0,0,1,0,0,18,0,0,6,6,6,15.5,0,0,6,6,6,16,0,12.4,0.5,1.79,Graduate
1,44,1,9130,1,39,120,1,Higher,Secondary,High-skilled,Clerical/service,120,1,0,0,1,0,0,20,0,0,6,6,0,0,0,0,6,6,0,0,0,12.4,0.5,1.79,Not on time
1,1,1,9773,1,1,142,1,Basic,Basic,Clerical/service,Manual skilled,141.3,0,0,0,1,0,1,19,0,0,6,7,6,14.714285714285700,0,0,6,6,6,15.166666666666700,0,13.9,-0.3,0.79,Graduate
1,1,3,9085,1,1,147,1,Basic,Basic,Low-skilled,High-skilled,135.6,1,0,0,1,0,0,20,0,0,6,7,6,16.714285714285700,0,0,6,6,6,15.333333333333300,0,13.9,-0.3,0.79,Graduate
1,1,1,9238,1,1,125,1,Basic,Basic,Low-skilled,Low-skilled,121.5,1,0,0,1,0,1,19,0,0,6,9,6,10.857142857142900,0,0,6,7,6,11.666666666666700,0,12.4,0.5,1.79,Graduate
1,1,4,9500,1,1,126,1,Basic,Basic,Low-skilled,Low-skilled,125,1,0,0,1,0,0,19,0,0,7,8,6,11.658333333333300,0,0,8,11,6,12.416666666666700,0,12.4,0.5,1.79,Graduate
1,18,2,9773,1,1,132,24,Basic,Basic,Low-skilled,Manual skilled,119.1,1,0,0,1,0,1,22,1,0,6,8,5,11.6,0,0,6,7,6,12,0,9.4,-0.8,-3.12,Graduate
1,1,1,9670,1,1,122,1,Secondary,Secondary,Clerical/service,Manual skilled,126.6,1,0,0,1,0,0,18,0,0,6,8,6,14.625,0,0,6,9,6,14.142857142857100,0,11.1,0.6,2.02,Not on time
1,1,1,9773,1,1,123,1,Secondary,Basic,Low-skilled,Low-skilled,116.7,0,0,0,1,0,1,18,0,0,6,6,6,12.166666666666700,0,0,6,8,6,12.666666666666700,0,12.4,0.5,1.79,Graduate
1,1,3,9500,1,1,126,1,Secondary,Basic,High-skilled,Manual skilled,120.1,1,0,0,1,0,0,19,0,0,7,12,4,13.375,0,0,7,8,6,12.116666666666700,0,12.4,0.5,1.79,Not on time
1,1,1,9853,1,1,128,1,Basic,Basic,Low-skilled,Low-skilled,124.9,0,0,0,1,0,1,19,0,0,6,6,6,12.5,0,0,6,6,6,12.833333333333300,0,12.7,3.7,-1.7,Graduate
1,39,1,9500,1,1,100,1,Basic,Secondary,High-skilled,Other/unknown,114,1,0,1,0,0,0,31,0,0,7,8,5,12.56,0,0,7,8,5,12.56,0,7.6,2.6,0.32,Not on time
1,17,5,9500,1,1,140,1,Secondary,Secondary,Clerical/service,High-skilled,131.1,1,0,0,1,0,0,18,0,0,7,7,7,13.19,0,0,8,8,8,14.23125,0,11.1,0.6,2.02,Graduate
1,1,1,9238,1,1,145,1,Secondary,Basic,Low-skilled,Low-skilled,129.3,0,0,1,1,0,1,19,0,0,6,11,3,11,0,0,6,9,4,11.25,0,10.8,1.4,1.74,Graduate
1,1,1,171,1,1,143,1,Higher,Basic,High-skilled,Other/unknown,129.7,1,0,0,1,0,0,18,0,0,0,0,0,0,0,0,0,0,0,0,0,13.9,-0.3,0.79,Graduate
1,17,1,9238,1,1,132,1,Basic,Basic,Low-skilled,Clerical/service,120.8,0,0,0,1,0,1,19,0,0,6,11,5,11.6,0,0,6,10,6,11.714285714285700,0,15.5,2.8,-4.06,Graduate
1,1,1,9500,1,1,130,1,Basic,Basic,Low-skilled,Manual skilled,135,0,0,0,1,0,0,19,0,0,7,7,6,14.266666666666700,0,0,7,7,6,14.266666666666700,0,7.6,2.6,0.32,Graduate
1,1,1,9147,1,1,129,1,Basic,Basic,Low-skilled,Manual skilled,117.8,0,0,0,1,0,1,19,0,0,5,6,4,11,0,0,5,9,4,13.857142857142900,0,10.8,1.4,1.74,Not on time
2,7,1,8014,0,3,124.4,1,Basic,Unknown,Other/unknown,Other/unknown,130,0,0,0,1,0,0,30,0,8,10,11,9,12.666666666666700,0,3,7,7,7,12.428571428571400,1,7.6,2.6,0.32,Graduate
1,43,1,9773,1,1,127,1,Basic,Secondary,Clerical/service,Clerical/service,117.6,1,0,0,1,0,0,18,0,0,6,6,0,0,0,0,6,10,3,11,0,16.2,0.3,-0.92,Not on time
1,18,6,9500,1,1,144,1,Secondary,Secondary,High-skilled,Manual skilled,130.8,1,0,0,1,0,0,18,0,0,8,11,7,12.771428571428600,0,0,8,11,7,12.771428571428600,0,12.7,3.7,-1.7,Graduate
1,18,5,9085,1,1,121,1,Higher,Higher,High-skilled,High-skilled,111.9,1,0,0,1,0,0,21,0,0,5,12,0,0,3,0,5,5,0,0,0,12.7,3.7,-1.7,Not on time
1,44,1,9238,1,1,150,1,Secondary,Basic,Clerical/service,Low-skilled,145.9,0,0,0,1,0,1,19,0,3,6,6,6,15.5,0,2,6,7,6,13.571428571428600,0,13.9,-0.3,0.79,Graduate
1,17,1,9670,1,1,115,1,Secondary,Secondary,Clerical/service,Clerical/service,109.1,1,0,0,1,0,1,19,0,0,6,7,6,13.285714285714300,0,0,6,9,5,14.6,0,12.4,0.5,1.79,Not on time
1,1,5,9500,1,1,125,1,Higher,Basic,Clerical/service,Manual skilled,120.3,1,0,0,1,0,0,19,0,0,7,11,5,11.716666666666700,0,0,7,8,5,13.7,0,13.9,-0.3,0.79,Not on time
1,17,1,9130,1,1,117,1,Basic,Basic,Clerical/service,Clerical/service,113.5,1,0,0,1,0,0,19,0,0,6,8,6,11.333333333333300,0,0,6,12,4,13.75,0,8.9,1.4,3.51,Not on time
1,1,2,9670,1,1,121,1,Secondary,Basic,Clerical/service,Manual skilled,135.4,1,0,0,1,0,1,19,0,0,6,6,6,13.333333333333300,0,0,6,10,5,13.4,0,8.9,1.4,3.51,Graduate
2,39,1,9991,0,1,140,1,Basic,Basic,Low-skilled,Manual skilled,130.2,0,0,0,1,0,1,39,0,0,5,13,4,12.333333333333300,0,0,5,14,2,10,4,16.2,0.3,-0.92,Graduate
1,1,2,9070,1,1,129,1,Higher,Higher,High-skilled,High-skilled,136.4,1,0,0,1,0,0,18,0,0,6,6,6,12.333333333333300,0,0,6,6,6,12.833333333333300,0,7.6,2.6,0.32,Not on time
1,17,1,171,1,1,130,1,Higher,Secondary,Low-skilled,Low-skilled,126.9,1,0,0,1,0,0,20,0,0,0,0,0,0,0,0,0,0,0,0,0,12.7,3.7,-1.7,Not on time
1,17,5,9147,1,1,131,1,Basic,Basic,High-skilled,Other/unknown,119.8,1,0,0,1,0,0,19,0,0,5,8,5,12.6,0,0,5,9,4,11.6,0,8.9,1.4,3.51,Graduate
1,17,3,9147,1,1,137,1,Secondary,Secondary,Clerical/service,Manual skilled,124.4,1,0,0,1,0,0,18,0,0,5,5,5,12.6,0,0,5,5,4,11,0,11.1,0.6,2.02,Not on time
2,39,1,9003,1,1,150,1,Higher,Higher,High-skilled,High-skilled,120,0,0,1,0,0,0,34,0,1,6,10,6,14.333333333333300,0,0,6,9,6,12.833333333333300,0,11.1,0.6,2.02,Not on time
1,1,2,9670,1,1,117,1,Basic,Basic,Low-skilled,Low-skilled,111.8,0,0,0,1,0,0,22,0,0,5,8,3,12,0,0,5,9,2,11,1,7.6,2.6,0.32,Not on time
1,39,1,9085,1,1,133.1,1,Basic,Basic,Manual skilled,Manual skilled,130,1,0,0,1,0,0,24,0,0,6,7,6,14.857142857142900,0,0,6,10,5,13.6,0,13.9,-0.3,0.79,Graduate
2,43,1,9147,1,1,130,1,Basic,Basic,Manual skilled,Other/unknown,138,0,0,0,1,0,0,34,0,12,15,17,12,11.916666666666700,0,11,13,13,11,13.181818181818200,0,7.6,2.6,0.32,Graduate
2,39,1,9991,0,1,110,1,Unknown,Unknown,Other/unknown,Other/unknown,114.6,1,0,0,1,0,0,46,0,0,5,5,0,0,0,0,5,5,0,0,0,7.6,2.6,0.32,Not on time
2,39,2,9147,1,1,140,1,Basic,Basic,Low-skilled,Manual skilled,108,0,0,0,1,0,0,50,0,0,5,12,3,13.333333333333300,1,0,5,8,5,12.2,0,9.4,-0.8,-3.12,Not on time
1,39,1,9991,0,1,140,1,Basic,Basic,Low-skilled,Clerical/service,140,0,0,0,0,0,0,37,0,0,5,5,0,0,0,0,5,5,0,0,0,15.5,2.8,-4.06,Not on time
1,1,2,9085,1,1,148,1,Basic,Basic,Clerical/service,Low-skilled,134.7,1,0,0,1,0,0,18,0,0,6,6,6,17,0,0,6,6,6,15.5,0,8.9,1.4,3.51,Graduate
1,39,1,9085,1,1,130,1,Basic,Basic,Manual skilled,Manual skilled,110,0,0,0,1,0,1,25,0,0,6,13,3,11.666666666666700,0,0,6,14,2,11.333333333333300,0,11.1,0.6,2.02,Not on time
2,39,1,9003,1,1,140,1,Basic,Basic,Low-skilled,Manual skilled,104.8,0,0,0,1,0,0,46,0,14,19,24,19,12.210526315789500,0,11,13,13,13,11.384615384615400,0,15.5,2.8,-4.06,Graduate
2,39,1,9070,1,1,160,1,Higher,Secondary,High-skilled,Clerical/service,126.5,0,0,0,1,0,1,30,0,1,6,8,6,13,1,0,6,9,5,12.857142857142900,0,13.9,-0.3,0.79,Graduate
4,1,1,9991,0,1,130,1,Basic,Basic,Low-skilled,Low-skilled,118.1,0,0,1,0,0,0,37,0,0,5,0,0,0,0,0,5,0,0,0,0,12.7,3.7,-1.7,Not on time
2,39,1,9991,0,1,120,1,Basic,Basic,Low-skilled,Low-skilled,119.9,0,0,0,1,0,0,50,0,0,5,9,2,10.5,0,0,5,7,3,11,0,12.7,3.7,-1.7,Not on time
1,44,1,9003,1,39,160,1,Basic,Basic,Low-skilled,Manual skilled,160,1,0,0,1,0,0,20,0,0,6,7,6,13.571428571428600,0,0,6,9,6,12.714285714285700,0,12.4,0.5,1.79,Graduate
2,39,2,9556,1,12,133.1,1,Unknown,Unknown,Other/unknown,Other/unknown,100.5,0,0,0,1,0,0,39,0,0,3,7,1,14,0,0,2,4,0,0,0,11.1,0.6,2.02,Not on time
2,39,1,9773,1,19,133.1,1,Basic,Basic,Low-skilled,Manual skilled,110,0,0,0,0,0,0,53,0,0,5,5,0,0,0,0,4,5,0,0,0,15.5,2.8,-4.06,Not on time
2,42,1,9147,1,1,100,1,Basic,Basic,Low-skilled,Low-skilled,100,1,0,0,1,0,0,54,0,13,15,20,13,12.461538461538500,1,10,13,13,10,11.1,1,15.5,2.8,-4.06,Not on time
1,44,1,9085,1,39,140,1,Higher,Higher,Clerical/service,High-skilled,140,1,0,0,1,0,0,19,0,0,6,8,4,14.4,0,0,6,6,5,13,0,13.9,-0.3,0.79,Graduate
1,18,2,9773,1,1,109,1,Secondary,Secondary,Clerical/service,Clerical/service,109,1,0,0,0,0,0,20,0,0,6,6,0,0,0,0,6,0,0,0,0,8.9,1.4,3.51,Not on time
1,1,3,9773,1,1,130,1,Secondary,Basic,Clerical/service,Clerical/service,120.9,1,0,1,1,0,0,18,0,0,6,6,6,14.333333333333300,0,0,6,6,6,14.166666666666700,0,8.9,1.4,3.51,Graduate
1,53,1,9003,1,42,130,1,Secondary,Secondary,Clerical/service,Clerical/service,125.8,0,0,1,1,0,0,21,0,7,13,21,11,11.909090909090900,0,5,11,14,11,10.727272727272700,0,8.9,1.4,3.51,Graduate
1,18,3,9070,1,1,164,1,Secondary,Secondary,Clerical/service,High-skilled,161.2,1,0,0,1,0,0,18,0,1,6,8,6,13.714285714285700,1,0,6,8,6,14.375,0,13.9,-0.3,0.79,Graduate
1,1,1,9500,1,1,125,1,Basic,Basic,Low-skilled,Other/unknown,122,1,0,1,1,0,0,19,0,0,7,0,0,0,0,0,8,0,0,0,0,11.1,0.6,2.02,Not on time
1,17,1,9500,1,1,137,1,Secondary,Secondary,Low-skilled,Low-skilled,127.9,1,0,0,1,0,1,18,0,0,7,10,5,13.46,0,0,7,8,7,12.2375,0,11.1,0.6,2.02,Not on time
1,1,1,9773,1,1,133,1,Secondary,Higher,High-skilled,High-skilled,135.8,1,0,0,1,0,0,19,0,0,6,6,6,15,0,0,6,6,6,13.333333333333300,0,11.1,0.6,2.02,Graduate
1,1,1,171,1,1,163,1,Secondary,Secondary,Clerical/service,High-skilled,149.7,1,0,0,1,0,1,18,0,0,0,0,0,0,0,0,0,0,0,0,0,13.9,-0.3,0.79,Not on time
1,1,2,9670,1,1,160,1,Higher,Secondary,Clerical/service,Clerical/service,137.3,1,0,0,1,0,0,19,0,0,6,7,5,13.4,0,0,6,6,5,12.8,0,12.7,3.7,-1.7,Graduate
4,43,1,8014,0,12,133.1,1,Unknown,Unknown,Other/unknown,Other/unknown,106,1,0,0,1,0,0,48,0,0,6,9,5,13,0,0,6,10,4,12.5,0,7.6,2.6,0.32,Not on time
4,43,1,9238,1,1,120,1,Basic,Basic,Low-skilled,Low-skilled,110,0,0,1,1,0,0,34,0,0,6,13,4,11.25,0,0,6,8,4,13.75,0,13.9,-0.3,0.79,Graduate
1,1,1,9085,1,1,140,1,Higher,Higher,High-skilled,High-skilled,146.4,0,0,0,1,0,0,18,0,0,5,5,5,12.6,0,0,5,7,5,11.6,0,7.6,2.6,0.32,Graduate
2,39,1,8014,0,1,140,1,Basic,Basic,Low-skilled,Low-skilled,121,0,0,0,1,0,0,50,0,0,6,8,6,12.666666666666700,0,0,6,6,6,11.833333333333300,0,10.8,1.4,1.74,Graduate
1,43,1,9853,1,1,140,1,Basic,Basic,Manual skilled,Manual skilled,125.2,0,0,1,1,0,0,41,0,20,21,23,21,12.333333333333300,0,19,19,19,19,12.105263157894700,0,12.4,0.5,1.79,Graduate
1,17,2,9773,1,1,115,1,Secondary,Secondary,Clerical/service,Clerical/service,119.6,1,0,0,1,0,1,22,0,0,6,11,5,12,0,0,6,11,5,11,0,7.6,2.6,0.32,Not on time
4,39,1,9147,1,1,140,1,Basic,Basic,Low-skilled,Low-skilled,142.8,0,0,0,1,0,0,43,0,0,5,5,5,16.4,0,0,5,5,5,16.6,0,7.6,2.6,0.32,Graduate
2,39,1,8014,0,19,133.1,1,Higher,Basic,Other/unknown,Other/unknown,123.5,0,0,0,1,0,0,50,0,0,1,1,0,0,1,0,6,0,0,0,0,10.8,1.4,1.74,Not on time
1,39,1,9003,1,19,133.1,1,Basic,Basic,Low-skilled,Low-skilled,100,0,0,0,1,0,0,60,0,0,6,10,6,12.75,0,0,6,6,4,14.75,0,13.9,-0.3,0.79,Graduate
2,39,1,9147,1,1,110,1,Basic,Basic,Low-skilled,Other/unknown,140,0,0,0,1,0,0,41,0,0,5,14,4,14.5,1,0,5,12,5,13,0,9.4,-0.8,-3.12,Not on time
2,39,1,9991,0,19,133.1,1,Basic,Basic,Low-skilled,Low-skilled,150.3,0,0,0,1,0,0,47,0,0,5,5,5,14.8,0,0,5,5,5,14.4,0,7.6,2.6,0.32,Graduate
1,1,1,171,1,3,116,1,Higher,Higher,High-skilled,High-skilled,128.2,0,0,0,1,0,0,22,0,12,17,22,17,10.36842105263160,0,14,17,18,17,11.5,0,11.1,0.6,2.02,Graduate
2,39,1,9500,1,1,110,1,Basic,Basic,Low-skilled,Manual skilled,114.3,0,0,0,1,0,0,41,0,0,7,0,0,0,0,0,8,0,0,0,0,10.8,1.4,1.74,Not on time
2,43,1,9991,0,1,140,1,Basic,Basic,Clerical/service,Manual skilled,117.3,0,0,0,1,0,0,28,0,6,10,15,6,10.666666666666700,0,5,10,17,9,11.333333333333300,1,7.6,2.6,0.32,Not on time
5,42,1,9254,1,2,120,1,Basic,Basic,Clerical/service,Low-skilled,120,0,0,0,1,0,0,32,0,9,15,21,13,12.692307692307700,0,12,15,22,13,12.384615384615400,0,10.8,1.4,1.74,Graduate
2,39,1,9991,0,12,133.1,1,Basic,Unknown,Other/unknown,Other/unknown,110.7,1,0,0,1,0,0,50,0,0,5,0,0,0,0,0,5,0,0,0,0,7.6,2.6,0.32,Not on time
1,51,1,9147,1,1,160,1,Secondary,Basic,Low-skilled,Other/unknown,118,0,0,0,1,0,0,53,0,14,15,15,15,11.8,0,12,13,13,12,11.666666666666700,1,8.9,1.4,3.51,Not on time
1,39,1,9556,1,1,133.1,6,Higher,Higher,Clerical/service,Clerical/service,169.2,0,0,1,0,0,0,54,1,0,7,7,0,0,0,0,5,10,0,0,0,12.4,0.5,1.79,Not on time
1,39,1,8014,0,1,120,1,Basic,Basic,Low-skilled,Manual skilled,106.8,0,0,0,1,0,0,49,0,0,6,9,5,12.333333333333300,0,0,6,12,4,11.5,0,13.9,-0.3,0.79,Not on time
2,42,1,9853,1,1,133.1,1,Basic,Basic,Clerical/service,Manual skilled,100,0,0,0,1,0,0,34,0,6,12,18,11,13,0,4,13,22,8,11.875,0,12.7,3.7,-1.7,Not on time
4,39,1,8014,0,1,133.1,1,Basic,Basic,Clerical/service,Manual skilled,144.5,0,0,0,1,0,0,45,0,0,6,13,4,12.5,0,0,6,8,3,11.666666666666700,0,16.2,0.3,-0.92,Not on time
4,39,1,8014,0,19,133.1,1,Basic,Basic,Low-skilled,Manual skilled,134.5,0,0,0,1,0,1,47,0,0,6,8,5,12.2,0,0,6,10,4,11.25,0,12.4,0.5,1.79,Graduate
1,43,1,9238,1,1,122,1,Basic,Basic,Clerical/service,Clerical/service,114.3,1,0,0,1,0,0,22,0,5,10,15,8,11,0,2,7,16,5,11.2,0,9.4,-0.8,-3.12,Not on time
2,39,1,9991,0,1,133.1,1,Basic,Basic,Low-skilled,Low-skilled,113.4,0,0,0,1,0,0,33,0,0,5,14,1,10,0,0,5,13,2,12,0,12.4,0.5,1.79,Not on time
2,39,1,8014,0,1,140,1,Basic,Basic,Low-skilled,Low-skilled,128,0,0,0,1,0,1,43,0,0,6,7,6,12.333333333333300,0,0,6,8,6,11.5,0,8.9,1.4,3.51,Graduate
1,7,1,9003,1,3,120,1,Basic,Basic,Manual skilled,Manual skilled,120,0,0,0,1,0,0,54,0,9,13,13,13,14.307692307692300,0,5,12,15,12,15.23076923076920,0,15.5,2.8,-4.06,Graduate
1,39,1,8014,0,2,130,1,Basic,Basic,Clerical/service,Manual skilled,147.5,0,0,0,1,0,0,39,0,7,11,13,11,14.454545454545500,0,6,8,8,8,13.5,0,12.7,3.7,-1.7,Graduate
2,39,1,9991,0,1,120,1,Basic,Basic,Low-skilled,Low-skilled,120.7,0,0,0,1,0,0,39,0,0,5,6,5,11,0,0,5,5,5,13.2,0,7.6,2.6,0.32,Graduate
1,1,1,9853,1,1,153,1,Basic,Basic,Low-skilled,Low-skilled,153.7,0,0,0,1,0,1,18,0,0,6,8,6,13.142857142857100,0,0,6,6,6,12.833333333333300,0,15.5,2.8,-4.06,Graduate
1,17,1,9238,1,1,131,1,Basic,Basic,Low-skilled,Manual skilled,121.9,0,0,0,1,0,1,19,0,0,6,8,6,13.75,0,0,6,7,6,11.857142857142900,0,16.2,0.3,-0.92,Graduate
1,17,4,9670,1,1,126,1,Basic,Basic,Low-skilled,Manual skilled,119.4,1,0,0,1,0,1,18,0,0,6,6,6,14,0,0,6,9,5,13.8,0,8.9,1.4,3.51,Graduate
2,39,1,8014,0,12,110,1,Unknown,Unknown,Other/unknown,Other/unknown,157.8,0,0,0,1,0,0,44,0,5,8,13,8,13.75,0,2,6,9,6,12.5,0,7.6,2.6,0.32,Graduate
1,39,1,9991,0,1,150,1,Higher,Secondary,High-skilled,Low-skilled,154,0,0,0,1,0,0,27,0,0,5,5,0,0,0,0,5,6,0,0,0,12.4,0.5,1.79,Not on time
1,1,2,9670,1,1,131,1,Secondary,Basic,Clerical/service,Manual skilled,135.9,1,0,0,1,0,1,18,0,0,6,6,6,13.166666666666700,0,0,6,8,6,12.428571428571400,0,8.9,1.4,3.51,Graduate
2,43,1,8014,0,1,130,1,Unknown,Unknown,Other/unknown,Other/unknown,130,0,0,0,1,0,0,45,0,10,12,12,9,12.444444444444400,3,4,7,8,6,12,0,9.4,-0.8,-3.12,Not on time
1,17,4,9853,1,1,122,1,Basic,Basic,Low-skilled,Low-skilled,118.9,1,0,0,1,0,0,20,0,0,6,7,6,12.666666666666700,0,0,6,7,5,13,0,7.6,2.6,0.32,Graduate
2,1,1,8014,0,1,151,1,Basic,Basic,Low-skilled,Low-skilled,152.4,0,0,0,1,0,0,40,0,0,6,7,6,11.333333333333300,0,0,6,7,6,10.5,0,10.8,1.4,1.74,Graduate
1,39,1,9991,0,1,120,1,Basic,Basic,Manual skilled,Manual skilled,147.8,0,0,0,1,0,0,40,0,0,5,9,4,11.25,0,0,5,6,5,12,0,13.9,-0.3,0.79,Not on time
1,43,1,9500,1,1,136,1,Higher,Higher,High-skilled,High-skilled,100,0,0,0,1,0,0,18,0,0,7,8,7,13.6125,0,0,8,8,8,14.575,0,13.9,-0.3,0.79,Graduate
1,18,6,9500,1,1,140,1,Higher,Basic,High-skilled,Manual skilled,129,1,0,0,1,0,0,21,0,0,8,8,7,12.414285714285700,0,0,8,8,7,12.414285714285700,0,12.7,3.7,-1.7,Graduate
1,17,2,171,1,1,131,1,Higher,Secondary,High-skilled,High-skilled,148.9,1,0,0,1,0,0,20,0,0,0,0,0,0,0,0,0,0,0,0,0,9.4,-0.8,-3.12,Graduate
2,43,1,9991,0,2,120,1,Basic,Basic,Low-skilled,Manual skilled,120,0,0,0,1,0,0,36,0,8,12,21,11,11.5,0,7,12,22,12,11.4375,0,9.4,-0.8,-3.12,Not on time
2,7,1,8014,0,3,170,1,Basic,Basic,Clerical/service,Clerical/service,170,0,0,0,1,0,0,27,0,0,5,5,0,0,0,0,6,0,0,0,0,9.4,-0.8,-3.12,Not on time
2,39,1,9556,1,1,100,6,Basic,Basic,Low-skilled,Low-skilled,130,0,0,0,1,0,0,32,1,0,7,10,7,11,0,0,8,8,8,13.125,0,12.7,3.7,-1.7,Graduate
1,17,1,9238,1,1,116,1,Secondary,Secondary,High-skilled,High-skilled,119.2,1,0,0,1,0,1,18,0,0,6,6,6,14,0,0,6,6,6,13.5,0,8.9,1.4,3.51,Graduate
1,39,1,8014,0,1,133.1,1,Basic,Basic,Low-skilled,Manual skilled,129,0,0,0,1,0,0,37,0,0,6,13,4,12,0,0,6,10,3,12,0,16.2,0.3,-0.92,Not on time
1,17,1,9773,1,1,136,1,Higher,Secondary,High-skilled,High-skilled,132.5,1,0,0,1,0,0,19,0,0,6,7,6,12.5,0,0,6,7,6,12.5,0,10.8,1.4,1.74,Graduate
4,39,2,8014,0,1,160,1,Basic,Basic,Manual skilled,Clerical/service,115,0,0,0,1,0,1,41,0,0,6,8,6,11.333333333333300,0,0,6,9,6,11.333333333333300,0,10.8,1.4,1.74,Graduate
2,1,4,9500,1,1,140,1,Secondary,Basic,Clerical/service,Low-skilled,128,0,0,0,1,0,1,18,0,0,7,7,6,14.066666666666700,0,0,7,7,6,14.066666666666700,0,7.6,2.6,0.32,Graduate
1,43,1,9085,1,1,130,1,Basic,Basic,Other/unknown,Other/unknown,125.1,0,0,0,1,0,0,21,0,2,9,14,8,13.555555555555600,0,2,7,10,7,13.571428571428600,0,7.6,2.6,0.32,Graduate
1,44,1,9003,1,1,140,1,Secondary,Basic,High-skilled,Low-skilled,140,1,0,1,0,0,0,23,0,0,6,13,5,11.6,0,0,6,11,4,12.25,0,12.4,0.5,1.79,Not on time
1,17,2,9773,1,1,123,1,Secondary,Secondary,High-skilled,High-skilled,120.9,1,0,0,1,0,0,18,0,0,6,0,0,0,0,0,6,0,0,0,0,13.9,-0.3,0.79,Not on time
1,1,6,9500,1,1,143,1,Basic,Basic,Clerical/service,Clerical/service,135.3,1,0,0,1,0,0,18,0,0,8,8,8,13.27625,0,0,8,8,8,13.27625,0,9.4,-0.8,-3.12,Graduate
1,43,4,9085,1,1,133.1,1,Unknown,Unknown,Other/unknown,Other/unknown,125.2,0,0,0,1,0,0,21,0,0,6,0,0,0,0,0,6,0,0,0,0,7.6,2.6,0.32,Not on time
1,1,2,9238,1,1,136,1,Secondary,Basic,Other/unknown,Manual skilled,135.7,1,0,0,1,0,0,19,0,0,6,8,6,14.375,0,0,6,8,6,14.75,0,7.6,2.6,0.32,Graduate
6,39,2,9147,1,1,133.1,1,Basic,Basic,Low-skilled,Low-skilled,110,0,0,0,1,0,0,47,0,0,5,0,0,0,0,0,5,0,0,0,0,9.4,-0.8,-3.12,Not on time
6,39,1,8014,0,1,133.1,1,Basic,Basic,Low-skilled,Low-skilled,119,0,0,0,1,0,1,48,0,0,6,7,6,10.666666666666700,0,0,6,9,5,11.8,0,10.8,1.4,1.74,Not on time
2,7,1,8014,0,3,110,1,Basic,Basic,Low-skilled,Low-skilled,110,0,0,0,1,0,0,39,0,9,13,19,12,13.416666666666700,0,4,10,10,10,14.5,0,16.2,0.3,-0.92,Graduate
1,1,1,9500,1,1,118,1,Basic,Basic,Manual skilled,Manual skilled,115.2,1,0,0,1,0,0,19,0,0,7,9,6,12.97166666666670,0,0,8,9,7,12.321428571428600,0,11.1,0.6,2.02,Graduate
1,43,1,9991,0,2,110,1,Basic,Basic,Low-skilled,Low-skilled,112.9,0,0,0,1,0,0,38,0,14,15,16,14,10.928571428571400,0,12,14,16,12,11.833333333333300,0,9.4,-0.8,-3.12,Not on time
5,39,1,9003,1,19,133.1,1,Basic,Secondary,Low-skilled,Low-skilled,119.4,0,0,1,0,0,0,27,0,0,6,6,0,0,0,0,6,7,0,0,0,8.9,1.4,3.51,Not on time
1,1,1,171,1,1,162,1,Basic,Basic,Clerical/service,Manual skilled,152.9,1,0,0,1,0,1,18,0,0,0,0,0,0,0,0,0,0,0,0,0,12.4,0.5,1.79,Graduate
1,39,1,8014,0,1,155,1,Basic,Basic,Clerical/service,Clerical/service,117.5,0,0,0,1,0,0,34,0,0,6,6,4,13.25,0,0,6,6,0,0,0,12.7,3.7,-1.7,Not on time
2,39,1,9238,1,19,133.1,1,Basic,Basic,Clerical/service,Clerical/service,98.5,0,0,0,1,0,0,48,0,0,6,14,6,11.333333333333300,0,0,6,11,5,12.4,0,15.5,2.8,-4.06,Not on time
1,39,1,9670,1,1,150,1,Unknown,Unknown,Other/unknown,Other/unknown,108,0,0,0,1,0,0,25,0,0,5,6,1,11,0,0,5,5,0,0,0,7.6,2.6,0.32,Not on time
2,39,1,9500,1,1,133.1,1,Basic,Basic,Manual skilled,Manual skilled,120,0,0,0,1,0,1,32,0,0,8,9,7,12.757142857142900,0,0,8,9,7,12.757142857142900,0,12.7,3.7,-1.7,Graduate
1,1,1,9773,1,1,154,1,Basic,Basic,Low-skilled,Manual skilled,150.2,0,0,0,1,0,1,18,0,0,6,6,6,14.5,0,0,6,6,6,14.666666666666700,0,16.2,0.3,-0.92,Graduate
1,44,1,8014,0,39,140,1,Secondary,Higher,Clerical/service,Manual skilled,139.2,0,0,1,1,0,0,20,0,3,6,6,6,13.833333333333300,0,2,6,7,6,14.571428571428600,0,12.4,0.5,1.79,Graduate
1,1,1,9147,1,1,158,1,Basic,Basic,Low-skilled,Manual skilled,130,1,0,0,1,0,0,20,0,0,5,8,4,11.25,0,0,5,7,5,10.4,0,7.6,2.6,0.32,Graduate
1,1,1,171,1,1,122,1,Basic,Basic,Low-skilled,High-skilled,115.7,1,0,0,1,0,0,20,0,0,0,0,0,0,0,0,0,0,0,0,0,9.4,-0.8,-3.12,Not on time
1,1,3,9500,1,1,136,1,Secondary,Secondary,Clerical/service,Clerical/service,127,1,0,0,1,0,0,19,0,0,8,10,1,13.67,7,0,8,10,1,13.67,7,9.4,-0.8,-3.12,Not on time
1,39,1,9991,0,9,133.1,1,Basic,Unknown,Other/unknown,Other/unknown,118.1,1,0,0,1,0,0,39,0,0,5,9,0,0,0,0,5,5,2,12.5,0,7.6,2.6,0.32,Not on time
1,1,1,9130,1,1,132,1,Secondary,Secondary,Other/unknown,Clerical/service,119.1,1,0,1,1,0,0,29,0,0,5,10,1,13,4,0,5,14,0,0,8,10.8,1.4,1.74,Not on time
1,39,1,9991,0,1,130,1,Basic,Basic,Manual skilled,Manual skilled,111.9,0,0,1,1,0,0,36,0,0,5,5,0,0,0,0,5,5,0,0,0,12.7,3.7,-1.7,Not on time
1,1,6,9500,1,1,144,1,Basic,Basic,Low-skilled,Low-skilled,130.5,1,0,0,1,0,0,18,0,0,8,12,7,11.971428571428600,0,0,8,12,7,11.971428571428600,0,12.7,3.7,-1.7,Graduate
2,39,1,8014,0,12,133.1,1,Unknown,Unknown,Other/unknown,Other/unknown,135,0,0,0,1,0,0,51,0,0,6,12,0,0,0,1,6,11,0,0,1,7.6,2.6,0.32,Not on time
1,43,1,9773,1,1,133.1,22,Unknown,Unknown,Other/unknown,Other/unknown,130,0,0,1,1,0,0,23,1,0,6,11,1,16,0,0,6,8,4,12.25,0,7.6,2.6,0.32,Not on time
1,44,1,9085,1,1,150,1,Basic,Secondary,Manual skilled,Manual skilled,150,1,0,0,1,0,0,21,0,0,6,0,0,0,0,0,6,0,0,0,0,10.8,1.4,1.74,Not on time
1,43,5,9853,1,1,150,1,Unknown,Unknown,Other/unknown,Other/unknown,150.2,1,0,0,0,0,0,28,0,0,6,9,4,12.75,1,0,5,5,0,0,5,9.4,-0.8,-3.12,Not on time
2,39,1,9991,0,1,110,1,Basic,Basic,Low-skilled,High-skilled,127.1,0,0,0,1,0,0,34,0,0,5,9,4,11,0,0,5,10,4,10.75,1,7.6,2.6,0.32,Not on time
1,39,1,8014,0,1,100,1,Basic,Basic,Manual skilled,Clerical/service,107.5,0,0,0,1,0,0,41,0,0,2,2,0,0,0,0,6,0,0,0,0,12.7,3.7,-1.7,Not on time
4,39,1,8014,0,3,100,1,Basic,Basic,Low-skilled,Low-skilled,130,0,0,0,1,0,1,43,0,0,6,7,5,12.2,0,0,6,6,6,12.333333333333300,0,9.4,-0.8,-3.12,Graduate
2,39,2,9556,1,1,133.1,105,Secondary,Higher,Low-skilled,High-skilled,152.8,1,0,0,1,0,0,28,1,0,7,9,7,12.428571428571400,0,0,8,8,8,12.3,0,12.4,0.5,1.79,Not on time
1,1,1,171,1,1,145,1,Higher,Secondary,High-skilled,Clerical/service,160.1,0,0,0,1,0,1,19,0,6,12,12,12,14.5,0,4,11,15,11,13.583333333333300,0,8.9,1.4,3.51,Graduate
1,39,1,9003,1,1,130,1,Basic,Basic,Low-skilled,High-skilled,140,0,0,0,1,0,0,26,0,6,12,13,6,13,0,4,12,14,11,13.833333333333300,0,15.5,2.8,-4.06,Graduate
1,1,4,9500,1,1,118,1,Higher,Higher,High-skilled,High-skilled,110.7,1,0,0,1,0,0,18,0,0,7,7,7,11.714285714285700,0,0,8,8,8,12.75,0,12.4,0.5,1.79,Graduate
2,39,1,9853,1,1,133.1,1,Basic,Basic,Low-skilled,Clerical/service,138.3,0,0,0,1,0,0,45,0,0,7,12,4,10.25,0,0,7,10,3,13,0,11.1,0.6,2.02,Not on time
1,44,1,9853,1,39,150,1,Higher,Basic,High-skilled,Manual skilled,150,0,0,0,1,0,0,19,0,0,6,0,0,0,0,0,6,0,0,0,0,12.4,0.5,1.79,Not on time
1,17,6,9670,1,1,113,1,Higher,Secondary,High-skilled,Other/unknown,112.3,0,0,0,1,0,0,20,0,0,6,9,6,12.375,0,0,6,7,6,13.142857142857100,0,11.1,0.6,2.02,Graduate
1,1,6,9853,1,1,136,1,Secondary,Basic,Clerical/service,Clerical/service,122,0,0,0,1,0,0,18,0,0,6,6,6,12.666666666666700,0,0,6,6,6,12,0,7.6,2.6,0.32,Graduate
1,39,1,9085,1,1,140,1,Higher,Higher,Clerical/service,High-skilled,141.7,1,0,0,1,0,0,27,0,0,6,13,3,10.5,0,0,6,19,1,12,0,12.4,0.5,1.79,Not on time
2,1,1,9003,1,1,131,1,Basic,Basic,Clerical/service,Clerical/service,118.4,0,0,0,1,0,0,20,0,0,6,11,6,14.125,0,0,6,10,5,12.6,0,13.9,-0.3,0.79,Graduate
1,1,3,9085,1,1,138,1,Secondary,Secondary,Clerical/service,Manual skilled,128.7,1,0,0,1,0,0,18,0,0,6,7,6,14.666666666666700,0,0,6,12,6,13.833333333333300,0,8.9,1.4,3.51,Graduate
2,39,2,9670,1,1,100,1,Basic,Basic,Low-skilled,Low-skilled,100,0,0,0,1,0,0,35,0,0,5,8,5,11.4,0,0,5,7,3,12.333333333333300,0,9.4,-0.8,-3.12,Not on time
1,39,1,171,1,1,140,1,Basic,Basic,Low-skilled,Low-skilled,100.8,0,1,0,1,0,0,26,0,0,0,0,0,0,0,0,0,0,0,0,0,16.2,0.3,-0.92,Not on time
4,39,1,9238,1,1,120,1,Basic,Basic,Low-skilled,Low-skilled,125.5,1,0,0,1,0,1,39,0,0,6,7,6,14,0,0,6,7,5,14.8,0,12.7,3.7,-1.7,Graduate
1,1,1,171,1,1,139,1,Basic,Basic,Low-skilled,Low-skilled,124,1,0,0,1,0,0,18,0,0,0,0,0,0,0,0,0,0,0,0,0,7.6,2.6,0.32,Graduate
1,7,1,9500,1,3,130,1,Basic,Basic,Low-skilled,Clerical/service,130,0,0,0,1,0,0,36,0,0,7,7,0,0,7,0,7,7,0,0,7,16.2,0.3,-0.92,Not on time
2,39,1,8014,0,3,110,1,Basic,Basic,Low-skilled,Low-skilled,160.5,0,0,0,1,0,0,38,0,8,11,11,11,12.636363636363600,0,5,8,8,8,11,0,13.9,-0.3,0.79,Graduate
2,39,1,9853,1,19,133.1,1,Basic,Basic,High-skilled,Manual skilled,100,0,0,0,1,0,0,45,0,0,6,11,3,12.333333333333300,0,0,6,13,2,11,0,7.6,2.6,0.32,Not on time
5,39,1,9254,1,1,133.1,1,Higher,Higher,High-skilled,High-skilled,103,0,0,0,1,0,0,62,0,0,6,7,6,15,0,0,6,10,6,12.833333333333300,0,10.8,1.4,1.74,Graduate
1,1,1,9670,1,1,133.1,1,Secondary,Secondary,Low-skilled,High-skilled,103,1,0,0,1,0,1,20,0,0,6,8,4,11.75,0,0,6,10,6,12.666666666666700,0,10.8,1.4,1.74,Graduate
1,1,1,9500,1,1,139,1,Basic,Basic,Low-skilled,Low-skilled,131.5,1,0,0,1,0,0,18,0,0,8,8,7,14.13714285714290,0,0,8,8,7,14.13714285714290,0,10.8,1.4,1.74,Graduate
1,18,3,9070,1,1,134,1,Secondary,Secondary,High-skilled,Clerical/service,121.4,0,0,0,1,0,0,18,0,0,6,6,2,12,0,0,6,6,1,11,0,9.4,-0.8,-3.12,Not on time
2,1,1,9991,0,3,160,1,Secondary,Higher,Clerical/service,Low-skilled,137.3,0,0,0,1,0,0,23,0,0,5,5,5,10.8,0,0,5,9,4,11.5,0,9.4,-0.8,-3.12,Graduate
1,1,1,9070,1,1,124,1,Basic,Basic,Low-skilled,Low-skilled,138.4,1,0,1,1,0,1,19,0,1,6,8,6,13.285714285714300,1,0,6,8,6,12.5,0,13.9,-0.3,0.79,Not on time
1,17,1,9147,1,1,137,1,Secondary,Higher,Manual skilled,High-skilled,131.1,1,0,1,1,0,1,19,0,0,5,7,5,13.6,0,0,5,5,5,12.6,0,8.9,1.4,3.51,Graduate
1,42,1,9500,1,1,157,1,Higher,Higher,High-skilled,High-skilled,100,0,0,0,1,0,0,18,0,0,7,8,7,13.55,0,0,8,8,8,14.1875,0,13.9,-0.3,0.79,Graduate
1,17,4,9500,1,1,138,1,Higher,Secondary,High-skilled,High-skilled,133,1,0,0,1,0,0,18,0,0,8,8,0,0,5,0,8,8,0,0,5,9.4,-0.8,-3.12,Not on time
1,39,2,8014,0,1,100,1,Basic,Basic,Other/unknown,Other/unknown,100,0,0,0,1,0,0,41,0,0,6,10,4,13.5,0,1,6,7,6,11.166666666666700,0,7.6,2.6,0.32,Graduate
1,39,1,9670,1,1,130,1,Basic,Higher,Clerical/service,High-skilled,159,0,0,0,1,0,1,51,0,0,6,8,5,11.6,0,0,6,9,5,14.2,0,12.4,0.5,1.79,Graduate
1,43,2,9238,1,1,133.1,1,Basic,Basic,Clerical/service,Clerical/service,120.6,1,0,0,1,0,0,24,0,6,10,16,10,12.5,0,2,7,9,4,12.6,0,16.2,0.3,-0.92,Graduate
1,39,1,9991,0,3,120,1,Basic,Secondary,Low-skilled,Clerical/service,134,0,0,0,1,0,0,25,0,0,5,14,1,11,0,0,5,11,2,12.666666666666700,4,16.2,0.3,-0.92,Not on time
1,5,1,9085,1,1,150,1,Secondary,Secondary,Clerical/service,Clerical/service,139.4,0,0,0,1,0,0,18,0,0,5,9,3,12,1,0,5,6,4,13,0,7.6,2.6,0.32,Not on time
1,16,6,9147,1,1,128,1,Basic,Basic,Low-skilled,Low-skilled,116.5,1,0,0,1,0,0,20,0,0,5,8,4,11.6,0,0,5,10,3,12.333333333333300,0,7.6,2.6,0.32,Graduate
1,1,1,171,1,1,124,1,Secondary,Basic,High-skilled,Other/unknown,113.9,1,1,0,1,0,0,19,0,0,0,0,0,0,0,0,0,0,0,0,0,13.9,-0.3,0.79,Not on time
5,43,1,9991,0,3,130,1,Higher,Higher,High-skilled,High-skilled,130,0,0,0,1,0,0,41,0,5,10,14,10,14.636363636363600,0,5,10,13,10,14.6,0,16.2,0.3,-0.92,Graduate
1,1,2,9254,1,1,132,1,Secondary,Basic,Low-skilled,Low-skilled,129.9,1,0,0,1,0,1,19,0,0,6,8,6,13,0,0,6,6,6,12.166666666666700,0,8.9,1.4,3.51,Graduate
1,42,1,9853,1,12,133.1,1,Secondary,Higher,High-skilled,High-skilled,133.7,0,0,0,1,0,0,28,0,14,18,23,14,12.785714285714300,2,16,17,18,16,13.875,0,16.2,0.3,-0.92,Not on time
1,1,3,9070,1,1,129,1,Higher,Higher,Clerical/service,Manual skilled,124.8,1,0,0,1,0,0,21,0,0,6,6,6,14.5,0,0,6,7,5,12,0,12.4,0.5,1.79,Graduate
1,1,1,9085,1,1,135,1,Higher,Higher,High-skilled,High-skilled,133.6,1,0,0,0,0,0,22,0,0,5,12,4,14.6,3,0,5,5,4,12.75,1,9.4,-0.8,-3.12,Not on time
1,17,4,9773,1,1,138,1,Basic,Basic,Clerical/service,Manual skilled,133.5,1,0,0,0,0,0,18,0,0,6,7,6,12.5,0,0,6,6,6,12.166666666666700,0,10.8,1.4,1.74,Graduate
1,1,1,9070,1,1,135,1,Basic,Basic,Low-skilled,Low-skilled,128,1,0,0,1,0,1,19,0,0,6,6,6,14,0,0,6,8,6,13.125,0,10.8,1.4,1.74,Graduate
1,17,6,9500,1,1,131,1,Higher,Basic,Clerical/service,Clerical/service,127.2,1,0,0,1,0,1,19,0,0,7,7,7,13.801428571428600,0,0,8,8,8,14.575,0,11.1,0.6,2.02,Graduate
1,7,1,9853,1,3,150,1,Basic,Basic,Clerical/service,Clerical/service,150,0,0,1,0,0,0,25,0,1,6,7,6,14.428571428571400,0,0,6,7,6,13.666666666666700,0,10.8,1.4,1.74,Graduate
1,42,4,9500,1,6,133,1,Secondary,Basic,High-skilled,Low-skilled,127.8,1,0,0,1,0,1,18,0,0,7,7,6,14.35,0,0,7,7,6,14.35,0,7.6,2.6,0.32,Graduate
1,17,1,9070,1,1,135,1,Basic,Basic,Low-skilled,Low-skilled,125.2,1,0,0,1,0,0,19,0,0,6,6,6,14.333333333333300,0,0,6,6,6,13.5,0,12.7,3.7,-1.7,Graduate
1,43,2,9853,1,1,118,1,Basic,Secondary,Clerical/service,Clerical/service,110,1,0,0,1,0,0,20,0,0,6,10,4,12.25,0,0,6,8,4,11.5,0,10.8,1.4,1.74,Not on time
2,39,1,8014,0,19,100,1,Unknown,Unknown,Other/unknown,Other/unknown,100,0,0,0,1,0,0,46,0,0,6,9,6,13.333333333333300,0,0,6,6,6,11.833333333333300,0,7.6,2.6,0.32,Graduate
1,17,1,171,1,1,158,1,Higher,Higher,High-skilled,High-skilled,151.4,1,0,0,0,0,0,19,0,6,12,12,12,13,0,4,11,14,11,13.25,0,8.9,1.4,3.51,Graduate
1,1,2,9254,1,1,137,1,Basic,Basic,Low-skilled,Manual skilled,125.1,1,0,0,1,0,0,18,0,0,6,10,4,11.75,0,0,6,9,5,11.2,0,7.6,2.6,0.32,Not on time
1,1,1,9130,1,1,172,1,Basic,Basic,Low-skilled,Low-skilled,163.3,1,0,0,1,0,1,18,0,0,6,8,6,14.5,0,0,6,11,4,13,0,13.9,-0.3,0.79,Graduate
1,18,1,9500,1,1,123,1,Basic,Basic,High-skilled,High-skilled,118,1,0,0,1,0,1,19,0,0,8,8,7,11.82,0,0,8,8,7,11.82,0,10.8,1.4,1.74,Graduate
1,1,2,9773,1,1,144,1,Higher,Higher,High-skilled,High-skilled,140.2,1,0,0,1,0,0,20,0,0,6,0,0,0,0,0,6,0,0,0,0,16.2,0.3,-0.92,Not on time
2,39,1,8014,0,1,140,1,Basic,Basic,Clerical/service,Manual skilled,128.5,0,0,0,1,0,1,38,0,0,6,6,5,12.4,0,0,6,7,6,12.666666666666700,0,9.4,-0.8,-3.12,Graduate
1,17,1,9773,1,1,136,1,Secondary,Basic,Low-skilled,Manual skilled,131.5,1,0,0,1,0,0,18,0,0,6,7,6,12.571428571428600,0,0,6,8,6,11.857142857142900,0,13.9,-0.3,0.79,Graduate
1,17,5,9500,1,1,137,1,Secondary,Secondary,Clerical/service,Clerical/service,132.6,1,0,0,1,0,1,18,0,0,7,7,7,13.857142857142900,0,0,8,8,8,14.9,0,13.9,-0.3,0.79,Graduate
1,17,1,9238,1,1,128,1,Basic,Secondary,Other/unknown,Clerical/service,122.1,1,0,0,1,0,0,18,0,0,6,9,5,11.833333333333300,0,0,6,7,5,13.8,0,13.9,-0.3,0.79,Graduate
1,17,1,9147,1,1,120,1,Higher,Higher,High-skilled,High-skilled,112,0,0,0,1,0,0,20,0,0,5,10,4,11,0,0,5,7,4,11.5,0,15.5,2.8,-4.06,Not on time
1,1,1,9130,1,1,130,1,Higher,Basic,Clerical/service,Manual skilled,133,1,0,0,1,0,0,19,0,0,6,6,6,14.666666666666700,0,0,6,8,6,13.666666666666700,0,12.4,0.5,1.79,Graduate
4,39,1,8014,0,1,138,1,Basic,Basic,Other/unknown,Other/unknown,127,0,0,0,0,0,0,37,0,0,4,4,0,0,0,0,5,10,0,0,0,10.8,1.4,1.74,Not on time
1,39,1,9500,1,1,148,1,Higher,Basic,High-skilled,Clerical/service,130,0,0,0,1,0,0,24,0,0,8,12,7,12.714285714285700,0,0,8,12,7,12.714285714285700,0,12.7,3.7,-1.7,Not on time
1,1,2,9500,1,1,139,1,Higher,Secondary,High-skilled,Other/unknown,136.4,1,0,0,1,0,0,19,0,0,7,9,7,13.422222222222200,0,0,8,11,7,12.18888888888890,0,15.5,2.8,-4.06,Graduate
1,1,3,9773,1,1,136,1,Higher,Secondary,Clerical/service,High-skilled,129,1,0,0,1,0,1,19,0,0,6,7,6,14,0,0,6,8,5,12.2,0,13.9,-0.3,0.79,Not on time
1,17,3,9556,1,1,126,1,Basic,Basic,Low-skilled,Clerical/service,119,1,0,0,1,0,1,19,0,0,7,8,7,12.142857142857100,0,0,8,8,8,13.375,0,16.2,0.3,-0.92,Not on time
1,17,1,9147,1,1,135,1,Basic,Basic,Low-skilled,Low-skilled,128,1,0,1,1,0,1,18,0,0,5,5,5,12.8,0,0,5,5,5,13,0,11.1,0.6,2.02,Graduate
1,1,4,9500,1,1,122,1,Basic,Basic,Manual skilled,Manual skilled,117.1,1,0,0,1,0,1,18,0,0,7,7,7,14.572857142857100,0,0,8,9,8,14.955555555555600,0,12.4,0.5,1.79,Graduate
1,1,4,9147,1,1,137,1,Secondary,Basic,Clerical/service,Clerical/service,136.3,0,0,0,1,0,0,18,0,0,5,9,4,11.25,0,0,5,6,4,11,0,8.9,1.4,3.51,Graduate
1,17,5,9147,1,1,127,1,Secondary,Basic,Clerical/service,Clerical/service,124.6,1,0,0,1,0,1,19,0,0,5,12,2,10,0,0,5,11,4,11.75,0,11.1,0.6,2.02,Not on time
1,1,1,9130,1,1,137,1,Higher,Basic,High-skilled,Low-skilled,130.7,1,0,0,1,0,0,18,0,0,6,8,5,14.4,0,0,6,11,4,14.6,0,8.9,1.4,3.51,Not on time
1,1,4,9500,1,1,125,1,Secondary,Secondary,High-skilled,Manual skilled,115.2,1,0,0,1,0,0,20,0,0,7,7,7,12.982857142857100,0,0,8,8,8,14.4625,0,12.4,0.5,1.79,Graduate
1,17,1,9085,1,1,141,1,Higher,Higher,High-skilled,High-skilled,130.2,1,0,0,1,0,0,20,0,0,6,14,6,15.75,0,0,6,8,6,13,0,15.5,2.8,-4.06,Graduate
1,1,1,9085,1,1,132,1,Higher,Higher,Manual skilled,Manual skilled,128.5,0,0,0,1,0,0,18,0,0,6,11,5,12.285714285714300,0,0,6,19,3,14,1,12.4,0.5,1.79,Not on time
1,16,1,9500,1,1,133.1,1,Basic,Basic,Low-skilled,Low-skilled,95,1,0,0,1,0,0,20,0,0,7,7,6,13.755,0,0,8,9,7,13.571428571428600,0,12.4,0.5,1.79,Graduate
1,17,1,9670,1,1,132,1,Secondary,Secondary,High-skilled,High-skilled,119.4,1,0,0,1,0,1,18,0,0,6,7,6,13.833333333333300,0,0,6,11,6,13.5,0,8.9,1.4,3.51,Graduate
1,1,6,9500,1,1,142,1,Secondary,Basic,Manual skilled,Manual skilled,123.5,1,0,0,1,0,0,19,0,0,7,0,0,0,0,0,8,0,0,0,0,12.7,3.7,-1.7,Not on time
1,1,4,9500,1,1,136,1,Basic,Secondary,Clerical/service,Manual skilled,133.9,1,0,0,1,0,0,18,0,0,7,9,7,14.711111111111100,0,0,8,9,8,14.627777777777800,0,15.5,2.8,-4.06,Graduate
1,53,1,9085,1,42,150,1,Secondary,Basic,Clerical/service,Manual skilled,145.2,1,0,0,1,0,0,20,0,7,11,13,11,14.615384615384600,0,4,9,11,9,13.7,0,8.9,1.4,3.51,Graduate
1,1,1,9500,1,1,130,1,Higher,Higher,High-skilled,Clerical/service,118.8,0,0,0,1,0,0,18,0,0,7,7,7,13.677142857142900,0,0,8,9,8,14.533333333333300,0,11.1,0.6,2.02,Graduate
1,16,2,9085,1,1,136,1,Basic,Basic,Low-skilled,Low-skilled,123.4,1,0,0,1,0,1,19,0,0,5,8,5,13.166666666666700,2,0,5,5,5,12.8,0,9.4,-0.8,-3.12,Graduate
1,17,6,9238,1,1,138,1,Higher,Higher,High-skilled,High-skilled,123,1,0,0,1,0,0,19,0,0,6,11,5,10.8,0,0,6,12,5,11.333333333333300,0,15.5,2.8,-4.06,Graduate
1,17,1,9130,1,1,131,1,Basic,Secondary,Clerical/service,High-skilled,118.4,0,0,0,1,0,0,19,0,0,5,8,3,12,0,0,5,7,5,12.833333333333300,0,7.6,2.6,0.32,Graduate
1,1,1,9500,1,1,147,1,Higher,Secondary,High-skilled,High-skilled,131.6,0,0,0,1,0,0,18,0,0,7,8,6,13.958333333333300,0,0,8,8,8,14.71875,0,11.1,0.6,2.02,Graduate
1,17,1,9853,1,1,140,1,Basic,Basic,Clerical/service,Other/unknown,122.3,1,0,0,1,0,0,19,0,0,6,9,4,13,0,0,6,9,4,12.25,0,12.7,3.7,-1.7,Not on time
1,1,2,171,1,1,152,1,Basic,Basic,Low-skilled,Low-skilled,151.7,1,0,0,1,0,1,24,0,0,0,0,0,0,0,0,0,0,0,0,0,11.1,0.6,2.02,Graduate
1,1,1,171,1,1,169,1,Basic,Basic,Low-skilled,Manual skilled,176,1,0,0,1,0,1,18,0,0,0,0,0,0,0,0,0,0,0,0,0,12.4,0.5,1.79,Graduate
1,1,6,9500,1,1,149,1,Secondary,Secondary,Clerical/service,Low-skilled,133,1,0,0,1,0,1,18,0,0,8,8,7,14,0,0,8,8,7,14,0,12.7,3.7,-1.7,Graduate
1,1,4,9773,1,1,137,1,Higher,Basic,High-skilled,High-skilled,139.8,1,1,0,1,0,0,18,0,0,6,10,6,12.571428571428600,0,0,6,11,6,12.571428571428600,0,10.8,1.4,1.74,Not on time
1,1,4,9773,1,1,122,1,Higher,Secondary,Clerical/service,High-skilled,119.6,1,0,0,1,0,0,19,0,0,6,6,4,12,0,0,6,11,3,11.333333333333300,0,11.1,0.6,2.02,Not on time
1,39,1,8014,0,1,130,1,Basic,Basic,Low-skilled,Manual skilled,134,0,0,0,1,0,1,35,0,2,8,8,8,13.625,0,1,7,7,7,14,0,8.9,1.4,3.51,Graduate
1,17,6,9147,1,1,145,1,Basic,Basic,Low-skilled,Low-skilled,132,1,0,0,1,0,0,19,0,0,5,7,4,12.5,0,0,5,8,4,10,1,7.6,2.6,0.32,Graduate
1,7,1,9853,1,3,130,1,Basic,Basic,Low-skilled,Low-skilled,130,0,0,0,1,0,0,28,0,14,15,25,14,12.428571428571400,1,8,14,22,11,11.909090909090900,0,7.6,2.6,0.32,Not on time
1,43,1,9500,1,1,157,1,Basic,Higher,Clerical/service,High-skilled,141.4,0,0,0,1,0,0,21,0,3,7,8,7,13.3875,0,2,8,8,8,15.9,0,13.9,-0.3,0.79,Graduate
1,18,2,9500,1,1,135,1,Basic,Secondary,Clerical/service,Clerical/service,128.9,1,0,0,1,0,1,19,0,0,7,8,6,12.648333333333300,0,0,8,9,8,12.205555555555600,0,11.1,0.6,2.02,Graduate
1,5,2,9238,1,1,123,1,Higher,Basic,High-skilled,Low-skilled,118.1,1,0,0,1,0,0,19,0,0,6,6,6,14,0,0,6,6,6,13.333333333333300,0,8.9,1.4,3.51,Graduate
1,1,1,9085,1,1,139,1,Higher,Higher,High-skilled,High-skilled,130.6,0,0,0,1,0,0,18,0,0,5,12,5,12.8,2,0,5,10,5,11.857142857142900,1,9.4,-0.8,-3.12,Graduate
1,1,1,9254,1,1,136,1,Secondary,Secondary,Clerical/service,Clerical/service,122,1,0,0,1,0,0,18,0,0,6,8,6,11.333333333333300,0,0,6,11,6,10.833333333333300,0,7.6,2.6,0.32,Graduate
1,1,2,9500,1,1,135,1,Higher,Higher,High-skilled,High-skilled,123,1,0,0,0,0,0,19,0,0,7,0,0,0,0,0,8,0,0,0,0,12.7,3.7,-1.7,Not on time
1,1,1,9670,1,1,126,1,Secondary,Secondary,Low-skilled,Other/unknown,126.7,1,0,0,1,0,1,20,0,0,6,6,6,14.166666666666700,0,0,6,9,6,13,0,8.9,1.4,3.51,Graduate
1,1,1,9773,1,1,122,1,Basic,Basic,Low-skilled,Low-skilled,126.6,1,0,0,1,0,0,18,0,0,6,6,6,12.833333333333300,0,0,6,6,6,13.833333333333300,0,8.9,1.4,3.51,Graduate
1,1,1,9853,1,1,125,1,Basic,Basic,Low-skilled,Low-skilled,125.4,0,0,1,0,0,0,19,0,0,7,11,4,12,0,0,7,9,6,11.833333333333300,0,16.2,0.3,-0.92,Not on time
1,1,3,9773,1,1,134,1,Secondary,Basic,Low-skilled,Low-skilled,136.1,1,0,0,1,0,1,20,0,0,6,6,6,13,0,0,6,7,6,13.142857142857100,0,12.4,0.5,1.79,Not on time
1,17,5,9500,1,1,130,1,Basic,Secondary,Low-skilled,Clerical/service,128.8,1,0,0,1,0,0,18,0,0,7,8,6,13.39,0,0,8,10,7,12.757142857142900,0,11.1,0.6,2.02,Not on time
1,17,4,9670,1,1,110,1,Secondary,Basic,Manual skilled,Manual skilled,111.1,1,0,0,0,0,0,18,0,0,6,6,6,12.333333333333300,0,0,6,8,5,13.6,0,8.9,1.4,3.51,Graduate
1,1,1,9070,1,1,131,1,Higher,Higher,High-skilled,High-skilled,135.9,0,0,0,1,0,1,21,0,1,6,8,6,12.571428571428600,1,0,6,8,6,11.625,0,13.9,-0.3,0.79,Graduate
1,5,5,9254,1,1,122,1,Secondary,Basic,Low-skilled,Manual skilled,119.6,1,0,0,1,0,1,19,0,0,6,6,6,12.333333333333300,0,0,6,6,6,12.833333333333300,0,12.4,0.5,1.79,Graduate
1,17,2,9853,1,1,123,1,Secondary,Secondary,High-skilled,Low-skilled,116.7,1,0,0,1,0,0,19,0,0,6,8,5,13,0,0,6,8,4,10.75,0,9.4,-0.8,-3.12,Graduate
1,1,1,9085,1,1,146,1,Secondary,Secondary,Low-skilled,Manual skilled,126,0,0,0,1,0,0,19,0,0,5,7,3,12.333333333333300,0,0,5,7,4,10.25,0,7.6,2.6,0.32,Not on time
1,1,4,9773,1,1,137,1,Basic,Basic,Other/unknown,Other/unknown,134.2,1,0,0,1,0,0,18,0,0,6,6,6,13.166666666666700,0,0,6,8,5,14.2,0,10.8,1.4,1.74,Not on time
1,1,1,9147,1,1,130,1,Secondary,Basic,High-skilled,High-skilled,123,0,0,0,1,0,1,18,0,0,5,7,5,13.333333333333300,0,0,5,6,5,13.6,0,12.7,3.7,-1.7,Graduate
1,1,2,9085,1,1,127,1,Basic,Basic,Clerical/service,Manual skilled,123.9,1,0,0,1,0,0,18,0,0,5,9,4,13,0,0,5,8,5,13.142857142857100,0,10.8,1.4,1.74,Graduate
2,39,1,9556,1,1,160,1,Basic,Basic,Low-skilled,Manual skilled,120,0,0,0,1,0,0,31,0,0,7,21,5,10.9,3,0,8,21,3,11.7,1,12.7,3.7,-1.7,Not on time
1,42,1,9147,1,1,139,1,Higher,Basic,High-skilled,Clerical/service,112.3,1,0,0,1,0,0,19,0,0,5,8,2,11.5,0,0,5,10,3,10.857142857142900,0,10.8,1.4,1.74,Not on time
1,16,1,9085,1,1,138,1,Basic,Basic,Low-skilled,Low-skilled,123,1,0,0,1,0,1,20,0,0,6,7,6,15.857142857142900,0,0,6,6,6,16,0,13.9,-0.3,0.79,Graduate
1,17,1,9085,1,1,137,1,Basic,Basic,Other/unknown,Other/unknown,122.3,0,0,0,1,0,1,19,0,0,5,5,5,12.6,0,0,5,9,3,13,0,7.6,2.6,0.32,Not on time
1,17,1,9238,1,1,127,1,Basic,Basic,Low-skilled,Manual skilled,122.8,0,0,0,1,0,1,19,0,0,6,8,6,14,0,0,6,7,6,14.571428571428600,0,16.2,0.3,-0.92,Graduate
5,7,1,9130,1,3,160,1,Basic,Basic,Low-skilled,Manual skilled,160,0,0,0,0,0,0,27,0,1,5,8,3,14.666666666666700,2,0,5,7,2,13,2,10.8,1.4,1.74,Not on time
1,17,2,9773,1,1,132,1,Basic,Basic,Low-skilled,Manual skilled,120.1,1,0,0,1,0,1,18,0,0,6,6,6,13.666666666666700,0,0,6,6,6,14,0,8.9,1.4,3.51,Graduate
1,1,1,8014,0,1,126,1,Unknown,Unknown,Other/unknown,Other/unknown,142.4,0,0,0,1,0,0,32,0,0,6,0,0,0,0,0,6,0,0,0,0,7.6,2.6,0.32,Not on time
1,1,4,9500,1,1,133,1,Basic,Basic,Manual skilled,Manual skilled,127.3,1,0,0,1,0,0,18,0,0,8,8,7,12.628571428571400,0,0,8,8,7,12.628571428571400,0,12.7,3.7,-1.7,Graduate
1,1,3,9500,1,1,140,1,Basic,Basic,Low-skilled,Low-skilled,125.5,1,0,0,1,0,1,19,0,0,8,8,7,14.232857142857100,0,0,8,8,7,14.232857142857100,0,10.8,1.4,1.74,Graduate
1,1,2,9773,1,1,130,1,Basic,Basic,Clerical/service,Manual skilled,137.4,0,0,0,1,0,0,19,0,0,6,6,6,15,0,0,6,7,6,14,0,15.5,2.8,-4.06,Not on time
1,17,2,9254,1,1,129,1,Secondary,Basic,Low-skilled,Low-skilled,122,1,0,0,1,0,0,18,0,0,6,15,2,10,0,0,6,12,0,0,0,10.8,1.4,1.74,Not on time
1,17,3,9670,1,1,110,1,Basic,Secondary,Clerical/service,Clerical/service,107.5,1,0,0,1,0,1,18,0,0,6,11,4,12.25,0,0,6,10,4,11,0,12.7,3.7,-1.7,Not on time
1,39,1,9773,1,19,133.1,1,Basic,Basic,Manual skilled,Manual skilled,104,0,0,1,0,0,1,24,0,0,6,6,6,13.5,0,0,6,6,6,13,0,11.1,0.6,2.02,Graduate
1,17,2,9238,1,1,132,1,Basic,Secondary,Manual skilled,Manual skilled,133.1,1,0,0,1,0,1,19,0,0,6,8,5,12.2,0,0,6,7,6,11.5,0,9.4,-0.8,-3.12,Graduate
1,17,2,9254,1,1,115,1,Basic,Basic,Low-skilled,Manual skilled,113.3,1,0,1,1,0,0,21,0,0,6,0,0,0,0,0,6,0,0,0,0,11.1,0.6,2.02,Not on time
1,44,1,9070,1,39,130,1,Secondary,Secondary,Clerical/service,Other/unknown,130,1,0,0,1,0,0,19,0,2,7,11,6,12,0,5,9,9,8,12.75,0,16.2,0.3,-0.92,Graduate
1,1,3,9500,1,1,140,6,Higher,Higher,Clerical/service,High-skilled,124.3,1,0,0,1,0,0,19,1,0,7,9,5,12.32,0,0,7,9,5,11.9,0,12.4,0.5,1.79,Not on time
1,39,1,9556,1,1,140,1,Basic,Basic,Low-skilled,Manual skilled,105,1,0,0,1,0,1,36,0,0,7,11,6,12.35,0,0,7,12,5,12.5,0,8.9,1.4,3.51,Graduate
1,39,1,9085,1,12,133.1,1,Basic,Basic,Other/unknown,Low-skilled,144,0,0,0,1,1,0,51,0,0,6,0,0,0,0,0,6,0,0,0,0,12.4,0.5,1.79,Not on time
1,1,3,9670,1,1,121,1,Secondary,Basic,Clerical/service,Clerical/service,111.9,1,0,0,1,1,1,20,0,0,6,7,6,11.333333333333300,0,0,6,10,4,10.571428571428600,0,10.8,1.4,1.74,Not on time
1,39,1,8014,0,38,133.1,1,Secondary,Secondary,Clerical/service,Clerical/service,107.5,0,0,1,0,1,0,29,0,0,6,6,0,0,0,0,5,5,0,0,0,8.9,1.4,3.51,Not on time
1,44,1,9238,1,39,130,1,Secondary,Basic,Clerical/service,Clerical/service,127.4,0,0,1,0,1,0,27,0,3,6,8,5,11.6,0,2,6,9,5,12,0,13.9,-0.3,0.79,Not on time
1,39,1,9119,1,1,130,1,Basic,Basic,Low-skilled,Clerical/service,149,1,0,0,1,1,0,33,0,0,5,10,4,12,0,0,5,8,3,13.666666666666700,1,7.6,2.6,0.32,Not on time
2,2,1,9147,1,2,120,1,Basic,Basic,Low-skilled,Low-skilled,120,0,0,0,0,1,0,57,0,12,15,17,12,11.75,0,9,14,16,9,12.22222222222220,0,9.4,-0.8,-3.12,Not on time
1,1,1,9670,1,1,132,1,Higher,Higher,High-skilled,High-skilled,143.6,1,0,0,1,1,0,20,0,0,6,8,5,12.8,0,0,6,10,5,11.6,0,13.9,-0.3,0.79,Not on time
1,39,1,9670,1,1,100,1,Secondary,Secondary,Clerical/service,Clerical/service,120,0,0,0,1,1,0,26,0,0,5,7,3,11.333333333333300,0,0,5,7,3,13.666666666666700,0,9.4,-0.8,-3.12,Not on time
1,43,1,9119,1,1,130,1,Secondary,Secondary,Low-skilled,High-skilled,128,0,0,1,0,1,0,27,0,0,5,5,0,0,0,0,5,7,0,0,0,13.9,-0.3,0.79,Not on time
1,1,1,9670,1,1,129,1,Secondary,Basic,Clerical/service,Low-skilled,118.2,0,0,0,1,1,0,19,0,0,5,5,5,10.8,0,0,5,5,4,12.25,0,9.4,-0.8,-3.12,Graduate
1,44,1,9085,1,39,160,1,Secondary,Basic,Clerical/service,Manual skilled,160,1,0,0,1,1,0,23,0,1,6,10,5,12.5,0,1,6,8,2,13.5,0,12.4,0.5,1.79,Not on time
1,39,1,9991,0,1,120,1,Basic,Basic,Clerical/service,Clerical/service,152.4,0,0,0,1,1,0,27,0,0,5,5,5,15.2,0,0,5,6,5,14.166666666666700,0,10.8,1.4,1.74,Graduate
1,1,6,9500,1,1,122,1,Basic,Basic,High-skilled,Clerical/service,116.6,1,0,1,1,1,1,20,0,0,7,7,7,13.314285714285700,0,0,8,8,8,12.575,0,12.4,0.5,1.79,Graduate
1,18,1,9070,1,1,143,1,Basic,Basic,Manual skilled,Clerical/service,141.6,0,0,0,1,0,1,19,0,6,12,12,11,13.090909090909100,0,5,11,12,11,12.083333333333300,0,10.8,1.4,1.74,Graduate
1,1,1,9130,1,1,110,1,Higher,Basic,High-skilled,Low-skilled,105.5,1,0,1,0,0,0,19,0,0,6,0,0,0,0,0,6,0,0,0,0,11.1,0.6,2.02,Not on time
1,1,1,9070,1,1,124,1,Basic,Basic,Low-skilled,High-skilled,116.3,1,0,0,1,0,0,20,0,0,6,8,5,12.2,0,0,6,6,6,11.5,0,16.2,0.3,-0.92,Graduate
2,7,1,9147,1,3,110,1,Basic,Secondary,Low-skilled,Low-skilled,110,0,0,0,1,0,0,33,0,5,8,10,6,12.833333333333300,0,2,5,8,4,12,0,11.1,0.6,2.02,Not on time
1,43,1,9991,0,1,130,1,Basic,Basic,Low-skilled,Low-skilled,119.5,1,0,0,1,0,0,22,0,9,15,17,15,11.2,0,9,14,15,14,12.428571428571400,0,7.6,2.6,0.32,Graduate
1,1,6,9147,1,1,139,1,Basic,Secondary,Clerical/service,Clerical/service,125,1,0,0,1,0,0,18,0,0,5,8,3,12.333333333333300,0,0,5,7,4,12,0,7.6,2.6,0.32,Graduate
5,39,1,9500,1,3,140,1,Basic,Basic,Low-skilled,Low-skilled,160,0,0,0,1,0,0,27,0,0,8,8,7,15.94285714285710,0,0,8,8,7,15.94285714285710,0,12.7,3.7,-1.7,Graduate
1,39,1,9991,0,1,150,1,Basic,Basic,Low-skilled,Manual skilled,150,0,0,0,1,0,0,27,0,0,5,0,0,0,0,0,5,0,0,0,0,15.5,2.8,-4.06,Not on time
1,1,1,9238,1,1,123,1,Basic,Basic,Low-skilled,Low-skilled,115,1,0,0,1,0,0,19,0,0,6,10,4,10.25,0,0,6,8,6,10.714285714285700,0,11.1,0.6,2.02,Graduate
1,17,1,9853,1,1,128,1,Basic,Basic,Low-skilled,Manual skilled,128.4,1,0,0,1,0,1,20,0,0,6,10,5,13.2,0,0,6,12,5,12.833333333333300,0,9.4,-0.8,-3.12,Not on time
1,1,1,8014,0,1,100,1,Basic,Basic,Manual skilled,Other/unknown,112.8,0,0,0,1,0,1,23,0,0,6,6,6,14.166666666666700,0,0,6,6,6,12.5,0,12.7,3.7,-1.7,Graduate
1,43,1,9500,1,1,148,1,Basic,Basic,Other/unknown,High-skilled,131,1,0,0,1,0,1,22,0,18,23,23,20,14.575,3,18,23,23,20,14.575,3,7.6,2.6,0.32,Graduate
1,17,2,9254,1,1,130,1,Basic,Basic,Manual skilled,Manual skilled,121.6,1,0,0,1,0,1,18,0,0,6,9,1,10,1,0,6,6,0,0,0,12.7,3.7,-1.7,Not on time
1,1,4,9238,1,1,118,1,Basic,Basic,Low-skilled,Low-skilled,110,0,0,0,1,0,1,18,0,0,6,7,6,12.285714285714300,0,0,6,8,6,11.428571428571400,0,12.4,0.5,1.79,Graduate
1,39,1,8014,0,1,120,1,Basic,Basic,Low-skilled,Low-skilled,148.5,0,0,0,1,0,1,31,0,0,6,6,6,14,0,0,6,6,6,12.333333333333300,0,10.8,1.4,1.74,Graduate
1,17,4,9773,1,1,119,1,Basic,Basic,Low-skilled,Low-skilled,118.3,0,0,0,1,0,0,19,0,0,6,8,4,11.25,0,0,6,0,0,0,0,15.5,2.8,-4.06,Not on time
1,1,1,9238,1,1,138,1,Basic,Basic,Low-skilled,Low-skilled,135.9,1,0,0,1,0,0,19,0,0,6,11,5,11.6,0,0,6,11,6,11.666666666666700,0,7.6,2.6,0.32,Not on time
1,17,1,8014,0,1,127,1,Basic,Basic,Clerical/service,Manual skilled,115.8,0,0,0,1,0,0,24,0,0,6,12,1,12,0,0,6,12,0,0,0,10.8,1.4,1.74,Not on time
1,1,1,9500,1,1,134,1,Basic,Basic,High-skilled,Other/unknown,121.2,0,0,0,1,0,0,19,0,0,7,10,7,13.47,0,0,8,8,8,13.32625,0,15.5,2.8,-4.06,Graduate
1,17,4,9147,1,1,133,1,Secondary,Secondary,Clerical/service,Clerical/service,136.2,1,0,0,1,0,0,19,0,0,5,6,5,12.4,0,0,5,5,5,12.8,0,7.6,2.6,0.32,Graduate
1,39,1,9670,1,1,133.1,1,Basic,Basic,Low-skilled,Low-skilled,100.2,1,0,0,0,0,0,26,0,0,6,9,3,11.75,0,0,6,11,4,11.5,3,16.2,0.3,-0.92,Not on time
1,1,1,171,1,1,180,41,Basic,Basic,Low-skilled,Low-skilled,152.7,1,0,1,0,1,0,27,1,0,0,0,0,0,0,0,0,0,0,0,0,7.6,2.6,0.32,Not on time
1,17,4,9238,1,1,129,1,Basic,Basic,Clerical/service,Manual skilled,123.1,1,0,0,1,0,0,19,0,0,6,7,6,12,0,0,6,7,6,12.428571428571400,0,11.1,0.6,2.02,Graduate
2,39,1,9085,1,1,120,1,Basic,Basic,High-skilled,Clerical/service,130,0,0,0,1,0,0,29,0,0,5,8,5,15.333333333333300,2,0,5,6,5,15.4,0,9.4,-0.8,-3.12,Not on time
1,1,6,9500,1,1,141,1,Secondary,Basic,Clerical/service,Clerical/service,125,1,0,0,1,0,1,18,0,0,8,8,8,12.32,0,0,8,8,8,12.32,0,9.4,-0.8,-3.12,Graduate
1,1,1,9500,1,1,118,1,Secondary,Basic,Low-skilled,Other/unknown,113.1,1,0,0,1,0,0,19,0,0,7,7,7,13.79857142857140,0,0,8,8,8,14.75625,0,11.1,0.6,2.02,Graduate
1,1,5,9773,1,1,127,1,Basic,Secondary,Clerical/service,Clerical/service,121.1,1,0,0,1,0,0,18,0,0,6,6,6,13.166666666666700,0,0,6,6,6,12.5,0,15.5,2.8,-4.06,Not on time
1,1,1,9147,1,1,177,1,Secondary,Basic,High-skilled,Low-skilled,162.3,0,0,0,1,0,1,18,0,0,5,6,5,16.333333333333300,0,0,5,5,5,15.4,0,15.5,2.8,-4.06,Graduate
1,42,1,171,1,1,132,1,Secondary,Secondary,High-skilled,Clerical/service,132,1,0,0,1,0,0,19,0,0,0,0,0,0,0,0,0,0,0,0,0,12.7,3.7,-1.7,Not on time
1,17,4,9500,1,1,133,1,Higher,Higher,Clerical/service,Clerical/service,130.7,1,0,0,1,0,0,19,0,0,7,7,7,14.757142857142900,0,0,8,9,8,15.366666666666700,0,12.4,0.5,1.79,Graduate
1,17,4,9254,1,1,124,1,Secondary,Secondary,Clerical/service,Clerical/service,122.3,1,0,0,1,0,0,19,0,0,6,7,6,11.666666666666700,0,0,6,6,6,12.333333333333300,0,13.9,-0.3,0.79,Not on time
1,1,1,9670,1,1,143,1,Higher,Basic,High-skilled,Low-skilled,144.1,1,0,0,1,0,0,19,0,0,6,7,5,12.6,0,0,6,10,5,12.375,0,10.8,1.4,1.74,Not on time
1,1,1,9773,1,1,128,1,Secondary,Basic,Low-skilled,Manual skilled,118.2,0,0,0,1,0,0,19,0,0,6,6,6,11.666666666666700,0,0,6,6,6,11.5,0,12.7,3.7,-1.7,Graduate
1,1,1,9238,1,1,138,1,Basic,Basic,Clerical/service,Manual skilled,133.5,0,0,0,1,0,1,19,0,0,6,6,6,15,0,0,6,6,6,13.333333333333300,0,8.9,1.4,3.51,Graduate
1,1,5,9500,1,1,144,1,Basic,Basic,Manual skilled,Low-skilled,126.8,1,0,1,0,0,0,18,0,0,7,0,0,0,0,0,8,0,0,0,0,9.4,-0.8,-3.12,Not on time
1,1,4,9773,1,1,122,1,Basic,Basic,Low-skilled,Manual skilled,121,1,0,0,1,0,0,20,0,0,6,7,6,13.571428571428600,0,0,6,6,6,13.333333333333300,0,13.9,-0.3,0.79,Graduate
1,17,1,9254,1,1,111,1,Basic,Basic,High-skilled,Other/unknown,117.7,0,0,0,1,0,0,20,0,0,6,8,5,10.8,0,0,6,9,4,11.5,0,9.4,-0.8,-3.12,Graduate
1,1,1,9085,1,1,133.1,1,Basic,Basic,High-skilled,High-skilled,115,1,0,0,1,0,0,21,0,0,5,8,3,11.333333333333300,1,0,5,8,3,13.333333333333300,0,12.7,3.7,-1.7,Not on time
2,1,1,9991,0,2,120,1,Basic,Basic,Manual skilled,High-skilled,129.2,0,0,0,1,0,0,31,0,4,10,16,5,11.4,0,4,10,10,6,12.833333333333300,0,9.4,-0.8,-3.12,Not on time
1,1,1,9556,1,1,135,1,Basic,Basic,Manual skilled,Low-skilled,125.8,0,0,0,1,0,1,20,0,0,7,14,7,10.642857142857100,0,0,8,8,8,11.55,0,12.7,3.7,-1.7,Graduate
1,17,5,9670,1,1,125,1,Basic,Basic,Manual skilled,Manual skilled,118.4,1,0,0,1,0,1,19,0,0,5,8,3,10.5,0,0,5,6,4,11.75,1,7.6,2.6,0.32,Not on time
1,1,1,9500,1,1,147,1,Basic,Basic,Low-skilled,Low-skilled,142,1,0,0,1,0,0,18,0,0,7,7,6,14.65,0,0,7,7,6,14.65,0,7.6,2.6,0.32,Graduate
1,17,3,9500,1,1,137,1,Basic,Basic,Manual skilled,Manual skilled,126.7,1,0,0,1,0,1,19,0,0,7,7,7,13.714285714285700,0,0,8,11,8,14.863636363636400,0,16.2,0.3,-0.92,Graduate
1,43,1,9238,1,1,117,1,Unknown,Unknown,Other/unknown,Other/unknown,109.3,0,0,0,1,0,0,30,0,9,16,19,15,12.266666666666700,0,11,13,14,13,12.071428571428600,0,9.4,-0.8,-3.12,Graduate
1,17,1,9238,1,1,126,1,Basic,Basic,Low-skilled,Manual skilled,116.9,1,0,0,1,0,0,21,0,0,6,11,6,10.375,0,0,6,12,3,11.666666666666700,0,12.7,3.7,-1.7,Not on time
1,18,1,9147,1,1,128,1,Basic,Basic,Low-skilled,Clerical/service,121.7,1,0,0,1,0,0,19,0,0,5,8,5,11,0,0,5,6,5,15.4,0,12.4,0.5,1.79,Graduate
1,1,6,9147,1,1,115,1,Secondary,Basic,Clerical/service,Low-skilled,117.1,1,0,1,1,0,0,22,0,0,5,5,5,13.8,0,0,5,5,5,13,0,7.6,2.6,0.32,Graduate
1,1,1,9773,1,1,121,1,Secondary,Basic,Clerical/service,Low-skilled,114.4,0,0,0,1,0,1,18,0,0,6,6,6,12.666666666666700,0,0,6,6,6,12.833333333333300,0,11.1,0.6,2.02,Graduate
1,17,1,9238,1,1,134,1,Higher,Secondary,High-skilled,Clerical/service,133,1,0,0,1,0,0,18,0,0,6,8,6,11.75,0,0,6,10,5,12,0,12.7,3.7,-1.7,Graduate
1,1,3,9500,1,1,126,1,Basic,Basic,Low-skilled,Manual skilled,118.8,1,0,0,1,0,1,19,0,0,8,8,7,12.785714285714300,0,0,8,8,7,12.785714285714300,0,12.7,3.7,-1.7,Graduate
1,1,1,9130,1,1,151,1,Higher,Secondary,High-skilled,Clerical/service,151,1,0,0,1,0,0,18,0,0,6,11,6,14.444444444444400,0,0,6,6,6,13.333333333333300,0,16.2,0.3,-0.92,Graduate
1,1,6,9500,1,1,122,1,Secondary,Secondary,Clerical/service,Clerical/service,119.6,1,0,0,1,0,0,21,0,0,7,8,6,13.25,0,0,8,8,8,13.8375,0,13.9,-0.3,0.79,Not on time
1,17,1,9500,1,1,141,1,Higher,Basic,High-skilled,Other/unknown,135.4,1,0,0,1,0,0,18,0,0,7,9,7,12.50625,0,0,8,15,5,13.2,0,13.9,-0.3,0.79,Not on time
1,1,1,171,1,1,138,1,Secondary,Higher,Clerical/service,High-skilled,149.9,1,0,0,1,0,0,20,0,0,0,0,0,0,0,0,0,0,0,0,0,11.1,0.6,2.02,Graduate
1,1,1,9085,1,1,133,1,Basic,Basic,Low-skilled,Manual skilled,120.1,1,0,0,1,0,0,18,0,0,5,8,4,12.75,1,0,5,10,4,11.75,0,12.7,3.7,-1.7,Graduate
1,39,1,9085,1,3,150,1,Higher,Higher,Clerical/service,Manual skilled,173.3,1,0,0,1,0,0,25,0,1,6,7,6,16.857142857142900,0,1,6,6,6,16.5,0,13.9,-0.3,0.79,Graduate
1,1,1,9773,1,1,136,1,Basic,Basic,Clerical/service,High-skilled,126.2,0,0,0,1,0,0,19,0,0,6,6,6,13.166666666666700,0,0,6,6,6,15,0,16.2,0.3,-0.92,Graduate
1,1,1,9853,1,1,129,1,Basic,Basic,High-skilled,Manual skilled,126.9,1,0,0,1,0,1,19,0,0,6,9,5,12.2,0,0,6,10,4,11.5,0,7.6,2.6,0.32,Not on time
1,39,1,9085,1,1,128,1,Basic,Secondary,Low-skilled,Other/unknown,157.4,1,0,0,1,0,0,26,0,0,6,7,6,16.5,0,0,6,8,6,14.285714285714300,0,8.9,1.4,3.51,Graduate
1,17,2,9147,1,1,131,1,Secondary,Basic,Clerical/service,Clerical/service,120.2,1,0,0,1,0,0,21,0,0,5,10,4,11.75,0,0,5,6,5,11.6,0,12.4,0.5,1.79,Graduate
1,1,1,9147,1,1,130,1,Basic,Basic,High-skilled,Low-skilled,124.8,0,0,0,1,0,0,19,0,0,5,14,1,11,0,0,5,6,0,0,0,13.9,-0.3,0.79,Not on time
1,17,1,9500,1,1,150,1,Basic,Basic,Low-skilled,Low-skilled,130.3,0,0,0,1,0,1,19,0,0,8,8,7,15.114285714285700,0,0,8,8,7,15.114285714285700,0,12.7,3.7,-1.7,Graduate
1,1,1,9238,1,1,165,1,Basic,Basic,Low-skilled,Manual skilled,152.4,1,0,0,1,0,1,18,0,0,6,8,6,15.5,0,0,6,7,6,14.285714285714300,0,16.2,0.3,-0.92,Graduate
2,43,1,9991,0,1,133.1,1,Basic,Basic,Low-skilled,Manual skilled,113.5,0,0,0,1,0,1,32,0,3,10,12,7,11.142857142857100,0,4,10,10,8,12,0,10.8,1.4,1.74,Graduate
1,1,1,9238,1,1,126,1,Higher,Secondary,Clerical/service,Clerical/service,125.7,0,0,0,1,0,1,18,0,0,6,6,6,11.333333333333300,0,0,6,8,6,11.333333333333300,0,15.5,2.8,-4.06,Graduate
1,1,5,9500,1,1,101,1,Secondary,Secondary,High-skilled,Clerical/service,102.4,0,0,0,1,0,0,20,0,0,7,9,5,12.04,0,0,7,9,6,11.77142857142860,0,12.4,0.5,1.79,Not on time
1,17,3,9147,1,1,125,1,Basic,Basic,Manual skilled,Manual skilled,125.7,0,0,0,1,0,0,20,0,0,5,7,5,11.166666666666700,0,0,5,9,4,10.75,0,15.5,2.8,-4.06,Not on time
4,39,1,9670,1,1,100,1,Basic,Basic,Clerical/service,Other/unknown,120,0,0,1,1,0,1,39,0,0,5,6,5,10.6,0,0,5,7,4,10.75,0,9.4,-0.8,-3.12,Graduate
1,1,1,9130,1,1,117,1,Secondary,Secondary,Low-skilled,Low-skilled,109.3,1,0,0,1,0,0,20,0,0,5,10,4,12.5,0,0,5,12,2,13,0,12.7,3.7,-1.7,Not on time
1,1,1,171,1,1,159,1,Higher,Secondary,Clerical/service,Clerical/service,162.2,1,0,1,0,0,0,18,0,0,0,0,0,0,0,0,0,0,0,0,0,12.4,0.5,1.79,Not on time
1,17,1,9773,1,1,177,1,Higher,Secondary,High-skilled,High-skilled,155.7,0,0,1,1,0,1,18,0,0,6,6,6,15.666666666666700,0,0,6,6,6,13.833333333333300,0,8.9,1.4,3.51,Graduate
1,1,1,171,1,1,156,1,Higher,Higher,High-skilled,High-skilled,147.7,1,0,0,1,0,0,21,0,6,12,12,12,15.333333333333300,0,4,11,15,11,15,0,8.9,1.4,3.51,Graduate
1,1,5,9500,1,1,125,1,Secondary,Secondary,High-skilled,Manual skilled,115.6,1,0,0,1,0,0,18,0,0,7,9,6,12.183333333333300,0,0,7,9,6,11.783333333333300,0,16.2,0.3,-0.92,Not on time
1,1,2,9147,1,1,130,1,Basic,Basic,Low-skilled,Low-skilled,117.8,0,0,0,1,0,0,18,0,0,5,8,2,10,0,0,5,9,3,11.333333333333300,0,7.6,2.6,0.32,Not on time
1,43,1,9003,1,1,125,1,Secondary,Basic,Clerical/service,Manual skilled,125,1,0,0,1,0,0,21,0,9,14,23,9,12,2,6,12,21,8,11.25,0,15.5,2.8,-4.06,Graduate
1,1,1,9147,1,1,127,1,Basic,Basic,Clerical/service,Clerical/service,129.8,1,0,0,1,0,0,22,0,0,5,8,3,10.333333333333300,0,0,5,11,2,10,0,7.6,2.6,0.32,Not on time
1,17,1,9254,1,1,121,1,Secondary,Secondary,Clerical/service,Clerical/service,123.1,1,0,0,1,1,0,21,0,0,6,11,6,11.166666666666700,0,0,6,14,3,14.666666666666700,0,7.6,2.6,0.32,Not on time
1,43,1,9070,1,1,135,1,Basic,Basic,Low-skilled,Low-skilled,122.8,1,0,0,1,1,1,20,0,0,6,8,3,11,0,0,6,8,2,11.333333333333300,0,10.8,1.4,1.74,Not on time
1,1,2,171,1,1,125,1,Basic,Basic,Low-skilled,Low-skilled,117.3,1,0,0,1,1,1,21,0,0,0,0,0,0,0,0,0,0,0,0,0,10.8,1.4,1.74,Graduate
1,1,1,9254,1,1,138,41,Secondary,Secondary,Low-skilled,Low-skilled,126.5,1,0,0,1,0,1,20,1,0,6,7,6,12.857142857142900,0,0,6,8,5,11.8,0,8.9,1.4,3.51,Graduate
1,1,4,9500,1,1,136,1,Basic,Basic,Low-skilled,Low-skilled,123,1,0,0,1,0,0,19,0,0,8,8,7,14.328571428571400,0,0,8,8,7,14.328571428571400,0,10.8,1.4,1.74,Graduate
1,1,1,9238,1,1,142,1,Secondary,Basic,Clerical/service,Manual skilled,127.7,0,0,0,1,0,1,20,0,0,6,7,6,15,0,0,6,6,6,16.333333333333300,0,13.9,-0.3,0.79,Graduate
1,1,1,9085,1,1,129,1,Basic,Basic,Low-skilled,Low-skilled,117.5,1,0,0,1,0,0,19,0,0,5,9,5,13.6,1,0,5,5,5,12.4,0,12.7,3.7,-1.7,Graduate
1,1,1,9085,1,1,134,1,Secondary,Secondary,High-skilled,Manual skilled,128.4,1,0,0,1,0,1,18,0,0,5,12,5,12.857142857142900,2,0,5,8,4,13.25,0,9.4,-0.8,-3.12,Graduate
1,17,2,9853,1,1,123,1,Higher,Secondary,High-skilled,High-skilled,124.1,1,0,0,1,0,0,18,0,0,6,7,2,14.5,0,0,6,6,1,10,0,15.5,2.8,-4.06,Not on time
1,39,1,9991,0,1,150,1,Basic,Basic,Low-skilled,Manual skilled,140.9,0,1,0,1,0,0,24,0,0,5,7,3,10.666666666666700,0,0,5,7,3,10.5,0,10.8,1.4,1.74,Not on time
1,1,1,9254,1,1,129,1,Secondary,Secondary,Clerical/service,High-skilled,126.2,0,0,1,0,0,1,21,0,0,6,7,6,13.428571428571400,0,0,6,8,6,11.333333333333300,0,8.9,1.4,3.51,Not on time
1,1,3,9500,1,1,134,1,Secondary,Basic,Manual skilled,Manual skilled,120.5,1,0,0,1,1,1,18,0,0,7,12,7,11.716666666666700,0,0,8,13,4,10.868,0,15.5,2.8,-4.06,Graduate
1,17,1,9147,1,1,127,1,Secondary,Basic,Clerical/service,Manual skilled,121.1,1,0,0,1,1,1,20,0,0,5,11,4,12,0,0,5,5,5,12.8,0,11.1,0.6,2.02,Graduate
1,18,2,9853,1,1,123,1,Secondary,Higher,Low-skilled,High-skilled,123.7,1,0,1,0,0,0,20,0,0,6,11,5,13.2,0,0,6,8,4,10.75,0,10.8,1.4,1.74,Not on time
1,17,3,9254,1,1,127,1,Secondary,Basic,Clerical/service,Manual skilled,116.9,1,0,1,1,0,0,18,0,0,6,7,5,12.2,0,0,6,10,4,12.25,0,12.4,0.5,1.79,Not on time
1,39,1,9556,1,1,133.1,1,Basic,Basic,Low-skilled,Manual skilled,100,1,0,0,1,0,1,25,0,0,7,11,5,12.58,0,0,7,9,6,12.157142857142900,0,8.9,1.4,3.51,Graduate
1,17,5,9238,1,1,131,1,Basic,Basic,Clerical/service,Manual skilled,120.2,1,0,0,1,0,1,19,0,0,6,9,5,11.333333333333300,0,0,6,6,6,10.833333333333300,0,13.9,-0.3,0.79,Not on time
2,39,1,33,1,1,120,1,Basic,Secondary,Low-skilled,Clerical/service,153.8,0,0,1,1,1,0,35,0,0,7,9,0,0,0,0,7,8,0,0,0,11.1,0.6,2.02,Not on time
1,1,4,9500,1,1,133,1,Basic,Basic,Low-skilled,Clerical/service,120.1,1,0,0,1,0,1,19,0,0,7,9,6,12.428571428571400,0,0,8,8,8,14,0,13.9,-0.3,0.79,Graduate
1,1,1,9670,1,1,133,1,Basic,Basic,Low-skilled,Low-skilled,128.1,1,0,0,1,1,1,18,0,0,6,6,6,13,0,0,6,6,6,13,0,13.9,-0.3,0.79,Not on time
1,1,1,9500,1,1,143,1,Higher,Basic,High-skilled,Other/unknown,126.8,0,0,0,1,1,0,19,0,0,8,8,7,14.535714285714300,0,0,8,8,7,14.535714285714300,0,10.8,1.4,1.74,Graduate
1,43,1,9500,1,1,140,1,Basic,Basic,Low-skilled,Manual skilled,125.7,1,0,0,1,1,1,19,0,0,7,8,5,11.2,0,0,7,8,5,11.2,0,7.6,2.6,0.32,Not on time
1,17,1,9070,1,1,157,1,Higher,Higher,High-skilled,High-skilled,146.2,0,0,0,1,1,0,18,0,0,6,6,6,16,0,0,6,6,6,13.666666666666700,0,12.4,0.5,1.79,Graduate
1,39,1,9130,1,19,133.1,1,Basic,Higher,Low-skilled,High-skilled,140,1,0,1,1,1,0,24,0,0,6,13,5,13.142857142857100,0,0,6,15,3,12.666666666666700,0,16.2,0.3,-0.92,Not on time
1,43,1,8014,0,1,145,6,Unknown,Unknown,Other/unknown,Other/unknown,134.5,1,0,0,1,1,0,25,1,8,14,23,11,11.6875,0,6,10,20,8,11.142857142857100,0,9.4,-0.8,-3.12,Graduate
1,39,1,9119,1,1,130,1,Basic,Higher,Low-skilled,High-skilled,137,1,0,0,1,1,0,28,0,0,5,11,4,10.5,0,0,5,12,4,11,4,7.6,2.6,0.32,Not on time
1,1,1,9085,1,1,111,1,Secondary,Basic,Clerical/service,Low-skilled,107.5,0,0,0,1,1,1,19,0,0,6,9,6,13.833333333333300,0,0,6,12,5,13.666666666666700,0,11.1,0.6,2.02,Graduate
1,17,2,9119,1,1,116,1,Basic,Secondary,Low-skilled,Manual skilled,112.2,0,0,0,1,1,0,19,0,0,5,0,0,0,0,0,5,0,0,0,0,16.2,0.3,-0.92,Not on time
1,39,1,9130,1,10,133.1,1,Secondary,Basic,Other/unknown,Other/unknown,128.2,0,0,0,0,1,1,30,0,0,5,13,0,0,3,0,5,5,0,0,5,9.4,-0.8,-3.12,Not on time
1,1,1,9500,1,1,135,1,Basic,Basic,Clerical/service,Clerical/service,126.8,1,0,0,1,1,0,19,0,0,7,9,0,0,0,0,7,8,0,0,0,15.5,2.8,-4.06,Not on time
1,17,1,9147,1,1,145,1,Basic,Basic,Clerical/service,Clerical/service,132.1,1,0,0,1,1,0,21,0,0,5,10,1,10,0,0,5,5,0,0,0,11.1,0.6,2.02,Not on time
1,1,1,171,1,1,118,1,Basic,Basic,High-skilled,Clerical/service,110,0,0,0,1,1,0,19,0,0,0,0,0,0,0,0,0,0,0,0,0,13.9,-0.3,0.79,Not on time
1,39,1,9003,1,1,130,1,Basic,Basic,Low-skilled,Clerical/service,100,0,0,0,0,1,0,29,0,0,6,9,0,0,0,0,6,6,0,0,0,13.9,-0.3,0.79,Not on time
1,1,1,9670,1,1,115,1,Basic,Basic,Low-skilled,Low-skilled,114.3,0,0,0,1,1,0,18,0,0,6,7,4,12.6,0,0,6,6,4,13,0,12.4,0.5,1.79,Not on time
1,1,2,9147,1,1,122,1,Secondary,Basic,Clerical/service,Clerical/service,116.4,0,0,0,1,1,0,21,0,0,5,10,3,11.25,0,0,5,9,3,11,0,15.5,2.8,-4.06,Not on time
1,42,1,9070,1,1,120,1,Higher,Higher,High-skilled,High-skilled,116.9,0,0,0,1,1,0,20,0,6,7,13,7,12.375,0,4,7,8,4,11.25,0,13.9,-0.3,0.79,Not on time
1,51,1,9991,0,1,120,1,Basic,Higher,Clerical/service,High-skilled,128.2,0,0,1,1,1,0,24,0,3,10,15,7,10.714285714285700,0,3,10,11,9,12.555555555555600,0,12.4,0.5,1.79,Not on time
1,17,2,9773,1,1,120,1,Secondary,Secondary,High-skilled,Clerical/service,127,1,0,0,0,1,0,18,0,0,6,6,0,0,0,0,6,0,0,0,0,8.9,1.4,3.51,Not on time
1,42,1,9003,1,1,140,1,Secondary,Higher,Clerical/service,High-skilled,140,1,0,0,1,1,0,23,0,0,6,14,5,12,0,0,6,12,5,12.142857142857100,0,15.5,2.8,-4.06,Not on time
1,1,6,9147,1,1,127,1,Secondary,Basic,High-skilled,Manual skilled,120,1,0,0,1,1,0,19,0,0,5,6,5,12.6,0,0,5,8,3,12.666666666666700,0,8.9,1.4,3.51,Graduate
1,7,1,9254,1,3,110,1,Basic,Basic,High-skilled,High-skilled,110,0,0,0,1,1,0,35,0,0,6,7,0,0,0,0,6,6,0,0,0,16.2,0.3,-0.92,Not on time
1,1,1,9500,1,1,148,1,Secondary,Secondary,Low-skilled,Low-skilled,127,1,0,0,1,1,0,20,0,0,8,8,7,12.84142857142860,0,0,8,8,7,12.84142857142860,0,10.8,1.4,1.74,Graduate
2,39,1,9238,1,42,170,1,Basic,Basic,Manual skilled,Manual skilled,159.5,0,0,0,1,1,0,33,0,0,6,6,0,0,0,0,5,5,0,0,0,8.9,1.4,3.51,Not on time
1,1,1,9773,1,1,146,1,Secondary,Higher,Clerical/service,High-skilled,135.2,1,0,0,1,1,0,18,0,0,6,7,6,14.166666666666700,0,0,6,6,6,12.833333333333300,0,9.4,-0.8,-3.12,Graduate
1,1,1,9773,1,1,127,1,Higher,Higher,Clerical/service,Clerical/service,122.8,1,0,0,1,1,0,20,0,0,6,7,6,12.166666666666700,0,0,6,9,3,12,0,12.4,0.5,1.79,Not on time
1,17,1,9773,1,1,125,1,Higher,Higher,High-skilled,High-skilled,118,1,0,0,1,1,0,19,0,0,6,12,4,10.8,0,0,6,14,3,11,0,13.9,-0.3,0.79,Not on time
1,17,5,9773,1,1,139,1,Basic,Secondary,Clerical/service,Clerical/service,123.6,1,0,0,1,1,0,18,0,0,6,6,6,13,0,0,6,12,0,0,0,7.6,2.6,0.32,Not on time
1,39,1,9991,0,1,133.1,1,Basic,Basic,Manual skilled,Low-skilled,111,0,0,0,0,1,0,28,0,0,5,0,0,0,0,0,5,0,0,0,0,8.9,1.4,3.51,Not on time
1,1,1,9147,1,1,146,1,Higher,Secondary,High-skilled,Clerical/service,144.6,0,0,0,1,1,0,18,0,0,5,5,5,13,0,0,5,6,5,13.333333333333300,0,16.2,0.3,-0.92,Graduate
1,1,1,9773,1,1,109,1,Higher,Higher,High-skilled,High-skilled,111.8,1,0,1,1,1,0,25,0,0,6,8,6,11.571428571428600,0,0,6,9,6,11.571428571428600,0,15.5,2.8,-4.06,Not on time
1,1,1,9238,1,1,135,1,Secondary,Basic,Clerical/service,Manual skilled,122.1,0,1,1,0,1,0,19,0,0,6,6,4,11.5,0,0,6,6,5,11,0,8.9,1.4,3.51,Not on time
1,18,2,9070,1,1,122,1,Basic,Basic,Clerical/service,Clerical/service,119.9,0,0,0,1,1,0,18,0,0,6,8,5,11,0,0,6,6,4,10.75,0,9.4,-0.8,-3.12,Graduate
1,7,1,9003,1,3,130,1,Higher,Higher,Manual skilled,High-skilled,130,1,0,0,1,1,0,29,0,1,6,10,6,17.11111111111110,0,2,6,9,6,15.571428571428600,0,13.9,-0.3,0.79,Graduate
1,1,1,171,1,1,124,1,Higher,Higher,High-skilled,High-skilled,118.4,1,0,0,1,1,0,18,0,0,0,0,0,0,0,0,0,0,0,0,0,7.6,2.6,0.32,Not on time
1,1,1,9254,1,1,115,1,Higher,Higher,Clerical/service,Clerical/service,112.6,0,0,0,1,1,1,20,0,0,6,9,6,12.571428571428600,0,0,6,6,6,12.166666666666700,0,8.9,1.4,3.51,Graduate
1,44,1,9003,1,39,150,1,Higher,Basic,High-skilled,Manual skilled,150,0,0,0,1,1,0,20,0,0,6,6,0,0,0,0,6,8,0,0,0,15.5,2.8,-4.06,Not on time
1,1,4,9070,1,1,170,1,Higher,Higher,High-skilled,High-skilled,165.8,1,0,0,1,1,0,18,0,0,6,7,6,14.5,0,0,6,6,6,15.166666666666700,0,9.4,-0.8,-3.12,Graduate
1,1,6,9254,1,1,102,1,Higher,Secondary,High-skilled,High-skilled,101.7,1,0,0,1,1,1,21,0,0,6,6,6,13.5,0,0,6,6,6,12.333333333333300,0,12.4,0.5,1.79,Graduate
1,17,2,9254,1,1,140,1,Higher,Higher,High-skilled,High-skilled,124.3,0,0,0,0,1,0,18,0,0,6,9,5,11.2,0,0,6,14,2,10,0,9.4,-0.8,-3.12,Not on time
1,1,5,9119,1,1,135,1,Basic,Basic,Other/unknown,Other/unknown,122.1,1,0,0,1,1,0,20,0,0,5,10,3,10.666666666666700,0,0,5,5,4,12.25,0,7.6,2.6,0.32,Graduate
1,43,1,8014,0,1,148,1,Basic,Basic,Low-skilled,Low-skilled,134.7,0,0,0,1,0,0,23,0,9,13,15,9,11,0,4,11,12,7,11.571428571428600,0,15.5,2.8,-4.06,Not on time
1,39,1,9991,0,1,140,1,Secondary,Basic,Low-skilled,Manual skilled,154.5,0,0,0,1,0,0,26,0,0,1,2,0,0,0,0,5,8,0,0,0,16.2,0.3,-0.92,Not on time
1,17,3,9670,1,1,147,1,Basic,Basic,Manual skilled,Manual skilled,128.8,0,0,1,1,0,0,19,0,0,5,5,1,10,0,0,5,5,0,0,0,9.4,-0.8,-3.12,Not on time
1,39,1,9556,1,1,140,1,Basic,Basic,Low-skilled,Low-skilled,106,1,0,1,0,0,1,24,0,0,7,14,5,12.36,0,1,8,15,5,12,0,8.9,1.4,3.51,Not on time
1,1,1,9670,1,1,157,1,Basic,Basic,Low-skilled,Manual skilled,146.2,1,0,0,1,0,1,20,0,0,6,8,6,15.25,0,0,6,7,6,14.714285714285700,0,11.1,0.6,2.02,Graduate
1,17,1,9991,0,1,120,1,Basic,Higher,Low-skilled,High-skilled,116.9,1,0,1,0,0,0,26,0,0,5,5,0,0,0,0,5,6,0,0,0,10.8,1.4,1.74,Not on time
1,39,1,9147,1,12,133.1,1,Basic,Basic,Manual skilled,Low-skilled,118.2,0,0,0,1,0,0,31,0,0,5,8,1,13,2,0,5,9,4,12.25,0,10.8,1.4,1.74,Not on time
2,43,1,9500,1,1,140,1,Basic,Basic,Low-skilled,Other/unknown,105.7,1,0,0,1,0,0,27,0,0,8,8,8,13.81375,0,0,8,8,8,13.81375,0,9.4,-0.8,-3.12,Graduate
1,1,1,9085,1,1,130,1,Basic,Basic,Low-skilled,Low-skilled,126.9,0,0,1,1,0,0,24,0,0,6,8,6,13.285714285714300,0,0,6,13,6,12.875,0,11.1,0.6,2.02,Graduate
1,44,1,9085,1,39,150,1,Basic,Basic,Low-skilled,Low-skilled,150,1,0,0,1,0,0,23,0,0,6,11,4,11.5,0,0,6,12,4,12.2,0,8.9,1.4,3.51,Not on time
1,1,2,9500,1,1,115,1,Basic,Basic,Low-skilled,Manual skilled,108.4,1,0,0,1,0,1,20,0,0,7,8,7,11.9625,0,0,8,9,8,13.044444444444400,0,13.9,-0.3,0.79,Graduate
1,1,6,9500,1,1,118,1,Basic,Basic,Clerical/service,Clerical/service,114.2,1,0,0,1,0,0,20,0,0,7,9,6,13.683333333333300,0,0,8,11,6,13.116666666666700,0,11.1,0.6,2.02,Graduate
1,39,1,9500,1,1,130,1,Basic,Secondary,Low-skilled,Clerical/service,140,1,0,0,1,0,0,24,0,0,8,8,7,14.985714285714300,0,0,8,8,7,14.985714285714300,0,12.7,3.7,-1.7,Graduate
2,39,1,9147,1,1,130,1,Basic,Basic,Low-skilled,Low-skilled,142.5,0,0,0,1,0,0,39,0,0,5,8,4,11.25,0,0,5,8,4,11.5,0,11.1,0.6,2.02,Not on time
1,1,2,9773,1,1,130,1,Basic,Basic,High-skilled,Low-skilled,126.5,1,0,0,1,0,0,18,0,0,6,8,4,12.5,0,0,6,6,5,12.6,0,12.7,3.7,-1.7,Graduate
1,17,3,9085,1,1,120,1,Basic,Basic,Low-skilled,Low-skilled,111.3,0,0,0,1,0,0,20,0,0,6,0,0,0,0,0,6,0,0,0,0,11.1,0.6,2.02,Not on time
1,1,2,9500,1,1,130,1,Secondary,Secondary,Clerical/service,High-skilled,125.1,1,0,0,1,0,0,18,0,0,7,10,7,13.78,0,0,8,10,8,13.661,0,15.5,2.8,-4.06,Graduate
1,1,2,9500,1,1,141,1,Basic,Basic,Low-skilled,Manual skilled,126.3,1,0,0,1,0,0,19,0,0,7,10,7,13.805,0,0,8,8,8,14.2725,0,15.5,2.8,-4.06,Graduate
1,17,1,9085,1,1,138,1,Secondary,Basic,Clerical/service,Low-skilled,142.2,1,0,0,1,0,0,18,0,0,5,7,5,13.8,0,0,5,5,5,12.6,0,10.8,1.4,1.74,Graduate
1,1,1,9670,1,1,113,1,Basic,Basic,Low-skilled,Low-skilled,110.2,1,0,0,1,0,0,22,0,0,5,7,3,12.666666666666700,0,0,5,6,4,12,0,7.6,2.6,0.32,Not on time
1,17,4,9500,1,1,135,1,Secondary,Secondary,Clerical/service,Clerical/service,127,1,0,0,1,0,0,18,0,0,7,7,7,14.424285714285700,0,0,8,8,8,13.9375,0,11.1,0.6,2.02,Graduate
1,1,1,9238,1,1,137,1,Higher,Secondary,Clerical/service,Low-skilled,128.6,0,0,0,1,0,1,18,0,0,6,7,6,13.166666666666700,0,0,6,6,6,12.5,0,12.4,0.5,1.79,Graduate
4,39,1,9991,0,1,133.1,1,Basic,Basic,Low-skilled,Low-skilled,130.4,0,0,0,1,0,0,30,0,0,5,10,3,10.666666666666700,0,0,5,8,5,10.4,0,12.7,3.7,-1.7,Not on time
2,43,1,9238,1,12,100,1,Basic,Basic,Low-skilled,Low-skilled,134.4,0,0,0,1,0,0,34,0,9,16,20,14,12.071428571428600,1,11,13,13,11,12.272727272727300,0,7.6,2.6,0.32,Graduate
1,39,1,8014,0,19,133.1,1,Basic,Basic,Low-skilled,Low-skilled,100,0,0,0,1,0,0,38,0,0,6,10,3,10.25,0,0,6,7,1,12,0,13.9,-0.3,0.79,Not on time
1,1,1,9500,1,1,142,1,Basic,Basic,Manual skilled,Manual skilled,133,1,0,0,1,0,1,19,0,0,8,8,8,14.11,0,0,8,8,8,14.11,0,9.4,-0.8,-3.12,Graduate
1,17,3,9853,1,1,140,1,Basic,Basic,Clerical/service,Manual skilled,126.7,1,0,0,1,0,0,19,0,0,6,9,5,12.4,0,0,6,10,3,10.666666666666700,0,10.8,1.4,1.74,Not on time
1,43,1,9773,1,1,129,1,Secondary,Secondary,Clerical/service,Manual skilled,129,0,0,0,0,0,0,21,0,0,6,7,6,12,0,0,6,6,6,12,0,10.8,1.4,1.74,Not on time
1,17,1,9773,1,1,141,1,Higher,Higher,High-skilled,High-skilled,133.7,1,0,0,1,0,1,18,0,0,6,6,6,14.833333333333300,0,0,6,6,6,13.5,0,11.1,0.6,2.02,Graduate
1,17,5,9085,1,1,118,1,Secondary,Basic,Clerical/service,Manual skilled,122.2,1,0,0,1,0,1,20,0,0,6,7,6,15.428571428571400,0,0,6,7,6,13.5,0,13.9,-0.3,0.79,Graduate
1,17,5,9147,1,1,131,1,Basic,Basic,Clerical/service,Clerical/service,128.9,0,0,0,1,0,1,18,0,0,5,7,5,11.6,0,0,5,11,5,11.4,4,16.2,0.3,-0.92,Graduate
1,1,3,9070,1,1,161,1,Basic,Basic,Clerical/service,Clerical/service,154.4,1,0,0,1,0,0,18,0,0,6,6,6,14.166666666666700,0,0,6,6,6,14,0,16.2,0.3,-0.92,Graduate
1,7,1,9556,1,2,130,1,Basic,Basic,Low-skilled,Low-skilled,130,1,0,0,1,0,1,36,0,0,7,9,1,9.8,0,0,7,7,0,0,0,12.7,3.7,-1.7,Not on time
1,17,4,9147,1,1,121,1,Basic,Basic,Manual skilled,Manual skilled,113,1,0,0,1,0,1,18,0,0,5,12,4,10.714285714285700,0,0,5,9,4,11,0,13.9,-0.3,0.79,Graduate
1,43,1,9130,1,6,133.1,1,Secondary,Basic,Clerical/service,Other/unknown,123.3,1,0,0,1,0,1,21,0,0,5,7,0,0,0,0,5,5,0,0,0,7.6,2.6,0.32,Not on time
1,44,1,9130,1,39,130,1,Secondary,Higher,Low-skilled,High-skilled,130,1,0,1,1,0,1,21,0,1,6,13,3,12.333333333333300,0,1,6,12,1,13,0,13.9,-0.3,0.79,Not on time
1,15,1,9085,1,1,133.1,41,Higher,Higher,Clerical/service,High-skilled,101.3,0,0,0,1,0,0,18,1,0,6,13,6,13,0,0,6,15,6,12.25,0,11.1,0.6,2.02,Graduate
1,17,6,9670,1,1,120,1,Secondary,Secondary,Clerical/service,Clerical/service,113.7,1,0,0,1,0,0,18,0,0,5,7,4,11.4,0,0,5,5,4,11.25,0,9.4,-0.8,-3.12,Graduate
1,1,2,9500,1,1,140,1,Basic,Basic,Low-skilled,Manual skilled,138.8,1,0,0,1,0,0,19,0,0,7,7,6,12.766666666666700,0,0,7,7,6,12.766666666666700,0,7.6,2.6,0.32,Graduate
2,39,1,9003,1,19,133.1,1,Basic,Basic,Low-skilled,Clerical/service,140,0,0,1,1,0,0,29,0,0,6,11,5,12.6,0,0,6,6,6,12.666666666666700,0,11.1,0.6,2.02,Graduate
1,44,1,9147,1,39,130,1,Basic,Secondary,Low-skilled,High-skilled,130,0,0,0,1,0,1,20,0,4,7,8,7,13,0,2,5,5,5,13.4,0,11.1,0.6,2.02,Graduate
1,17,2,9500,1,1,140,1,Basic,Basic,Low-skilled,Low-skilled,132.5,1,0,0,1,0,0,18,0,0,7,7,6,14.316666666666700,0,0,7,7,6,14.316666666666700,0,7.6,2.6,0.32,Graduate
1,1,1,9085,1,1,124,1,Higher,Secondary,Clerical/service,Other/unknown,117.4,1,0,0,1,0,0,19,0,0,5,7,4,12.75,0,0,5,5,5,12,0,10.8,1.4,1.74,Graduate
1,1,3,9147,1,1,115,1,Secondary,Basic,High-skilled,Manual skilled,109.8,1,0,0,1,0,1,19,0,0,5,5,5,13.4,0,0,5,5,5,12.6,0,8.9,1.4,3.51,Graduate
1,39,1,8014,0,1,100,1,Secondary,Higher,Low-skilled,Clerical/service,116.5,0,0,1,0,0,0,37,0,0,6,6,0,0,0,0,5,5,0,0,0,8.9,1.4,3.51,Not on time
1,1,2,9085,1,1,162,1,Basic,Secondary,Low-skilled,Low-skilled,165.2,1,0,0,1,0,1,18,0,0,5,6,4,15.75,0,0,5,5,5,13.8,0,10.8,1.4,1.74,Graduate
1,1,1,9853,1,1,121,1,Basic,Basic,Manual skilled,Manual skilled,113,1,0,0,1,0,0,21,0,0,6,9,5,12.4,0,0,6,11,1,11,0,12.7,3.7,-1.7,Not on time
1,17,1,9238,1,1,125,1,Secondary,Basic,Clerical/service,Manual skilled,123.3,0,0,0,1,0,1,19,0,0,6,8,6,11.5,0,0,6,7,6,12.333333333333300,0,12.4,0.5,1.79,Graduate
1,17,2,9670,1,1,123,1,Higher,Secondary,High-skilled,High-skilled,116.7,0,0,0,1,0,0,19,0,0,5,5,5,13.4,0,0,5,5,5,14,0,9.4,-0.8,-3.12,Graduate
2,39,1,9991,0,39,140,1,Basic,Basic,Low-skilled,Clerical/service,110,0,0,0,1,0,1,35,0,0,5,9,3,11.666666666666700,0,0,5,7,5,11.8,0,12.7,3.7,-1.7,Not on time
2,39,1,9500,1,1,133.1,1,Basic,Basic,Low-skilled,Manual skilled,118.9,0,0,0,1,0,0,30,0,0,7,0,0,0,0,0,8,0,0,0,0,13.9,-0.3,0.79,Not on time
1,43,2,9773,1,1,120,1,Unknown,Unknown,Other/unknown,Other/unknown,103.6,1,0,0,1,0,0,27,0,4,8,11,7,13.285714285714300,0,4,7,13,5,11.6,0,9.4,-0.8,-3.12,Not on time
2,1,1,9254,1,1,136,1,Basic,Basic,Low-skilled,Low-skilled,122.7,0,0,0,1,0,1,45,0,0,6,10,4,11.5,0,0,6,16,2,10.5,0,7.6,2.6,0.32,Not on time
2,39,1,8014,0,1,133.1,1,Basic,Basic,Low-skilled,Low-skilled,113.5,0,0,0,1,0,1,50,0,3,9,11,8,13.25,0,2,7,8,7,11.714285714285700,0,12.7,3.7,-1.7,Graduate
4,42,1,9147,1,1,110,1,Basic,Basic,Low-skilled,Low-skilled,128.2,0,0,0,1,0,0,41,0,8,14,24,11,12.25,3,5,10,12,10,13.4,0,9.4,-0.8,-3.12,Graduate
1,43,1,9500,1,1,120,1,Basic,Basic,Low-skilled,Manual skilled,120,1,0,0,1,0,0,26,0,0,7,8,6,12,0,0,7,8,6,12,0,7.6,2.6,0.32,Not on time
1,39,1,9003,1,19,133.1,1,Basic,Basic,Low-skilled,Low-skilled,130,0,0,0,1,0,0,44,0,0,6,10,1,12,0,0,6,6,0,0,0,11.1,0.6,2.02,Not on time
5,7,1,9147,1,40,110,1,Basic,Basic,Low-skilled,Low-skilled,110,0,0,0,1,0,0,23,0,10,15,15,13,10.923076923076900,0,5,10,10,7,11.142857142857100,0,15.5,2.8,-4.06,Graduate
1,51,1,33,1,1,130,1,Basic,Basic,Low-skilled,Low-skilled,117.7,0,0,0,1,0,0,34,0,10,12,12,10,12,0,5,10,11,5,11,0,11.1,0.6,2.02,Not on time
1,1,1,9147,1,1,102,1,Basic,Basic,Low-skilled,Low-skilled,99.6,1,0,0,1,0,1,21,0,0,5,10,5,13.714285714285700,0,0,5,7,5,14.4,0,11.1,0.6,2.02,Graduate
1,43,3,9147,1,1,127,21,Higher,Basic,High-skilled,High-skilled,117.9,1,0,0,1,0,0,22,1,0,5,8,1,10,0,0,5,8,2,13,0,7.6,2.6,0.32,Not on time
4,39,1,8014,0,1,133.1,1,Basic,Basic,Low-skilled,Manual skilled,113,0,0,0,1,0,1,32,0,0,6,18,2,10.333333333333300,0,0,6,7,6,11.5,0,16.2,0.3,-0.92,Graduate
1,17,2,9556,1,1,137,41,Secondary,Secondary,Manual skilled,Manual skilled,124.4,1,0,0,1,0,0,20,1,0,7,8,7,12.728571428571400,0,0,8,8,8,14.625,0,15.5,2.8,-4.06,Graduate
2,7,1,8014,0,3,130,1,Basic,Basic,Other/unknown,Other/unknown,140,0,0,0,0,0,0,59,0,10,15,22,12,13.333333333333300,0,8,8,8,8,12.875,0,10.8,1.4,1.74,Not on time
2,53,1,9147,1,42,130,1,Basic,Basic,Manual skilled,Clerical/service,132.4,0,0,0,1,0,0,30,0,6,11,20,9,12.22222222222220,0,3,9,16,9,11.6,0,8.9,1.4,3.51,Not on time
1,1,4,9254,1,1,131,1,Basic,Basic,Low-skilled,Low-skilled,124,1,0,0,1,0,1,18,0,0,6,7,6,11.333333333333300,0,0,6,9,6,10.833333333333300,0,9.4,-0.8,-3.12,Graduate
2,39,1,9991,0,1,162,1,Basic,Basic,Low-skilled,Manual skilled,132,0,0,1,1,1,0,25,0,0,5,8,4,11,0,0,5,7,4,12,0,7.6,2.6,0.32,Not on time
4,43,1,9991,0,1,140,1,Basic,Basic,Clerical/service,Clerical/service,149.8,0,0,0,1,1,0,36,0,0,5,5,5,13.8,0,0,5,6,5,13.8,0,12.7,3.7,-1.7,Graduate
1,7,1,9556,1,43,160,1,Basic,Basic,Low-skilled,Low-skilled,160,0,0,0,1,1,0,36,0,0,7,16,1,12,0,0,7,13,0,0,1,11.1,0.6,2.02,Not on time
1,17,6,9670,1,1,117,1,Basic,Basic,Other/unknown,High-skilled,114.6,0,0,0,0,1,0,19,0,0,6,9,4,11.25,0,0,6,11,3,10.166666666666700,0,10.8,1.4,1.74,Not on time
1,39,1,9991,0,1,150,1,Secondary,Basic,Clerical/service,Manual skilled,120,0,0,0,1,1,0,25,0,0,5,6,4,10.5,0,0,5,6,5,12,0,9.4,-0.8,-3.12,Graduate
1,39,1,9003,1,19,133.1,1,Basic,Basic,Low-skilled,Manual skilled,100,0,0,0,1,1,0,35,0,17,18,20,18,11.555555555555600,0,11,13,13,13,11.615384615384600,0,15.5,2.8,-4.06,Graduate
1,1,1,9238,1,1,125,1,Secondary,Secondary,Clerical/service,Clerical/service,128.5,0,0,0,1,1,0,20,0,0,6,13,1,14,0,0,6,7,0,0,0,16.2,0.3,-0.92,Not on time
1,39,1,9003,1,1,130,1,Basic,Basic,Low-skilled,Manual skilled,113,1,0,0,0,1,0,35,0,0,6,17,1,13,0,0,6,8,0,0,0,15.5,2.8,-4.06,Not on time
1,1,1,9238,1,1,170,1,Basic,Basic,Other/unknown,Other/unknown,150.8,1,0,0,1,0,0,27,0,0,6,13,2,11,0,0,6,14,1,11,0,7.6,2.6,0.32,Not on time
1,17,3,9500,1,1,132,1,Basic,Higher,Low-skilled,Clerical/service,130.8,1,0,0,1,0,0,18,0,0,8,8,7,13.68142857142860,0,0,8,8,7,13.68142857142860,0,10.8,1.4,1.74,Not on time
1,43,1,9500,1,1,133.1,1,Basic,Basic,Low-skilled,Other/unknown,114.5,0,0,0,1,0,0,23,0,0,7,11,6,12.1,0,0,7,7,6,12.616666666666700,0,16.2,0.3,-0.92,Not on time
1,17,2,8014,0,1,120,1,Basic,Secondary,Clerical/service,Other/unknown,114.8,1,0,0,1,0,0,19,0,0,6,8,4,10.5,0,0,6,8,4,11.25,0,10.8,1.4,1.74,Graduate
1,17,2,9500,1,1,126,1,Basic,Basic,Manual skilled,Manual skilled,126.2,1,0,0,1,0,1,18,0,0,7,10,5,11.94,0,0,7,8,6,12.8,0,11.1,0.6,2.02,Not on time
1,39,1,9500,1,1,130,1,Basic,Basic,High-skilled,Manual skilled,129,0,0,1,0,0,0,26,0,0,7,11,4,12.86,0,0,7,10,5,11.566666666666700,0,12.4,0.5,1.79,Not on time
1,17,1,9238,1,1,133.1,1,Secondary,Basic,Low-skilled,Manual skilled,110.5,0,0,0,1,0,0,19,0,0,6,10,6,14.25,0,0,6,7,6,14,0,16.2,0.3,-0.92,Graduate
1,1,5,9500,1,1,141,1,Basic,Basic,Manual skilled,Manual skilled,132.5,1,0,0,0,0,0,19,0,0,7,0,0,0,0,0,8,0,0,0,0,12.7,3.7,-1.7,Not on time
1,1,1,171,1,1,138,1,Basic,Basic,Clerical/service,High-skilled,130.7,1,0,0,1,0,0,18,0,0,0,0,0,0,0,0,0,0,0,0,0,13.9,-0.3,0.79,Not on time
1,17,1,9500,1,1,130,1,Basic,Secondary,Low-skilled,Manual skilled,130.4,1,0,0,1,0,1,19,0,0,7,7,7,13.894285714285700,0,0,8,8,8,14.3625,0,11.1,0.6,2.02,Graduate
1,17,1,9500,1,1,128,1,Basic,Basic,Low-skilled,Manual skilled,124.3,1,0,0,1,0,1,19,0,0,7,8,7,13.46875,0,0,8,8,8,13.31375,0,15.5,2.8,-4.06,Graduate
1,1,4,9085,1,1,135,1,Basic,Basic,Low-skilled,Low-skilled,132.6,1,0,0,1,0,1,19,0,0,5,5,5,13.6,0,0,5,5,5,14.6,0,10.8,1.4,1.74,Graduate
1,44,1,8014,0,39,150,1,Secondary,Basic,Low-skilled,Manual skilled,146.7,0,0,0,1,0,1,21,0,3,6,6,6,14.666666666666700,0,2,6,6,6,13.833333333333300,0,12.4,0.5,1.79,Graduate
1,1,3,9773,1,1,135,1,Secondary,Secondary,High-skilled,Clerical/service,130.1,1,0,0,1,0,0,18,0,0,6,6,6,13.666666666666700,0,0,6,7,6,13,0,15.5,2.8,-4.06,Graduate
2,43,1,9254,1,3,120,1,Basic,Basic,Low-skilled,High-skilled,120,1,0,0,1,0,0,33,0,9,12,22,10,13.3,0,9,11,11,11,13.727272727272700,0,9.4,-0.8,-3.12,Graduate
1,7,1,8014,0,3,120,1,Basic,Basic,Clerical/service,High-skilled,121.3,0,0,0,1,0,0,32,0,7,11,13,11,13.454545454545500,0,5,11,13,7,12.428571428571400,0,12.7,3.7,-1.7,Graduate
1,1,6,9500,1,1,140,1,Basic,Basic,High-skilled,Clerical/service,133.3,1,0,0,1,0,1,17,0,0,8,8,8,13.41625,0,0,8,8,8,13.41625,0,9.4,-0.8,-3.12,Graduate
2,39,1,9500,1,1,140,1,Basic,Basic,Low-skilled,Manual skilled,110.5,0,0,0,1,0,0,31,0,0,7,0,0,0,0,0,8,0,0,0,0,12.7,3.7,-1.7,Not on time
2,39,1,8014,0,1,140,1,Basic,Basic,Low-skilled,Manual skilled,102.5,0,0,0,1,0,1,32,0,0,6,6,6,11.333333333333300,0,0,6,8,5,13,0,15.5,2.8,-4.06,Graduate
1,1,2,9085,1,1,156,1,Higher,Higher,High-skilled,Manual skilled,150.9,1,0,0,1,0,0,18,0,0,6,8,6,16,0,0,6,10,6,14.625,0,11.1,0.6,2.02,Not on time
1,51,1,9070,1,12,133.1,1,Basic,Basic,High-skilled,Manual skilled,106.6,0,0,1,1,0,0,31,0,2,6,8,5,11,0,4,6,12,6,10.166666666666700,0,8.9,1.4,3.51,Not on time
1,1,1,9254,1,1,120,1,Secondary,Secondary,Low-skilled,Other/unknown,118.3,0,0,0,1,1,0,20,0,0,6,8,6,12.857142857142900,0,0,6,9,5,12.4,0,8.9,1.4,3.51,Not on time
1,43,1,9991,0,1,100,1,Higher,Basic,High-skilled,High-skilled,117.9,0,0,0,0,1,0,40,0,0,5,5,0,0,0,0,5,6,0,0,0,10.8,1.4,1.74,Not on time
2,1,1,9991,0,1,120,1,Basic,Basic,Low-skilled,Low-skilled,135,1,0,0,1,1,0,32,0,0,5,5,5,14.8,0,0,5,5,5,14.2,0,7.6,2.6,0.32,Graduate
1,7,1,9119,1,3,120,1,Basic,Basic,High-skilled,High-skilled,120,0,0,0,0,1,0,40,0,1,5,7,1,13,0,2,5,5,2,14,0,12.7,3.7,-1.7,Not on time
1,1,1,171,1,1,172,1,Secondary,Secondary,Clerical/service,Low-skilled,167.1,0,0,0,1,1,1,18,0,0,0,0,0,0,0,0,0,0,0,0,0,16.2,0.3,-0.92,Graduate
1,43,1,9991,0,1,120,1,Basic,Basic,Low-skilled,Low-skilled,115.8,0,0,1,0,1,0,28,0,4,9,14,4,10,0,1,6,6,1,10,0,12.7,3.7,-1.7,Not on time
1,16,2,9070,1,1,137,1,Secondary,Secondary,High-skilled,High-skilled,141.2,1,0,1,1,1,0,19,0,0,6,11,5,11.2,0,0,6,7,6,12,0,9.4,-0.8,-3.12,Graduate
1,1,1,9773,1,1,117,1,Secondary,Basic,Clerical/service,Low-skilled,118.4,0,0,0,1,1,1,19,0,0,6,8,6,11.833333333333300,0,0,6,11,3,13,0,15.5,2.8,-4.06,Graduate
1,1,6,9147,1,1,142,1,Basic,Basic,Manual skilled,Manual skilled,134.3,0,1,0,1,1,0,21,0,0,5,0,0,0,0,0,5,0,0,0,0,10.8,1.4,1.74,Not on time
1,17,4,9147,1,1,135,1,Basic,Secondary,Other/unknown,Clerical/service,128.7,1,0,0,1,1,0,22,0,0,5,8,2,10.5,0,0,5,10,0,0,0,7.6,2.6,0.32,Not on time
1,17,3,9119,1,1,115,1,Higher,Secondary,High-skilled,High-skilled,116.1,1,0,0,0,1,0,18,0,0,5,8,5,12.5,0,0,5,7,5,13.571428571428600,0,12.4,0.5,1.79,Not on time
1,39,1,171,1,1,110,1,Secondary,Higher,Clerical/service,High-skilled,100,1,0,0,1,1,0,27,0,0,0,0,0,0,0,0,0,0,0,0,0,9.4,-0.8,-3.12,Not on time
1,1,1,171,1,1,123,1,Secondary,Higher,High-skilled,High-skilled,118.8,0,0,0,1,1,0,19,0,4,10,10,5,11,0,2,7,8,2,10,0,8.9,1.4,3.51,Not on time
2,43,1,9991,0,1,140,1,Basic,Basic,Low-skilled,Low-skilled,130,1,0,0,1,1,0,30,0,6,10,14,9,12.333333333333300,0,7,10,12,8,12,0,9.4,-0.8,-3.12,Graduate
1,39,1,9130,1,39,150,1,Secondary,Higher,Clerical/service,High-skilled,150,0,0,0,1,1,0,28,0,0,6,9,0,0,0,0,6,8,1,10,1,16.2,0.3,-0.92,Not on time
5,39,1,9119,1,1,120,1,Basic,Basic,Low-skilled,Low-skilled,116,0,0,1,1,1,1,34,0,0,5,14,1,17,0,0,5,10,2,11,0,9.4,-0.8,-3.12,Not on time
1,17,1,9147,1,1,110,1,Secondary,Secondary,Clerical/service,Clerical/service,99,0,0,0,1,1,0,21,0,0,5,5,5,11,0,0,5,11,3,11.428571428571400,0,10.8,1.4,1.74,Not on time
1,1,1,9238,1,1,133,1,Secondary,Basic,Low-skilled,Low-skilled,132,0,0,0,1,1,1,20,0,0,6,11,5,11.142857142857100,0,0,6,9,6,11.571428571428600,0,16.2,0.3,-0.92,Graduate
1,43,1,9254,1,1,110,1,Secondary,Basic,Low-skilled,Low-skilled,125,0,0,0,0,1,0,31,0,3,8,19,5,12.166666666666700,0,3,7,12,5,12,0,7.6,2.6,0.32,Not on time
1,17,1,9119,1,1,126,1,Secondary,Secondary,Low-skilled,Low-skilled,116.2,0,0,1,0,1,0,21,0,0,5,9,2,11,0,0,5,8,2,11.5,2,7.6,2.6,0.32,Not on time
1,39,2,9670,1,19,133.1,1,Unknown,Unknown,Other/unknown,Other/unknown,100,1,0,0,0,1,0,27,0,0,5,8,1,11,0,0,5,6,3,10.666666666666700,1,7.6,2.6,0.32,Not on time
1,1,6,9773,1,1,136,1,Basic,Basic,Low-skilled,Low-skilled,132.9,1,0,0,1,1,0,19,0,0,6,10,4,13.25,0,0,6,13,5,11.8,0,7.6,2.6,0.32,Graduate
1,17,4,9773,1,1,129,1,Higher,Secondary,High-skilled,Manual skilled,132.5,1,0,0,1,1,0,21,0,0,6,7,0,0,0,0,6,11,1,10,0,10.8,1.4,1.74,Not on time
1,44,1,9003,1,39,140,1,Basic,Basic,Clerical/service,Clerical/service,140,1,0,0,0,1,0,21,0,0,6,17,2,12.5,0,0,6,10,0,0,0,16.2,0.3,-0.92,Not on time
1,43,1,9670,1,1,160,1,Unknown,Unknown,Other/unknown,Other/unknown,100.1,0,0,0,0,1,0,35,0,6,10,10,7,12.142857142857100,0,4,9,9,4,12.25,0,7.6,2.6,0.32,Not on time
1,39,1,9085,1,1,133.1,1,Basic,Basic,Other/unknown,Manual skilled,128.2,0,0,0,1,1,0,28,0,0,5,8,3,12,0,0,5,10,3,11.333333333333300,0,7.6,2.6,0.32,Not on time
1,17,1,9670,1,1,140,1,Secondary,Secondary,Clerical/service,High-skilled,133.4,0,0,0,1,1,0,24,0,0,6,6,4,11.25,0,0,6,9,4,10.428571428571400,0,10.8,1.4,1.74,Not on time
1,1,3,9773,1,1,142,1,Unknown,Secondary,Clerical/service,Other/unknown,136.1,1,0,0,0,1,0,19,0,0,4,8,0,0,1,0,6,0,0,0,0,9.4,-0.8,-3.12,Not on time
1,17,1,9670,1,1,138,1,Secondary,Secondary,Clerical/service,Manual skilled,123,0,0,1,0,1,0,20,0,0,6,7,5,12.4,0,0,6,8,4,13,0,13.9,-0.3,0.79,Not on time
1,1,1,9070,1,1,131,1,Higher,Basic,Clerical/service,Clerical/service,130.3,1,0,0,1,1,1,20,0,0,6,6,6,12.833333333333300,0,0,6,8,6,12.666666666666700,2,16.2,0.3,-0.92,Graduate
1,1,1,9119,1,1,160,1,Basic,Basic,Low-skilled,Manual skilled,153.7,0,0,0,1,1,0,19,0,0,5,7,1,13,0,0,5,7,2,10,0,9.4,-0.8,-3.12,Not on time
1,39,1,9085,1,1,110,1,Higher,Secondary,Clerical/service,Manual skilled,142.5,0,0,1,0,1,0,37,0,5,7,7,5,12,0,3,7,7,3,11.666666666666700,0,8.9,1.4,3.51,Not on time
1,1,1,9254,1,1,124,1,Basic,Basic,Low-skilled,Manual skilled,114.6,1,0,0,1,1,0,19,0,0,6,13,2,12,0,0,6,12,1,13,0,7.6,2.6,0.32,Not on time
1,39,1,9500,1,1,120,1,Basic,Basic,Low-skilled,Manual skilled,108.5,0,0,0,1,1,0,36,0,0,7,18,0,0,0,0,7,7,0,0,0,13.9,-0.3,0.79,Not on time
1,39,1,9147,1,12,133.1,1,Basic,Basic,Low-skilled,Low-skilled,140,0,0,0,1,1,0,29,0,0,5,0,0,0,0,0,5,0,0,0,0,9.4,-0.8,-3.12,Not on time
1,39,1,9003,1,1,133.1,1,Basic,Basic,Low-skilled,Clerical/service,120,0,0,0,1,1,0,30,0,0,6,10,6,11.375,0,0,6,10,5,11.6,0,13.9,-0.3,0.79,Graduate
1,51,1,9670,1,19,133.1,1,Higher,Secondary,High-skilled,Other/unknown,120,0,0,1,1,1,0,32,0,1,6,15,2,12,0,0,6,7,0,0,0,11.1,0.6,2.02,Not on time
1,1,1,8014,0,1,123,1,Higher,Secondary,High-skilled,Low-skilled,127.6,1,0,0,1,1,0,26,0,0,6,6,6,11.833333333333300,0,0,6,6,6,11.666666666666700,0,10.8,1.4,1.74,Not on time
2,44,1,9003,1,39,140,1,Basic,Basic,Clerical/service,Manual skilled,140,0,0,0,1,1,0,37,0,0,6,17,1,12,0,0,6,23,2,10.5,1,16.2,0.3,-0.92,Not on time
1,39,1,9119,1,1,138.7,1,Secondary,Secondary,Clerical/service,High-skilled,111.3,0,0,0,1,1,0,27,0,1,6,7,3,12,0,2,6,7,2,11,0,13.9,-0.3,0.79,Not on time
1,1,1,9773,1,1,131,1,Basic,Secondary,Clerical/service,Manual skilled,131,1,0,0,1,1,1,18,0,0,6,7,6,12.714285714285700,0,0,6,8,5,11.833333333333300,0,13.9,-0.3,0.79,Graduate
1,1,1,9500,1,1,149,1,Basic,Basic,Low-skilled,Low-skilled,139.5,0,0,0,1,1,1,18,0,0,8,8,8,15.3,0,0,8,8,8,15.3,0,9.4,-0.8,-3.12,Graduate
2,39,2,9003,1,19,133.1,1,Basic,Basic,Clerical/service,High-skilled,110,0,0,0,0,1,0,32,0,2,8,12,2,11.5,2,0,7,9,0,0,0,15.5,2.8,-4.06,Not on time
1,44,1,9119,1,39,130,1,Higher,Basic,High-skilled,Clerical/service,130,0,0,0,1,1,0,20,0,0,5,12,1,13,0,0,5,8,3,12.6,0,12.4,0.5,1.79,Not on time
1,43,1,9003,1,1,120,1,Higher,Higher,High-skilled,High-skilled,115,0,0,0,1,1,0,22,0,0,6,12,0,0,0,0,6,10,0,0,0,16.2,0.3,-0.92,Not on time
4,39,1,9500,1,1,133.1,1,Secondary,Basic,High-skilled,High-skilled,154.3,0,0,0,1,0,0,32,0,0,7,0,0,0,0,0,8,0,0,0,0,12.4,0.5,1.79,Not on time
1,1,1,9147,1,1,143,1,Secondary,Basic,Low-skilled,Low-skilled,135,1,0,0,1,0,0,21,0,0,5,8,4,11,0,0,5,8,5,12,0,7.6,2.6,0.32,Not on time
1,17,4,9670,1,1,126,1,Secondary,Secondary,Clerical/service,Manual skilled,115.2,0,0,0,0,0,0,19,0,0,6,7,3,12.666666666666700,0,0,6,10,5,13.125,0,10.8,1.4,1.74,Not on time
1,1,1,9773,1,1,125,1,Basic,Secondary,Low-skilled,Low-skilled,130.6,1,0,0,1,0,1,18,0,0,6,6,6,13.5,0,0,6,6,6,14,0,8.9,1.4,3.51,Graduate
1,1,4,9147,1,1,123,1,Secondary,Secondary,Low-skilled,Manual skilled,117.4,1,0,0,1,0,1,18,0,0,5,7,5,12,0,0,5,10,5,11.4,0,8.9,1.4,3.51,Graduate
1,7,1,9147,1,2,150,1,Higher,Basic,High-skilled,Clerical/service,150,1,0,1,0,0,0,38,0,0,5,6,0,0,0,0,5,5,0,0,0,15.5,2.8,-4.06,Not on time
1,17,3,9853,1,1,132,1,Unknown,Unknown,Other/unknown,Other/unknown,131.3,1,0,0,1,0,0,21,0,0,6,8,5,11.8,0,0,6,8,4,10.5,0,7.6,2.6,0.32,Not on time
1,1,1,9238,1,1,133,1,Unknown,Basic,Clerical/service,Clerical/service,120.4,0,0,0,0,0,0,21,0,0,6,12,2,11.5,0,0,6,13,1,13,0,9.4,-0.8,-3.12,Not on time
1,1,1,9991,0,1,122,1,Basic,Basic,Low-skilled,High-skilled,113.6,0,0,0,1,1,0,26,0,0,5,11,2,11.5,0,0,5,10,3,12,0,7.6,2.6,0.32,Not on time
1,1,4,9500,1,1,137,1,Basic,Basic,Low-skilled,High-skilled,125,1,0,0,1,0,0,19,0,0,7,7,6,14.616666666666700,0,0,7,7,6,14.616666666666700,0,7.6,2.6,0.32,Graduate
1,1,6,9500,1,1,145,1,Basic,Basic,Low-skilled,Low-skilled,132.3,1,0,0,1,0,1,19,0,0,8,8,7,14.06,0,0,8,8,7,14.06,0,10.8,1.4,1.74,Not on time
1,17,1,9254,1,1,150,1,Secondary,Secondary,Low-skilled,Other/unknown,142.7,0,0,1,1,0,0,18,0,0,6,9,4,11,0,0,6,12,3,11.333333333333300,0,7.6,2.6,0.32,Not on time
1,7,1,9147,1,3,130,1,Basic,Basic,Low-skilled,Low-skilled,130,0,0,0,1,0,0,25,0,0,5,0,0,0,0,0,5,0,0,0,0,12.7,3.7,-1.7,Not on time
1,1,6,9500,1,1,136,1,Basic,Secondary,Clerical/service,Clerical/service,120.8,1,0,0,1,0,0,19,0,6,14,22,7,12.192307692307700,5,6,14,22,7,12.192307692307700,5,7.6,2.6,0.32,Graduate
1,17,2,9254,1,1,131,1,Secondary,Basic,Low-skilled,Low-skilled,130.3,1,0,0,1,0,1,18,0,0,6,6,6,12.833333333333300,0,0,6,7,6,12.333333333333300,0,13.9,-0.3,0.79,Graduate
1,17,1,9147,1,1,130,1,Basic,Basic,Low-skilled,Manual skilled,119.9,0,0,0,1,0,1,19,0,0,5,8,5,12.875,0,0,5,6,5,11.833333333333300,0,13.9,-0.3,0.79,Graduate
1,1,1,9238,1,1,108,1,Basic,Basic,Low-skilled,Manual skilled,110.5,1,0,0,1,0,1,22,0,0,6,6,6,12.166666666666700,0,0,6,6,6,12.5,0,12.4,0.5,1.79,Graduate
1,44,1,9003,1,39,160,1,Basic,Basic,Manual skilled,Manual skilled,160,1,0,0,1,0,0,21,0,0,6,11,6,13.428571428571400,0,0,6,12,6,12.857142857142900,0,15.5,2.8,-4.06,Graduate
1,17,1,9085,1,1,113,1,Basic,Basic,Low-skilled,Low-skilled,118.6,1,0,0,1,0,1,21,0,0,6,6,6,14.5,0,0,6,8,6,14.666666666666700,0,8.9,1.4,3.51,Graduate
1,1,1,9853,1,1,113,1,Basic,Basic,High-skilled,Manual skilled,112.3,0,0,0,1,0,1,20,0,0,7,7,7,12.142857142857100,0,0,7,7,7,12.857142857142900,0,11.1,0.6,2.02,Graduate
2,1,1,9147,1,1,137,1,Basic,Basic,Low-skilled,Low-skilled,124.4,0,0,0,1,0,0,19,0,0,5,6,4,11.25,0,0,5,10,3,11.714285714285700,0,10.8,1.4,1.74,Not on time
1,1,4,9500,1,1,148,1,Basic,Basic,Low-skilled,High-skilled,125,1,0,0,1,0,0,18,0,0,7,7,6,13.9,0,0,7,7,6,13.9,0,7.6,2.6,0.32,Graduate
1,39,1,9500,1,1,130,1,Basic,Basic,Low-skilled,Manual skilled,105.8,0,0,0,1,0,0,26,0,0,7,12,3,13.766666666666700,0,0,7,11,3,12.066666666666700,0,13.9,-0.3,0.79,Not on time
1,26,1,9147,1,2,133.1,1,Unknown,Unknown,Other/unknown,Other/unknown,121.5,1,0,0,1,0,0,31,0,13,15,17,13,11.615384615384600,0,11,14,14,11,12.545454545454500,0,7.6,2.6,0.32,Not on time
1,17,1,9238,1,1,138,1,Basic,Basic,Low-skilled,Manual skilled,134.2,1,0,0,1,0,1,18,0,0,6,6,6,15.166666666666700,0,0,6,7,6,14.142857142857100,0,11.1,0.6,2.02,Graduate
4,7,1,9147,1,3,130,1,Basic,Secondary,Clerical/service,Clerical/service,130,0,0,0,1,0,0,35,0,0,5,5,0,0,0,0,5,5,0,0,0,11.1,0.6,2.02,Not on time
1,1,1,9085,1,1,127,1,Basic,Basic,Low-skilled,Low-skilled,122.8,1,0,0,1,0,0,19,0,0,5,10,2,14.5,1,0,5,9,3,11.333333333333300,0,12.7,3.7,-1.7,Not on time
1,1,1,9238,1,1,115,1,Basic,Basic,Manual skilled,Manual skilled,108.7,0,0,0,1,0,1,19,0,0,6,9,5,10.8,0,0,6,8,6,10.714285714285700,0,15.5,2.8,-4.06,Graduate
1,1,2,9500,1,1,147,1,Higher,Secondary,Clerical/service,High-skilled,136.7,0,0,0,1,0,0,18,0,0,7,7,7,13.995714285714300,0,0,8,9,8,14.955555555555600,0,11.1,0.6,2.02,Graduate
1,17,1,9085,1,1,132,1,Basic,Basic,Clerical/service,Low-skilled,119.1,0,0,0,1,0,0,20,0,0,6,8,6,13.285714285714300,0,0,6,16,6,11.8,0,12.4,0.5,1.79,Graduate
1,1,4,171,1,1,146,1,Secondary,Secondary,Low-skilled,Clerical/service,151.3,1,0,0,1,0,1,19,0,6,12,12,12,12.75,0,4,11,16,11,13.25,0,8.9,1.4,3.51,Graduate
1,43,1,9238,1,1,109,1,Basic,Basic,Clerical/service,Clerical/service,108.3,0,0,0,1,0,1,21,0,0,6,15,2,10.5,0,0,6,8,5,12.4,0,10.8,1.4,1.74,Not on time
1,17,1,9853,1,1,133,1,Basic,Basic,Low-skilled,Low-skilled,127.4,0,0,1,1,0,1,18,0,0,7,7,7,12.714285714285700,0,0,7,7,7,12.285714285714300,0,16.2,0.3,-0.92,Graduate
1,42,1,9500,1,1,124,1,Basic,Basic,Clerical/service,Low-skilled,124,0,0,0,1,0,0,23,0,0,8,8,8,12.88625,0,0,8,8,8,12.88625,0,9.4,-0.8,-3.12,Graduate
1,1,1,9070,1,1,133.1,1,Secondary,Secondary,Low-skilled,Low-skilled,155,0,0,0,1,0,1,21,0,0,6,7,5,13,0,0,6,6,6,12.666666666666700,0,16.2,0.3,-0.92,Graduate
1,1,1,9147,1,1,121,1,Basic,Basic,Low-skilled,Low-skilled,114,0,0,0,1,0,1,19,0,0,5,7,5,12.2,0,0,5,6,5,11.2,0,11.1,0.6,2.02,Graduate
1,1,2,9147,1,1,129,1,Basic,Basic,High-skilled,Manual skilled,118.9,1,0,0,1,0,0,19,0,0,5,8,4,12.8,0,0,5,10,3,14.5,0,10.8,1.4,1.74,Not on time
1,53,1,9085,1,42,160,1,Basic,Basic,Clerical/service,Low-skilled,160,1,0,0,1,0,0,20,0,7,11,15,11,13.785714285714300,0,4,9,9,9,13.88888888888890,0,8.9,1.4,3.51,Graduate
1,43,1,9147,1,1,131,1,Higher,Basic,High-skilled,Low-skilled,126.1,0,0,0,1,0,0,18,0,0,5,5,0,0,0,0,5,9,4,13.25,2,16.2,0.3,-0.92,Not on time
1,1,1,9500,1,1,150,1,Basic,Basic,Low-skilled,Manual skilled,136.5,1,0,0,1,0,1,18,0,0,8,8,8,14.50125,0,0,8,8,8,14.50125,0,9.4,-0.8,-3.12,Graduate
2,1,5,9500,1,1,130,1,Secondary,Basic,Clerical/service,Clerical/service,122.3,0,0,0,1,0,0,19,0,0,7,7,6,14.35,0,0,7,7,6,14.35,0,7.6,2.6,0.32,Graduate
1,17,1,9070,1,1,133.1,1,Basic,Basic,Clerical/service,Clerical/service,128,0,0,0,1,0,1,21,0,0,6,6,6,11.5,0,0,6,6,6,12.333333333333300,0,9.4,-0.8,-3.12,Graduate
1,1,1,9238,1,1,154,1,Basic,Basic,Low-skilled,Low-skilled,156.5,1,1,0,1,0,1,18,0,0,6,8,6,11.714285714285700,0,0,6,6,6,14.666666666666700,0,12.7,3.7,-1.7,Graduate
1,1,1,9670,1,1,126,1,Basic,Basic,Manual skilled,Manual skilled,125.7,0,0,0,1,0,0,20,0,0,6,9,6,13.571428571428600,0,0,6,10,5,13.6,0,15.5,2.8,-4.06,Not on time
1,1,1,9773,1,1,150,1,Basic,Basic,Low-skilled,Clerical/service,143,0,0,0,1,0,0,18,0,0,6,6,5,13,0,0,6,6,6,13.666666666666700,0,12.7,3.7,-1.7,Graduate
1,17,5,9500,1,1,141,1,Basic,Basic,Low-skilled,Manual skilled,131.9,1,0,0,1,0,1,18,0,0,7,8,7,13.56875,0,0,8,8,8,14.02625,0,15.5,2.8,-4.06,Graduate
2,43,1,9991,0,1,134,1,Basic,Basic,Low-skilled,Low-skilled,113.7,0,0,0,1,0,0,32,0,1,5,5,5,10.2,0,0,5,9,4,11.25,0,9.4,-0.8,-3.12,Not on time
1,17,2,171,1,1,146,1,Higher,Higher,High-skilled,High-skilled,155.1,1,0,0,1,0,0,18,0,0,0,0,0,0,0,0,0,0,0,0,0,13.9,-0.3,0.79,Graduate
1,16,3,9853,1,1,134,1,Basic,Basic,Low-skilled,Low-skilled,121.1,1,0,0,1,0,0,19,0,0,6,8,5,12.2,0,0,6,8,5,11.8,0,10.8,1.4,1.74,Not on time
1,1,3,9500,1,1,139,1,Secondary,Basic,Low-skilled,High-skilled,130.3,1,0,0,1,0,1,18,0,0,8,8,8,14.15375,0,0,8,8,8,14.15375,0,9.4,-0.8,-3.12,Graduate
1,1,6,9500,1,1,136,1,Secondary,Secondary,Clerical/service,Clerical/service,123.3,0,0,0,0,0,0,18,0,0,8,8,0,0,8,0,8,8,0,0,8,9.4,-0.8,-3.12,Not on time
1,1,5,9773,1,1,110,1,Basic,Basic,High-skilled,Clerical/service,117.4,1,0,0,1,0,0,20,0,0,6,7,6,13.833333333333300,0,0,6,6,6,12.833333333333300,0,11.1,0.6,2.02,Graduate
1,5,1,9670,1,1,135,1,Secondary,Secondary,Clerical/service,Clerical/service,140.3,1,0,0,1,0,0,19,0,0,6,7,6,13.428571428571400,0,0,6,6,4,14,0,12.4,0.5,1.79,Not on time
1,17,4,9500,1,1,129,1,Basic,Basic,Low-skilled,Clerical/service,120,1,0,0,1,0,0,19,0,0,8,8,7,12.454285714285700,0,0,8,8,7,12.454285714285700,0,10.8,1.4,1.74,Graduate
1,17,1,9147,1,1,139,1,Basic,Basic,Manual skilled,Clerical/service,133.4,0,0,0,1,0,0,18,0,0,5,9,1,11,1,0,5,10,0,0,0,9.4,-0.8,-3.12,Not on time
1,1,4,9500,1,1,137,1,Secondary,Basic,Clerical/service,Manual skilled,126.7,1,0,0,1,0,0,18,0,0,7,0,0,0,0,0,8,0,0,0,0,15.5,2.8,-4.06,Not on time
1,17,3,9500,1,1,138,1,Secondary,Basic,Manual skilled,Manual skilled,129.3,1,0,0,1,0,1,18,0,0,7,8,6,13.271666666666700,0,0,8,11,7,12.94375,0,12.4,0.5,1.79,Graduate
1,17,6,9500,1,1,136,1,Higher,Basic,High-skilled,Low-skilled,125.7,1,0,0,1,0,0,20,0,0,7,8,6,13.548333333333300,0,0,8,11,6,14.775,0,11.1,0.6,2.02,Not on time
1,1,1,9773,1,1,143,1,Higher,Higher,High-skilled,Clerical/service,144.8,0,0,0,1,0,0,19,0,0,6,6,6,12.166666666666700,0,0,6,6,6,12.5,0,16.2,0.3,-0.92,Not on time
1,1,1,9254,1,1,133.1,1,Basic,Basic,High-skilled,High-skilled,98.6,0,0,0,1,0,0,21,0,0,6,16,2,11,0,0,6,12,0,0,0,12.7,3.7,-1.7,Not on time
1,1,1,9853,1,1,136,1,Basic,Basic,Low-skilled,Low-skilled,126.9,1,0,0,1,0,1,19,0,0,7,7,7,13.285714285714300,0,0,7,7,7,14.428571428571400,0,11.1,0.6,2.02,Graduate
1,17,1,9238,1,1,139,1,Basic,Basic,Clerical/service,Low-skilled,146.7,1,0,0,1,0,1,20,0,0,6,6,6,13.333333333333300,0,0,6,7,6,14,0,15.5,2.8,-4.06,Graduate
1,1,1,9500,1,1,125,1,Secondary,Secondary,Low-skilled,Clerical/service,117,0,0,0,1,0,1,21,0,0,8,8,8,13.2575,0,0,8,8,8,13.2575,0,9.4,-0.8,-3.12,Graduate
1,44,1,9085,1,39,130,1,Basic,Basic,Low-skilled,Manual skilled,130,1,0,0,1,0,0,23,0,0,6,7,0,0,0,0,6,7,0,0,0,11.1,0.6,2.02,Not on time
1,17,1,9238,1,1,137,1,Secondary,Basic,Clerical/service,Manual skilled,125.8,0,0,0,0,0,1,18,0,0,6,10,6,12.666666666666700,0,0,6,6,2,11.5,0,12.7,3.7,-1.7,Not on time
2,39,1,9991,0,3,130,1,Higher,Secondary,High-skilled,Other/unknown,160,0,0,0,1,0,0,30,0,0,5,5,5,14.6,0,0,5,5,5,15.4,0,12.7,3.7,-1.7,Not on time
1,1,1,9085,1,1,130,1,Secondary,Basic,Clerical/service,High-skilled,134.2,1,0,0,1,0,0,20,0,0,5,13,0,0,5,0,5,5,0,0,5,9.4,-0.8,-3.12,Not on time
2,43,2,9147,1,1,160,1,Basic,Basic,Low-skilled,Low-skilled,96,0,0,0,0,0,0,29,0,3,5,7,3,12.333333333333300,0,0,5,8,0,0,0,10.8,1.4,1.74,Not on time
1,18,1,9147,1,1,100,1,Basic,Basic,Clerical/service,Clerical/service,101.8,1,0,0,1,0,0,24,0,0,5,5,5,10.8,0,0,5,11,2,11,0,10.8,1.4,1.74,Not on time
1,1,1,9238,1,1,136,1,Basic,Secondary,Clerical/service,High-skilled,125.2,1,0,0,1,0,0,20,0,0,6,7,6,11.666666666666700,0,0,6,10,6,11.333333333333300,0,7.6,2.6,0.32,Graduate
1,43,1,8014,0,1,117,1,Basic,Basic,Low-skilled,Low-skilled,100,0,0,0,1,0,0,27,0,0,6,6,4,12.5,0,0,6,6,6,14.333333333333300,0,13.9,-0.3,0.79,Not on time
2,7,1,9147,1,3,140,1,Basic,Basic,Low-skilled,Low-skilled,140,0,0,0,1,0,0,23,0,0,5,0,0,0,0,0,5,0,0,0,0,7.6,2.6,0.32,Not on time
1,51,1,9070,1,1,132,1,Basic,Basic,Clerical/service,Clerical/service,120,0,0,0,1,0,1,23,0,0,6,6,6,15.333333333333300,0,0,6,6,6,14.166666666666700,0,11.1,0.6,2.02,Graduate
1,1,3,9500,1,1,147,1,Secondary,Secondary,Clerical/service,Clerical/service,134.3,1,0,0,1,0,0,18,0,0,8,8,7,14.2,0,0,8,8,7,14.2,0,12.7,3.7,-1.7,Graduate
1,1,1,9773,1,1,158,1,Basic,Basic,Low-skilled,Manual skilled,144.7,1,0,0,1,0,1,19,0,0,6,6,6,14.833333333333300,0,0,6,6,6,14.666666666666700,0,12.7,3.7,-1.7,Graduate
1,17,6,9500,1,1,142,1,Basic,Basic,Clerical/service,Low-skilled,131.9,1,0,0,1,0,0,19,0,0,7,7,7,13.642857142857100,0,0,8,8,8,14.3875,0,13.9,-0.3,0.79,Not on time
1,1,1,9773,1,1,143,1,Secondary,Basic,Manual skilled,Manual skilled,136.7,1,0,0,1,0,1,18,0,0,6,6,6,13.833333333333300,0,0,6,6,6,14,0,11.1,0.6,2.02,Not on time
1,1,2,9070,1,1,135,1,Secondary,Secondary,Clerical/service,Manual skilled,129.8,1,0,0,1,0,0,19,0,0,6,6,6,11.833333333333300,0,0,6,7,6,13,0,9.4,-0.8,-3.12,Graduate
1,1,1,9773,1,1,160,1,Secondary,Basic,Clerical/service,Manual skilled,146.5,0,0,0,1,0,1,18,0,0,6,7,6,13.428571428571400,0,0,6,10,6,13.5,0,13.9,-0.3,0.79,Graduate
1,43,1,9991,0,1,120,1,Basic,Basic,Low-skilled,Manual skilled,122.5,1,0,0,1,0,0,29,0,8,13,16,8,10.5,0,8,12,19,9,10.333333333333300,0,9.4,-0.8,-3.12,Not on time
1,39,2,9556,1,19,133.1,1,Basic,Basic,High-skilled,Manual skilled,117.8,0,0,0,1,0,0,24,0,0,7,10,6,11.416666666666700,0,0,8,9,8,11.9625,0,13.9,-0.3,0.79,Graduate
1,17,2,9556,1,1,133.1,1,Basic,Basic,Low-skilled,Manual skilled,106,1,0,0,1,0,0,19,0,0,7,16,2,12.75,0,0,7,12,2,11,0,8.9,1.4,3.51,Not on time
1,17,1,9556,1,1,133,1,Secondary,Basic,Clerical/service,Low-skilled,119,0,0,0,1,0,0,19,0,0,7,10,6,11.15,0,0,7,7,7,12.814285714285700,0,12.7,3.7,-1.7,Not on time
1,1,1,9670,1,1,120,1,Basic,Basic,Clerical/service,Manual skilled,115.1,0,0,0,1,0,0,19,0,0,6,8,3,11.666666666666700,0,0,6,11,5,13.625,0,10.8,1.4,1.74,Not on time
1,17,4,9254,1,1,106,1,Basic,Basic,Low-skilled,Manual skilled,116.9,1,0,0,1,0,0,20,0,0,6,7,6,11.5,0,0,6,8,5,12.4,0,11.1,0.6,2.02,Graduate
1,1,2,9773,1,1,148,1,Secondary,Basic,Low-skilled,Low-skilled,141.7,0,0,0,1,0,0,18,0,0,6,6,6,13.833333333333300,0,0,6,6,6,12.666666666666700,0,10.8,1.4,1.74,Graduate
1,1,2,9070,1,1,134,1,Secondary,Basic,High-skilled,High-skilled,127.7,1,0,0,0,0,0,18,0,1,6,8,6,11.714285714285700,1,0,6,11,4,11.333333333333300,0,13.9,-0.3,0.79,Not on time
1,1,5,9500,1,1,130,1,Basic,Secondary,Low-skilled,Clerical/service,122.1,1,0,0,1,0,1,19,0,0,7,8,7,11.678571428571400,0,0,8,10,7,13.0375,0,12.4,0.5,1.79,Graduate
1,16,1,9085,1,1,150,1,Higher,Higher,High-skilled,High-skilled,153.5,1,0,0,1,0,0,19,0,0,6,7,6,15.714285714285700,0,0,6,6,6,14.666666666666700,0,13.9,-0.3,0.79,Not on time
1,1,1,171,1,1,141,1,Secondary,Basic,Clerical/service,Manual skilled,141.4,1,0,0,1,0,1,18,0,0,0,0,0,0,0,0,0,0,0,0,0,13.9,-0.3,0.79,Graduate
1,1,1,9773,1,1,140,1,Basic,Basic,Low-skilled,Manual skilled,135.8,1,0,0,1,0,1,19,0,0,6,6,6,13,0,0,6,7,6,13,0,10.8,1.4,1.74,Graduate
1,1,2,9500,1,1,138,1,Higher,Higher,High-skilled,High-skilled,127.5,1,0,0,1,0,1,18,0,0,7,7,7,14.485714285714300,0,0,8,9,8,14.58888888888890,0,16.2,0.3,-0.92,Graduate
1,39,1,9991,0,1,130,1,Basic,Basic,Low-skilled,Low-skilled,151.6,0,0,0,1,0,0,24,0,0,5,9,5,12.285714285714300,0,0,5,8,5,12.125,0,16.2,0.3,-0.92,Not on time
1,39,1,9500,1,1,133.1,1,Basic,Basic,Clerical/service,Manual skilled,121.4,0,0,1,1,0,0,28,0,0,7,12,4,13.375,0,0,7,7,5,13.5,0,13.9,-0.3,0.79,Not on time
1,42,1,9500,1,1,133,1,Secondary,Secondary,Clerical/service,Clerical/service,100,0,0,0,1,0,0,20,0,1,8,8,7,11.571428571428600,0,1,8,8,7,11.571428571428600,0,12.7,3.7,-1.7,Graduate
1,1,6,9500,1,1,150,1,Basic,Basic,Low-skilled,Low-skilled,131.5,1,0,0,1,0,1,19,0,0,8,8,7,12.657142857142900,0,0,8,8,7,12.657142857142900,0,12.7,3.7,-1.7,Graduate
1,17,1,9147,1,1,117,1,Basic,Basic,Low-skilled,Low-skilled,109.3,0,0,0,0,0,0,22,0,0,5,9,2,10,1,0,5,11,1,10,0,9.4,-0.8,-3.12,Not on time
1,1,1,9238,1,1,145,1,Basic,Secondary,Manual skilled,Clerical/service,127.9,1,0,0,1,0,0,19,0,0,6,7,6,13.714285714285700,0,0,6,6,6,13.166666666666700,0,12.7,3.7,-1.7,Graduate
1,7,1,9238,1,3,140,1,Basic,Basic,Low-skilled,Low-skilled,140,1,0,0,1,0,0,36,0,10,14,21,13,13.071428571428600,0,4,11,16,11,13,0,16.2,0.3,-0.92,Graduate
1,44,1,9003,1,39,160,1,Basic,Basic,Low-skilled,Manual skilled,160,0,0,0,1,0,1,19,0,0,6,7,6,15.333333333333300,0,0,6,9,6,14,0,15.5,2.8,-4.06,Graduate
1,17,1,9238,1,1,125,1,Higher,Higher,High-skilled,High-skilled,119.8,0,0,0,1,0,0,18,0,0,6,9,5,11.571428571428600,0,0,6,8,6,12.142857142857100,0,16.2,0.3,-0.92,Graduate
4,43,4,9991,0,12,133.1,1,Basic,Basic,Low-skilled,Low-skilled,153,0,0,0,0,0,0,40,0,0,5,10,0,0,0,0,5,5,0,0,0,7.6,2.6,0.32,Not on time
1,1,2,9500,1,1,139,1,Basic,Basic,Low-skilled,Manual skilled,125,1,0,0,1,0,1,19,0,0,7,7,6,12.9,0,0,7,7,6,12.9,0,7.6,2.6,0.32,Graduate
4,43,1,9500,1,1,130,1,Basic,Basic,Low-skilled,Low-skilled,103.7,0,0,0,1,0,0,38,0,1,8,12,5,13.126,1,1,8,12,5,13.126,1,10.8,1.4,1.74,Not on time
1,7,1,9085,1,3,120,1,Basic,Basic,Manual skilled,Manual skilled,120,0,0,0,1,0,0,32,0,4,10,20,4,11.5,2,3,9,13,3,11.666666666666700,2,15.5,2.8,-4.06,Not on time
1,1,1,9853,1,1,160,1,Secondary,Basic,Low-skilled,Low-skilled,146,1,0,0,1,0,0,19,0,0,6,11,3,10.333333333333300,0,0,6,10,5,11.8,0,9.4,-0.8,-3.12,Not on time
1,17,3,9070,1,1,120,1,Higher,Secondary,Clerical/service,Clerical/service,116.9,1,0,0,1,0,0,19,0,0,6,6,6,13.5,0,0,6,7,6,13.428571428571400,0,8.9,1.4,3.51,Graduate
2,39,1,9147,1,1,130,1,Basic,Basic,Low-skilled,Low-skilled,117.9,0,0,0,1,0,0,35,0,0,1,1,0,0,1,0,5,0,0,0,0,10.8,1.4,1.74,Not on time
1,1,1,9147,1,1,124,1,Basic,Basic,High-skilled,Other/unknown,128.6,1,0,0,1,0,0,20,0,0,5,5,4,12,0,0,4,4,2,11.5,0,7.6,2.6,0.32,Not on time
1,17,1,9853,1,1,150,1,Basic,Basic,High-skilled,Clerical/service,135,0,0,0,1,0,0,29,0,2,8,10,7,11.142857142857100,0,2,8,11,8,11.375,0,12.7,3.7,-1.7,Graduate
1,1,1,9991,0,1,140,1,Basic,Basic,Low-skilled,Low-skilled,124.6,0,0,0,1,0,0,29,0,0,5,11,5,11.4,0,0,5,10,4,10.25,0,15.5,2.8,-4.06,Not on time
1,1,5,9500,1,1,135,1,Basic,Basic,Manual skilled,Manual skilled,124,1,0,0,1,0,1,19,0,0,8,8,7,12.771428571428600,1,0,8,8,7,12.771428571428600,1,9.4,-0.8,-3.12,Not on time
1,1,6,9500,1,1,143,1,Basic,Basic,Manual skilled,Low-skilled,129.5,1,0,0,1,0,1,18,0,0,8,8,7,13.79857142857140,0,0,8,8,7,13.79857142857140,0,10.8,1.4,1.74,Graduate
2,39,1,8014,0,19,100,1,Basic,Basic,Other/unknown,Other/unknown,111.3,0,0,1,0,0,0,25,0,0,6,7,6,13.333333333333300,0,0,6,6,6,13.5,0,7.6,2.6,0.32,Graduate
4,39,1,8014,0,19,133.1,1,Basic,Basic,Low-skilled,Low-skilled,95,0,0,1,0,0,0,50,0,0,6,11,0,0,0,0,5,6,0,0,0,8.9,1.4,3.51,Not on time
2,1,1,9147,1,1,133.1,1,Unknown,Unknown,Other/unknown,Other/unknown,131.8,0,0,0,1,0,0,24,0,14,15,17,14,11.357142857142900,0,13,14,15,13,12.846153846153800,0,7.6,2.6,0.32,Not on time
1,1,5,9119,1,1,132,1,Basic,Basic,Clerical/service,High-skilled,119.1,0,0,0,1,0,0,18,0,0,5,11,0,0,0,0,5,8,0,0,0,9.4,-0.8,-3.12,Not on time
1,17,1,9085,1,1,131,1,Basic,Basic,Low-skilled,Manual skilled,125.4,1,0,0,1,0,0,20,0,0,6,13,6,15.692307692307700,0,0,6,13,5,14.428571428571400,0,15.5,2.8,-4.06,Graduate
1,16,1,9003,1,1,147,1,Secondary,Basic,Clerical/service,Low-skilled,140.7,1,0,1,1,0,1,20,0,13,18,19,18,15.052631578947400,0,11,13,13,13,14.538461538461500,0,15.5,2.8,-4.06,Graduate
1,43,1,9991,0,1,141,1,Basic,Basic,Low-skilled,Low-skilled,131.9,0,0,0,1,0,0,21,0,6,10,20,6,11.5,0,5,10,17,5,12.4,0,9.4,-0.8,-3.12,Not on time
1,39,1,9238,1,1,160,1,Basic,Secondary,Low-skilled,High-skilled,124,0,0,1,1,1,0,28,0,2,8,15,7,11,0,0,6,17,1,10,0,10.8,1.4,1.74,Not on time
1,1,1,9254,1,1,135,1,Basic,Basic,Low-skilled,Manual skilled,139.2,0,0,0,1,1,1,19,0,0,6,6,6,13,0,0,6,6,6,13.166666666666700,0,12.4,0.5,1.79,Graduate
1,1,1,9500,1,1,133,1,Basic,Basic,Low-skilled,Manual skilled,121.8,0,0,0,1,1,1,18,0,0,8,8,8,12.93875,0,0,8,8,8,12.93875,0,9.4,-0.8,-3.12,Graduate
1,17,1,171,1,1,142,1,Basic,Basic,Low-skilled,Low-skilled,132.9,0,0,0,1,1,0,22,0,0,0,0,0,0,0,0,0,0,0,0,0,12.7,3.7,-1.7,Graduate
1,44,1,9003,1,39,130,1,Basic,Basic,Low-skilled,Other/unknown,130,0,0,0,1,1,0,25,0,0,6,6,0,0,0,0,6,8,0,0,0,15.5,2.8,-4.06,Not on time
2,39,1,9500,1,1,133.1,1,Basic,Basic,Low-skilled,Low-skilled,130.1,0,0,0,0,1,0,37,0,0,7,10,5,13,0,0,7,9,5,12.88,0,11.1,0.6,2.02,Not on time
1,39,1,9500,1,1,133.1,1,Basic,Basic,Manual skilled,Manual skilled,124.5,0,0,0,0,1,0,38,0,0,7,11,5,12.18,0,0,7,11,4,11.8125,0,11.1,0.6,2.02,Not on time
2,39,1,9670,1,1,130,1,Basic,Basic,Low-skilled,Low-skilled,162.3,0,0,0,1,1,0,36,0,0,6,13,3,11.333333333333300,0,0,6,12,5,11.4,0,13.9,-0.3,0.79,Not on time
1,1,2,9500,1,1,149,1,Basic,Secondary,Low-skilled,Low-skilled,137.8,1,0,0,1,1,0,18,0,0,8,8,7,13,0,0,8,8,7,13,0,12.7,3.7,-1.7,Graduate
1,1,1,9670,1,1,130,1,Secondary,Secondary,Other/unknown,Other/unknown,119.5,0,0,0,0,1,0,19,0,0,5,5,0,0,0,0,6,0,0,0,0,9.4,-0.8,-3.12,Not on time
1,39,1,9130,1,1,150,1,Secondary,Secondary,Clerical/service,Other/unknown,110,0,0,1,1,1,0,24,0,0,5,13,2,12.5,2,0,5,8,3,12.333333333333300,0,9.4,-0.8,-3.12,Not on time
1,1,1,9238,1,1,106,1,Secondary,Secondary,High-skilled,High-skilled,105,0,0,0,1,1,0,20,0,0,6,9,5,11,0,0,6,9,5,12.166666666666700,0,11.1,0.6,2.02,Graduate
1,1,1,171,1,1,162,1,Basic,Basic,Low-skilled,Low-skilled,142.8,1,0,0,1,1,0,21,0,0,0,0,0,0,0,0,0,0,0,0,0,12.7,3.7,-1.7,Not on time
2,43,3,9991,0,1,120,1,Basic,Basic,Low-skilled,Low-skilled,128.2,1,0,0,1,1,0,32,0,0,5,5,0,0,0,0,5,5,0,0,0,7.6,2.6,0.32,Not on time
2,39,1,9991,0,19,133.1,1,Basic,Basic,Manual skilled,Manual skilled,120,0,0,0,1,1,0,39,0,0,5,9,0,0,0,0,5,5,1,10,0,12.7,3.7,-1.7,Not on time
1,7,1,9119,1,3,130,1,Basic,Basic,Low-skilled,Low-skilled,130,0,0,0,0,1,0,33,0,0,5,6,0,0,0,0,5,5,0,0,0,12.7,3.7,-1.7,Not on time
1,17,2,9670,1,1,128,1,Basic,Basic,Clerical/service,Manual skilled,121.7,0,0,0,1,1,1,20,0,0,5,5,5,12.4,0,0,5,5,4,10.75,0,9.4,-0.8,-3.12,Graduate
1,1,1,9003,1,1,124,1,Basic,Basic,Low-skilled,Manual skilled,116,0,0,0,1,1,0,19,0,0,6,8,6,15.5,0,0,6,10,6,14.1,0,16.2,0.3,-0.92,Graduate
2,39,1,9991,0,1,133.1,1,Basic,Basic,Clerical/service,Manual skilled,133.2,0,0,0,0,1,0,43,0,0,5,13,2,11.5,0,0,5,12,3,10.8,0,13.9,-0.3,0.79,Not on time
2,43,1,9991,0,1,114,1,Basic,Basic,Manual skilled,Manual skilled,116.7,0,0,0,1,1,0,49,0,0,5,7,4,13.333333333333300,0,0,5,9,4,11.6,1,16.2,0.3,-0.92,Not on time
1,1,2,9773,1,1,140,1,Basic,Basic,Clerical/service,Manual skilled,126.4,1,0,0,1,1,1,18,0,0,6,8,6,12.666666666666700,0,0,6,6,6,13.5,0,12.7,3.7,-1.7,Graduate
1,39,1,9003,1,1,160,1,Secondary,Basic,Low-skilled,Low-skilled,140,0,0,0,1,1,0,27,0,0,6,6,0,0,0,0,6,6,0,0,0,11.1,0.6,2.02,Not on time
1,1,1,9147,1,1,122,1,Secondary,Basic,Low-skilled,Low-skilled,120.3,1,0,0,1,1,1,19,0,0,5,8,5,12.6,0,0,5,9,5,13.6,0,8.9,1.4,3.51,Not on time
1,39,1,9070,1,1,140,1,Basic,Basic,Low-skilled,Other/unknown,118,0,0,1,1,1,1,45,0,0,6,6,6,13.5,0,0,6,6,0,0,0,16.2,0.3,-0.92,Not on time
1,15,1,9670,1,1,160,1,Basic,Secondary,Low-skilled,Low-skilled,149.5,1,0,0,0,1,0,19,0,0,6,6,6,13,0,0,6,8,6,13,0,13.9,-0.3,0.79,Graduate
1,44,1,9003,1,39,130,1,Secondary,Higher,Low-skilled,Manual skilled,130,0,0,0,1,1,1,21,0,0,6,15,6,11.714285714285700,0,0,6,8,4,11.75,0,13.9,-0.3,0.79,Graduate
1,1,1,9670,1,1,141,1,Secondary,Secondary,Clerical/service,Low-skilled,126.3,0,0,0,1,1,1,18,0,0,6,8,6,12.166666666666700,0,0,6,7,5,13,0,13.9,-0.3,0.79,Graduate
1,17,3,9147,1,1,127,1,Basic,Basic,Clerical/service,Manual skilled,116.2,0,0,0,1,1,0,18,0,0,5,10,0,0,1,0,5,13,0,0,0,9.4,-0.8,-3.12,Not on time
1,17,1,9254,1,1,126,1,Basic,Basic,Clerical/service,High-skilled,126,0,0,0,0,1,0,29,0,0,6,12,0,0,0,0,6,6,0,0,6,9.4,-0.8,-3.12,Not on time
1,1,1,9670,1,1,131,1,Secondary,Secondary,Clerical/service,Low-skilled,122.3,0,0,0,1,1,0,19,0,0,5,6,5,11.5,0,0,5,5,5,11.6,0,9.4,-0.8,-3.12,Graduate
1,1,1,9147,1,1,130,1,Basic,Basic,Low-skilled,Manual skilled,119.5,1,0,0,1,1,1,18,0,0,5,7,4,11.25,0,0,5,6,4,12.25,0,12.4,0.5,1.79,Not on time
1,44,1,9070,1,39,130,1,Secondary,Secondary,Low-skilled,Low-skilled,131.8,0,0,0,1,1,1,22,0,2,7,7,7,12.285714285714300,0,5,9,10,8,12.375,0,12.4,0.5,1.79,Graduate
1,17,6,9500,1,1,140,1,Secondary,Secondary,Clerical/service,High-skilled,130.7,1,0,0,1,1,1,18,0,0,7,7,7,12.718571428571400,0,0,8,11,8,12.805555555555600,0,11.1,0.6,2.02,Not on time
1,44,1,9130,1,39,140,1,Secondary,Basic,Clerical/service,Manual skilled,140,0,0,0,1,1,0,20,0,2,6,12,5,12.4,0,1,6,11,2,15,0,13.9,-0.3,0.79,Not on time
1,1,1,171,1,1,140,1,Basic,Basic,High-skilled,High-skilled,129.5,1,0,0,1,1,0,20,0,0,0,0,0,0,0,0,0,0,0,0,0,10.8,1.4,1.74,Not on time
4,39,1,9670,1,19,133.1,1,Basic,Basic,Low-skilled,Manual skilled,130,0,0,1,1,1,1,29,0,0,6,16,1,14,0,0,6,7,0,0,0,11.1,0.6,2.02,Not on time
1,39,1,9670,1,1,120,1,Basic,Basic,Other/unknown,Clerical/service,114,1,0,0,1,1,0,29,0,0,5,10,3,11.666666666666700,0,0,5,8,4,11.25,0,7.6,2.6,0.32,Not on time
1,43,1,9773,1,1,121,1,Secondary,Secondary,Clerical/service,Clerical/service,121,1,0,0,1,1,0,23,0,0,6,15,1,13,0,0,6,8,4,11.25,0,9.4,-0.8,-3.12,Not on time
1,17,1,171,1,1,123,1,Higher,Secondary,High-skilled,Low-skilled,116.4,1,0,1,1,1,0,19,0,0,0,0,0,0,0,0,0,0,0,0,0,10.8,1.4,1.74,Not on time
1,1,1,9119,1,1,136,1,Basic,Basic,Low-skilled,Low-skilled,121.7,1,0,0,1,1,0,18,0,0,5,10,0,0,0,0,5,11,1,12,3,7.6,2.6,0.32,Not on time
2,42,1,9254,1,1,136,1,Higher,Higher,High-skilled,High-skilled,130,1,0,0,1,1,0,22,0,2,6,13,4,11.5,0,2,6,12,2,12.5,0,7.6,2.6,0.32,Not on time
1,43,1,9991,0,1,120,1,Basic,Basic,Low-skilled,Low-skilled,120,1,0,1,1,1,0,34,0,6,10,10,7,11.714285714285700,0,4,10,10,6,11.5,0,10.8,1.4,1.74,Not on time
1,43,1,9991,0,4,160,1,Higher,Higher,High-skilled,High-skilled,125,0,0,0,1,1,0,26,0,0,5,7,5,12.6,0,0,5,7,5,13.714285714285700,0,13.9,-0.3,0.79,Graduate
1,17,1,171,1,1,125,1,Basic,Basic,Manual skilled,Low-skilled,134.1,1,0,0,1,1,0,24,0,12,17,19,13,11.642857142857100,0,12,17,25,12,11.25,0,11.1,0.6,2.02,Not on time
1,1,1,9670,1,1,146,1,Secondary,Secondary,Low-skilled,Manual skilled,149.5,1,0,0,1,1,1,17,0,0,6,8,6,14.875,0,0,6,8,6,13.428571428571400,0,11.1,0.6,2.02,Graduate
1,43,4,9670,1,1,117,1,Higher,Higher,Clerical/service,Clerical/service,113.2,0,0,0,1,1,0,21,0,0,5,11,2,10,0,0,5,10,3,10.333333333333300,0,9.4,-0.8,-3.12,Not on time
2,39,1,9991,0,1,150,1,Secondary,Higher,Clerical/service,High-skilled,146,0,0,0,1,1,0,34,0,0,5,5,5,14.2,0,0,5,5,5,14.6,0,12.7,3.7,-1.7,Not on time
1,44,1,9003,1,39,140,1,Basic,Basic,Manual skilled,Manual skilled,140,1,0,0,1,1,0,19,0,0,6,8,6,12.714285714285700,0,0,6,9,6,13.5,0,12.4,0.5,1.79,Graduate
2,39,1,9003,1,1,111,1,Secondary,Higher,Clerical/service,High-skilled,162.4,0,0,1,0,1,0,49,0,4,12,16,5,11.6,0,2,7,7,5,11.2,0,8.9,1.4,3.51,Not on time
1,43,1,9500,1,1,120,1,Higher,Higher,Clerical/service,Clerical/service,136.6,0,0,0,1,1,0,23,0,0,7,14,5,11.94,0,0,7,14,6,12.2,0,13.9,-0.3,0.79,Not on time
1,18,3,9119,1,1,111,1,Secondary,Basic,Low-skilled,Manual skilled,111,1,0,0,1,1,0,18,0,0,5,10,4,11.6,0,0,5,9,3,14.2,0,12.4,0.5,1.79,Not on time
1,1,1,9500,1,1,118,1,Secondary,Secondary,Clerical/service,Other/unknown,115.7,0,0,0,1,1,0,20,0,0,7,9,5,12.7,0,0,8,9,7,13.475,0,13.9,-0.3,0.79,Not on time
1,1,3,9670,1,1,106,1,Higher,Secondary,High-skilled,High-skilled,105.7,1,0,0,1,1,0,19,0,0,6,6,6,13.333333333333300,0,0,6,9,5,13.8,0,8.9,1.4,3.51,Graduate
1,42,1,9003,1,39,120,1,Higher,Secondary,High-skilled,Manual skilled,128.2,1,0,0,1,1,0,24,0,4,9,13,8,13.333333333333300,0,5,10,12,9,13.11111111111110,0,16.2,0.3,-0.92,Not on time
1,1,1,9147,1,1,151,1,Secondary,Basic,Clerical/service,Manual skilled,137,1,0,0,1,1,0,18,0,0,5,5,5,13.4,0,0,5,5,5,15,0,8.9,1.4,3.51,Graduate
2,39,1,9254,1,19,133.1,1,Unknown,Unknown,Other/unknown,Other/unknown,120,0,0,1,0,1,0,45,0,0,6,12,0,0,0,0,6,12,0,0,0,9.4,-0.8,-3.12,Not on time
1,39,1,9991,0,1,120,1,Unknown,Unknown,Other/unknown,Other/unknown,120.5,1,0,0,1,1,0,30,0,0,5,5,2,11,0,0,5,5,0,0,0,7.6,2.6,0.32,Not on time
1,51,1,9991,0,39,120,1,Secondary,Higher,Clerical/service,Other/unknown,118.1,0,0,0,1,1,0,28,0,13,15,17,13,12,0,9,13,13,9,11.333333333333300,0,8.9,1.4,3.51,Not on time
1,39,1,9991,0,1,110,1,Basic,Basic,Low-skilled,Low-skilled,139,0,0,0,1,1,0,40,0,0,5,0,0,0,0,0,5,0,0,0,0,12.7,3.7,-1.7,Not on time
1,39,2,9147,1,19,133.1,1,Basic,Basic,Clerical/service,Other/unknown,116.3,0,0,0,0,1,0,32,0,0,5,5,0,0,0,0,5,9,0,0,0,10.8,1.4,1.74,Not on time
1,17,5,9254,1,1,118,1,Basic,Basic,Clerical/service,Clerical/service,120.5,1,0,0,1,1,0,19,0,0,6,12,4,12.5,0,0,6,12,4,10.25,0,7.6,2.6,0.32,Not on time
1,1,1,9070,1,1,139,1,Secondary,Basic,High-skilled,Low-skilled,134.9,1,0,0,1,1,0,20,0,0,6,7,6,13.666666666666700,0,0,6,7,6,12.166666666666700,1,16.2,0.3,-0.92,Graduate
1,17,1,9119,1,1,130,1,Secondary,Higher,Clerical/service,High-skilled,123,0,0,0,1,1,0,18,0,0,5,10,1,10,0,0,5,7,0,0,0,9.4,-0.8,-3.12,Not on time
1,17,1,9670,1,1,132,1,Basic,Basic,Low-skilled,Low-skilled,122.9,0,0,0,0,1,0,20,0,0,6,6,6,11.5,0,0,6,9,2,13,0,10.8,1.4,1.74,Not on time
1,39,1,9991,0,1,100,1,Basic,Basic,Low-skilled,Clerical/service,140,0,0,0,1,1,0,39,0,0,5,7,4,12.25,0,0,5,7,4,12.75,0,15.5,2.8,-4.06,Not on time
1,17,1,9085,1,1,120,1,Basic,Basic,Clerical/service,Manual skilled,122.5,0,0,0,0,1,0,19,0,0,6,11,5,13.6,0,0,6,11,5,13.666666666666700,0,11.1,0.6,2.02,Not on time
1,39,1,9991,0,12,133.1,1,Basic,Basic,Low-skilled,Low-skilled,121.5,0,0,0,1,1,0,38,0,0,5,11,2,10.5,0,0,5,9,3,11.333333333333300,1,7.6,2.6,0.32,Not on time
1,17,3,9500,1,1,156,1,Basic,Basic,Clerical/service,Low-skilled,132.3,1,0,0,1,1,1,18,0,0,7,7,6,13.266666666666700,0,0,7,7,6,13.266666666666700,0,7.6,2.6,0.32,Graduate
1,17,4,9500,1,1,143,1,Basic,Basic,Low-skilled,Manual skilled,131.5,1,0,0,1,1,1,18,0,0,7,8,7,12.5125,0,0,8,8,8,14.1875,0,13.9,-0.3,0.79,Graduate
2,43,1,9130,1,9,133.1,1,Unknown,Unknown,Other/unknown,Other/unknown,128.2,0,0,0,1,1,0,28,0,0,5,9,0,0,0,0,5,5,0,0,0,7.6,2.6,0.32,Not on time
1,39,1,9670,1,1,140,1,Basic,Basic,Low-skilled,Low-skilled,148,1,0,0,0,1,0,31,0,0,6,14,0,0,0,0,6,6,0,0,0,12.7,3.7,-1.7,Not on time
1,1,1,9500,1,1,127,1,Higher,Basic,High-skilled,Low-skilled,121.5,0,0,0,1,1,0,23,0,0,7,7,6,13.483333333333300,0,0,7,7,6,13.483333333333300,0,7.6,2.6,0.32,Graduate
1,1,1,9500,1,1,135,1,Basic,Basic,Low-skilled,Low-skilled,135.4,1,0,0,1,1,0,21,0,0,7,9,6,12.565,0,0,8,12,5,12.16,0,11.1,0.6,2.02,Not on time
1,39,1,9238,1,19,133.1,1,Basic,Basic,Low-skilled,Low-skilled,139,0,0,1,0,1,0,33,0,0,6,8,0,0,0,0,5,6,0,0,0,16.2,0.3,-0.92,Not on time
1,43,1,9147,1,1,120,1,Basic,Basic,Clerical/service,High-skilled,113.4,0,0,0,1,1,0,22,0,0,5,9,3,13,0,0,5,9,3,11.666666666666700,0,12.7,3.7,-1.7,Not on time
1,44,1,9119,1,39,150,1,Basic,Basic,Low-skilled,Low-skilled,150,1,0,1,1,1,0,20,0,0,5,6,5,16.5,0,0,5,7,5,17.714285714285700,0,12.4,0.5,1.79,Not on time
1,17,1,9670,1,1,123,1,Basic,Basic,High-skilled,High-skilled,122,0,0,1,1,1,0,19,0,0,6,7,6,13.166666666666700,0,0,6,9,5,13.2,0,8.9,1.4,3.51,Not on time
1,44,1,9085,1,39,150,1,Basic,Basic,Clerical/service,High-skilled,150,1,0,0,1,1,0,20,0,1,6,11,6,13.8,0,1,6,7,6,13.142857142857100,0,16.2,0.3,-0.92,Graduate
1,39,1,9254,1,12,133.1,1,Basic,Basic,Clerical/service,Manual skilled,119.3,1,0,0,1,1,0,25,0,0,6,7,6,11.166666666666700,0,0,6,11,4,11.8,0,9.4,-0.8,-3.12,Not on time
1,39,1,9003,1,1,130,1,Secondary,Secondary,Low-skilled,Clerical/service,140,0,0,0,0,1,0,25,0,0,6,0,0,0,0,0,6,0,0,0,0,13.9,-0.3,0.79,Not on time
1,1,4,9070,1,1,140,1,Higher,Basic,High-skilled,Other/unknown,125,1,0,0,1,1,0,19,0,0,6,7,6,12.666666666666700,0,0,6,8,6,12.142857142857100,0,9.4,-0.8,-3.12,Not on time
1,1,1,9670,1,1,141,1,Higher,Secondary,High-skilled,Clerical/service,140.7,1,0,0,1,1,0,20,0,0,5,5,5,12.6,0,0,5,6,4,14.5,1,7.6,2.6,0.32,Graduate
2,39,1,9500,1,19,133.1,1,Basic,Basic,Clerical/service,Clerical/service,100,0,0,0,1,1,0,33,0,0,7,7,5,13.06,0,0,7,9,0,0,0,16.2,0.3,-0.92,Not on time
1,17,5,9773,1,1,146,1,Secondary,Basic,Clerical/service,Clerical/service,146.7,1,0,0,1,1,0,19,0,0,6,7,6,13.833333333333300,0,0,6,8,6,13.625,0,7.6,2.6,0.32,Graduate
1,39,1,9130,1,19,133.1,1,Unknown,Unknown,Other/unknown,Other/unknown,96,0,0,0,1,1,0,31,0,0,5,5,0,0,0,0,5,5,0,0,0,7.6,2.6,0.32,Not on time
1,44,1,9119,1,39,160,1,Higher,Basic,High-skilled,High-skilled,160,0,0,1,0,1,0,24,0,2,6,6,2,16,0,2,7,7,2,16,0,8.9,1.4,3.51,Not on time
1,44,1,9119,1,39,130,1,Basic,Higher,High-skilled,Clerical/service,130,0,0,1,0,1,0,23,0,0,5,5,0,0,0,0,5,5,0,0,0,15.5,2.8,-4.06,Not on time
2,39,1,9991,0,1,160,1,Secondary,Higher,High-skilled,High-skilled,130,0,0,0,0,1,1,26,0,0,5,12,3,10.666666666666700,0,0,5,11,3,10.666666666666700,0,9.4,-0.8,-3.12,Not on time
2,43,1,9070,1,2,140,1,Basic,Basic,Manual skilled,Manual skilled,140,1,0,0,1,1,0,38,0,14,18,18,18,14.5,0,13,18,18,18,14.5,0,16.2,0.3,-0.92,Graduate
1,1,6,9119,1,1,126,1,Basic,Basic,Manual skilled,High-skilled,116.6,1,0,0,1,1,1,20,0,0,5,6,5,14,0,0,5,7,5,13.8,0,8.9,1.4,3.51,Graduate
1,17,5,9119,1,1,118,1,Secondary,Basic,Low-skilled,Low-skilled,120.5,1,0,0,1,1,0,20,0,0,5,10,3,13.333333333333300,0,0,5,11,5,13.571428571428600,0,12.4,0.5,1.79,Graduate
1,39,1,9085,1,19,133.1,1,Higher,Secondary,High-skilled,Clerical/service,103,0,0,0,1,1,0,25,0,0,6,0,0,0,0,0,6,0,0,0,0,10.8,1.4,1.74,Not on time
1,17,2,9070,1,1,121,1,Secondary,Basic,Clerical/service,Clerical/service,111.9,1,0,0,1,1,0,19,0,0,6,9,5,12,0,0,6,10,4,11.2,0,8.9,1.4,3.51,Graduate
1,17,1,9119,1,1,148,1,Secondary,Basic,Clerical/service,Clerical/service,148.7,0,0,0,1,1,0,18,0,0,5,6,5,16.2,0,0,5,8,5,16,0,8.9,1.4,3.51,Graduate
1,43,1,9991,0,12,133.1,1,Secondary,Secondary,Low-skilled,Low-skilled,120,0,0,0,1,1,0,28,0,7,13,13,7,10.285714285714300,0,5,11,13,5,10.6,0,10.8,1.4,1.74,Not on time
1,1,2,9119,1,1,140,1,Basic,Basic,Low-skilled,Low-skilled,125.7,1,0,0,1,1,0,18,0,0,5,5,0,0,0,0,5,5,0,0,0,9.4,-0.8,-3.12,Not on time
1,1,1,9254,1,1,132,1,Secondary,Basic,Low-skilled,Low-skilled,120.1,1,0,0,1,1,1,20,0,0,6,7,6,13.571428571428600,0,0,6,8,6,13.166666666666700,0,8.9,1.4,3.51,Graduate
1,1,1,9130,1,1,140,1,Higher,Higher,High-skilled,High-skilled,127.8,0,0,0,1,1,0,18,0,0,6,7,6,14.285714285714300,0,0,6,9,6,14.857142857142900,0,11.1,0.6,2.02,Graduate
1,17,3,9147,1,1,112,1,Secondary,Secondary,High-skilled,High-skilled,106.4,1,0,0,1,1,0,19,0,0,5,7,5,10.2,0,0,5,6,4,10.5,0,12.4,0.5,1.79,Graduate
1,42,1,9500,1,1,100,1,Basic,Basic,Low-skilled,Low-skilled,100,0,0,1,1,1,0,24,0,0,8,16,2,10.25,1,0,8,16,2,10.25,1,12.7,3.7,-1.7,Not on time
1,17,4,9085,1,1,126,1,Secondary,Higher,Clerical/service,Clerical/service,123.9,1,0,0,1,1,0,21,0,0,6,0,0,0,0,0,6,0,0,0,0,10.8,1.4,1.74,Not on time
1,1,1,9670,1,1,150,1,Higher,Basic,Clerical/service,Manual skilled,139.5,0,0,0,1,1,1,20,0,0,6,7,6,14.833333333333300,0,0,6,6,6,14.833333333333300,0,12.7,3.7,-1.7,Graduate
1,44,1,9003,1,39,150,1,Basic,Secondary,Low-skilled,Manual skilled,150,1,0,0,1,1,0,21,0,0,6,12,5,13.625,0,0,6,6,5,12.6,0,13.9,-0.3,0.79,Graduate
2,1,1,9556,1,1,144,1,Basic,Basic,Low-skilled,Clerical/service,139.8,0,0,1,1,1,0,24,0,0,7,7,7,12.271428571428600,0,0,8,10,7,13.657142857142900,0,10.8,1.4,1.74,Graduate
1,39,1,9991,0,1,133.1,1,Basic,Basic,Low-skilled,Low-skilled,154.4,0,0,0,1,1,0,27,0,0,5,0,0,0,0,0,5,0,0,0,0,10.8,1.4,1.74,Not on time
1,17,6,9147,1,1,120,1,Basic,Basic,Low-skilled,Low-skilled,115.5,1,0,1,0,1,0,19,0,0,5,8,4,12.5,0,0,5,9,5,10.5,0,8.9,1.4,3.51,Not on time
1,39,1,8014,0,1,133.1,1,Higher,Basic,Clerical/service,Manual skilled,119,0,0,0,1,1,0,39,0,3,9,10,9,13.22222222222220,0,2,7,8,7,13.142857142857100,0,8.9,1.4,3.51,Graduate
1,39,1,33,1,1,133.1,1,Basic,Basic,Low-skilled,Low-skilled,96.1,0,0,0,1,1,0,25,0,0,7,13,2,15,0,0,7,12,2,11.5,0,12.4,0.5,1.79,Not on time
1,7,1,171,1,3,130,1,Secondary,Higher,Low-skilled,High-skilled,130,0,0,0,0,1,0,18,0,0,0,0,0,0,0,0,0,0,0,0,0,9.4,-0.8,-3.12,Not on time
1,43,1,9070,1,1,133,1,Secondary,Higher,Low-skilled,High-skilled,128.8,0,0,0,1,1,0,19,0,6,12,12,12,13.166666666666700,0,6,12,12,12,13,0,10.8,1.4,1.74,Graduate
1,18,1,9773,1,1,124,1,Basic,Basic,Low-skilled,Manual skilled,126.8,0,0,0,1,1,1,21,0,0,6,8,5,13.833333333333300,0,0,6,6,4,14,0,13.9,-0.3,0.79,Graduate
1,7,1,9991,0,40,130,1,Secondary,Higher,Clerical/service,High-skilled,130,0,0,0,1,1,0,27,0,0,5,0,0,0,0,0,5,0,0,0,0,8.9,1.4,3.51,Not on time
1,1,3,9147,1,1,124,1,Secondary,Secondary,Clerical/service,High-skilled,116.7,1,0,0,1,1,0,19,0,0,5,6,0,0,0,0,5,6,0,0,0,7.6,2.6,0.32,Not on time
1,17,3,9500,1,1,132,1,Higher,Secondary,High-skilled,Manual skilled,125.5,1,0,0,1,1,0,18,0,0,8,8,7,13.154285714285700,0,0,8,8,7,13.154285714285700,0,10.8,1.4,1.74,Not on time
1,7,1,9670,1,3,110,1,Secondary,Basic,High-skilled,High-skilled,110,1,0,0,1,1,0,27,0,7,12,12,9,12.333333333333300,0,6,11,11,6,13.166666666666700,0,9.4,-0.8,-3.12,Not on time
1,1,3,9773,1,1,127,1,Basic,Basic,Manual skilled,High-skilled,133.7,1,0,1,1,1,0,18,0,0,6,6,6,13,0,0,6,7,5,11.8,0,12.7,3.7,-1.7,Not on time
1,1,1,9130,1,1,130,1,Higher,Higher,Low-skilled,High-skilled,117.6,0,0,0,1,1,0,19,0,0,5,14,2,11.5,2,0,5,8,5,11.4,3,9.4,-0.8,-3.12,Not on time
1,44,1,9003,1,39,140,1,Basic,Basic,Low-skilled,Other/unknown,140,0,0,0,1,1,0,19,0,0,6,15,3,13.25,0,0,6,9,1,12,0,13.9,-0.3,0.79,Not on time
1,44,1,9003,1,39,150,1,Basic,Secondary,High-skilled,High-skilled,150,0,0,0,1,1,0,22,0,0,6,12,3,13.333333333333300,0,0,6,12,3,12.75,0,15.5,2.8,-4.06,Not on time
1,16,2,9238,1,1,133,1,Basic,Basic,Clerical/service,Clerical/service,133.7,1,0,0,1,0,0,18,0,0,6,6,6,13.5,0,0,6,6,6,12.166666666666700,0,10.8,1.4,1.74,Graduate
1,16,4,9773,1,1,109,1,Basic,Basic,Low-skilled,High-skilled,137,1,0,0,1,0,1,18,0,0,6,7,6,12.666666666666700,0,0,6,8,5,12.8,0,10.8,1.4,1.74,Graduate
1,43,1,9147,1,1,133.1,1,Higher,Basic,High-skilled,High-skilled,128.2,0,0,0,1,0,0,23,0,7,11,18,11,15.090909090909100,1,2,6,7,6,14.5,0,9.4,-0.8,-3.12,Not on time
1,18,4,171,1,1,133,1,Secondary,Higher,Low-skilled,Clerical/service,129.2,1,0,1,0,1,0,20,0,0,0,0,0,0,0,0,0,0,0,0,0,9.4,-0.8,-3.12,Not on time
1,17,3,9773,1,1,134,1,Higher,Secondary,High-skilled,High-skilled,129.5,1,0,0,1,1,0,18,0,0,6,7,6,13.166666666666700,0,0,6,7,6,12.666666666666700,0,16.2,0.3,-0.92,Graduate
1,1,4,9773,1,1,125,1,Basic,Basic,Low-skilled,Manual skilled,129.6,1,0,0,1,1,0,18,0,0,6,6,6,12.833333333333300,0,0,6,8,6,12.833333333333300,0,12.4,0.5,1.79,Graduate
1,17,3,9119,1,1,135,1,Secondary,Basic,Clerical/service,Low-skilled,121.7,1,0,0,1,1,0,18,0,0,5,7,5,11.8,0,0,5,9,3,12,0,8.9,1.4,3.51,Not on time
1,17,2,9773,1,1,132,1,Basic,Secondary,Low-skilled,Low-skilled,141.8,1,0,0,1,1,0,20,0,0,6,6,6,11.833333333333300,0,0,6,6,6,12.166666666666700,0,12.7,3.7,-1.7,Graduate
1,1,3,9773,1,1,135,1,Higher,Secondary,High-skilled,Clerical/service,129.8,1,0,0,1,1,0,20,0,0,6,6,5,12.8,0,0,6,11,3,12.75,0,15.5,2.8,-4.06,Graduate
1,44,1,9070,1,39,100,1,Secondary,Secondary,Clerical/service,Clerical/service,106,0,0,0,1,1,0,21,0,2,7,7,5,11.8,0,5,9,9,5,11,0,12.4,0.5,1.79,Not on time
1,43,1,171,1,1,144,1,Basic,Basic,Low-skilled,Clerical/service,121.6,0,0,0,1,1,0,22,0,0,0,0,0,0,0,0,0,0,0,0,0,13.9,-0.3,0.79,Not on time
1,17,1,9119,1,1,125,1,Basic,Secondary,Clerical/service,Clerical/service,121.5,1,0,0,1,1,0,20,0,0,5,7,5,15.8,0,0,5,7,5,14.571428571428600,0,11.1,0.6,2.02,Not on time
1,1,1,171,1,1,133.1,1,Secondary,Basic,Low-skilled,Low-skilled,117,0,0,1,1,1,0,19,0,0,0,0,0,0,0,0,0,0,0,0,0,15.5,2.8,-4.06,Not on time
1,44,1,9119,1,39,130,1,Basic,Basic,Low-skilled,Clerical/service,130,1,0,0,1,1,0,19,0,0,5,9,2,12.5,0,0,5,10,3,11.6,0,12.4,0.5,1.79,Not on time
1,17,1,9670,1,1,117,1,Secondary,Secondary,Clerical/service,Clerical/service,117.7,1,0,0,1,1,0,20,0,0,6,9,6,14.666666666666700,0,0,6,7,6,13.857142857142900,0,8.9,1.4,3.51,Graduate
1,44,1,9085,1,39,140,1,Basic,Basic,Clerical/service,Manual skilled,140,1,0,0,1,1,0,19,0,2,6,10,4,12.5,0,1,6,16,2,12,0,12.4,0.5,1.79,Not on time
1,1,1,9119,1,1,132,1,Secondary,Secondary,High-skilled,High-skilled,133.1,1,0,0,1,1,0,19,0,0,5,7,3,12,0,0,6,10,2,10.5,0,11.1,0.6,2.02,Not on time
1,15,1,9119,1,1,133.1,41,Higher,Higher,High-skilled,High-skilled,100,0,0,1,1,1,0,24,1,2,8,8,7,13.142857142857100,0,1,6,8,6,11.833333333333300,0,8.9,1.4,3.51,Not on time
1,17,1,9670,1,1,132,1,Basic,Secondary,Clerical/service,Clerical/service,119.1,0,0,1,1,1,0,18,0,0,6,6,3,12.666666666666700,0,0,6,11,4,11.142857142857100,0,10.8,1.4,1.74,Not on time
1,1,1,9119,1,1,148,1,Basic,Basic,Low-skilled,Manual skilled,129.8,0,0,0,0,1,1,18,0,0,5,6,5,15,0,0,5,6,5,14.2,0,8.9,1.4,3.51,Not on time
1,1,1,9238,1,1,133,1,Basic,Basic,Low-skilled,Manual skilled,131.3,1,0,1,1,0,0,18,0,0,6,7,5,13.6,0,0,6,7,5,11.8,0,8.9,1.4,3.51,Not on time
1,17,5,9773,1,1,143,1,Secondary,Secondary,Manual skilled,Manual skilled,136.7,1,0,0,1,0,0,18,0,0,6,6,6,12.5,0,0,6,6,6,13.833333333333300,0,8.9,1.4,3.51,Graduate
1,17,1,9238,1,1,143,1,Basic,Basic,Low-skilled,Low-skilled,126.2,1,0,0,1,0,1,21,0,0,6,7,6,13.333333333333300,0,0,6,7,6,13.5,0,12.4,0.5,1.79,Graduate
1,15,1,9085,1,1,133.1,41,Basic,Basic,Low-skilled,Low-skilled,109.6,0,0,0,1,0,0,18,1,0,6,13,4,12.25,0,0,6,15,5,11,0,11.1,0.6,2.02,Not on time
1,1,1,9500,1,1,141,1,Secondary,Basic,High-skilled,High-skilled,131.9,1,0,0,1,0,1,18,0,0,7,7,7,15.101428571428600,0,0,8,8,8,16.09375,0,11.1,0.6,2.02,Graduate
1,1,2,9238,1,1,140,1,Basic,Basic,Low-skilled,Low-skilled,140.7,1,0,0,1,0,1,18,0,0,6,6,6,13.166666666666700,0,0,6,6,6,16,0,10.8,1.4,1.74,Graduate
1,18,6,8014,0,1,134,1,Higher,Basic,High-skilled,Clerical/service,120.7,1,0,0,1,0,0,23,0,0,6,8,4,11,0,0,6,6,0,0,0,13.9,-0.3,0.79,Not on time
1,1,2,9147,1,1,118,1,Higher,Basic,High-skilled,Clerical/service,113.8,1,0,0,1,0,0,21,0,0,5,9,3,11.666666666666700,0,0,5,9,4,11.75,0,8.9,1.4,3.51,Graduate
1,1,1,9238,1,1,135,1,Basic,Basic,Manual skilled,Clerical/service,121,0,0,0,1,0,0,20,0,0,6,13,1,10,0,0,6,13,1,13,0,9.4,-0.8,-3.12,Not on time
1,17,1,8014,0,1,119,1,Unknown,Unknown,Other/unknown,Other/unknown,112.4,1,0,0,1,0,0,26,0,4,7,15,7,11.571428571428600,0,2,6,14,2,11,0,7.6,2.6,0.32,Not on time
1,1,6,9773,1,1,145,1,Secondary,Basic,Clerical/service,Clerical/service,131,1,0,0,1,0,1,18,0,0,6,6,6,12.166666666666700,0,0,6,10,5,11.2,0,7.6,2.6,0.32,Not on time
1,1,1,171,1,1,143,1,Higher,Basic,Low-skilled,Low-skilled,142.7,1,0,0,1,0,0,18,0,0,0,0,0,0,0,0,0,0,0,0,0,16.2,0.3,-0.92,Not on time
1,1,1,9670,1,1,123,1,Basic,Basic,Low-skilled,Manual skilled,125.5,0,0,0,0,0,1,19,0,0,6,6,6,13.833333333333300,0,0,6,7,6,14.285714285714300,0,8.9,1.4,3.51,Graduate
1,1,3,9500,1,1,108,1,Basic,Secondary,Low-skilled,High-skilled,107.8,1,0,0,1,0,1,20,0,0,7,10,6,12.357142857142900,0,0,8,9,7,13,0,13.9,-0.3,0.79,Graduate
1,1,3,9773,1,1,117,1,Basic,Basic,Manual skilled,Manual skilled,110.4,1,0,1,0,0,0,19,0,0,6,7,6,12.166666666666700,0,0,6,10,2,10.333333333333300,0,16.2,0.3,-0.92,Not on time
1,44,1,9238,1,39,140,1,Basic,Basic,Low-skilled,Other/unknown,136.1,1,0,1,1,0,0,21,0,3,6,8,3,12,0,2,6,6,2,12.5,0,12.4,0.5,1.79,Not on time
1,39,1,9254,1,1,170,1,Basic,Basic,Clerical/service,Manual skilled,138.3,0,0,0,1,0,0,33,0,5,10,14,9,12.416666666666700,0,5,9,14,7,13,0,10.8,1.4,1.74,Graduate
1,1,2,9085,1,1,157,1,Higher,Basic,Clerical/service,Manual skilled,142.3,0,0,0,1,0,0,18,0,0,5,7,4,12.75,0,0,5,6,4,12.75,0,7.6,2.6,0.32,Graduate
1,42,1,9500,1,6,141,1,Basic,Secondary,Low-skilled,Clerical/service,145,0,0,0,1,0,0,21,0,12,21,33,18,14.933333333333300,12,12,21,33,18,14.933333333333300,12,7.6,2.6,0.32,Graduate
1,1,1,9773,1,1,125,1,Higher,Basic,High-skilled,High-skilled,125.7,1,0,0,1,0,0,19,0,0,6,6,6,13,0,0,6,7,6,11.666666666666700,0,8.9,1.4,3.51,Graduate
4,39,1,9853,1,19,133.1,1,Basic,Basic,Low-skilled,Low-skilled,108,0,0,1,0,0,0,33,0,0,7,7,7,12.857142857142900,0,0,7,8,6,12.666666666666700,0,8.9,1.4,3.51,Not on time
2,1,4,9500,1,1,143,1,Basic,Basic,Clerical/service,Clerical/service,128.7,1,0,0,1,0,0,18,0,0,7,10,7,14.455000000000000,0,0,8,8,8,13.91,0,15.5,2.8,-4.06,Graduate
1,1,1,9670,1,1,142,1,Secondary,Basic,Clerical/service,Clerical/service,128,0,0,0,1,0,1,18,0,0,6,8,6,14,0,0,6,7,6,13.285714285714300,0,11.1,0.6,2.02,Graduate
1,1,3,9773,1,1,150,1,Basic,Basic,Clerical/service,Clerical/service,146.5,1,0,0,1,0,1,20,0,0,6,6,6,13.5,0,0,6,7,6,12.666666666666700,0,11.1,0.6,2.02,Graduate
1,1,2,9254,1,1,112,1,Basic,Basic,Manual skilled,Manual skilled,106.1,1,0,0,0,0,0,20,0,0,6,0,0,0,0,0,6,0,0,0,0,11.1,0.6,2.02,Not on time
1,17,2,8014,0,1,133.1,1,Basic,Secondary,High-skilled,High-skilled,118,0,0,0,1,0,1,20,0,0,6,6,6,11.666666666666700,0,0,6,12,5,14,0,10.8,1.4,1.74,Graduate
1,17,1,9085,1,1,125,1,Secondary,Basic,Clerical/service,Low-skilled,117,1,0,0,1,0,1,19,0,0,5,6,4,12,0,0,5,8,5,13.333333333333300,1,10.8,1.4,1.74,Graduate
1,1,3,9238,1,1,121,1,Basic,Basic,Manual skilled,Manual skilled,115.4,1,0,0,1,0,1,19,0,0,6,7,6,11.714285714285700,0,0,6,6,6,11.833333333333300,0,13.9,-0.3,0.79,Graduate
1,17,3,9238,1,1,133.1,1,Higher,Secondary,High-skilled,High-skilled,117,1,0,0,1,0,0,21,0,0,6,8,6,12.666666666666700,0,0,6,7,6,12.428571428571400,0,11.1,0.6,2.02,Graduate
1,39,1,9085,1,1,133.1,1,Higher,Higher,Clerical/service,High-skilled,144.9,1,0,0,1,0,0,26,0,0,6,11,3,11.75,0,0,6,19,4,12.8,0,12.4,0.5,1.79,Not on time
1,17,1,9238,1,1,135,1,Basic,Basic,Manual skilled,Manual skilled,127,0,0,0,1,0,0,21,0,0,6,0,0,0,0,0,6,0,0,0,0,16.2,0.3,-0.92,Not on time
1,1,4,9500,1,1,132,1,Basic,Basic,Clerical/service,Clerical/service,118,1,0,0,1,0,0,18,0,0,8,8,7,12.328571428571400,0,0,8,8,7,12.328571428571400,0,12.7,3.7,-1.7,Graduate
5,39,1,9853,1,19,133.1,1,Basic,Basic,Low-skilled,Manual skilled,118,0,0,0,1,0,0,27,0,0,7,14,6,11.666666666666700,0,0,7,10,1,10,0,12.4,0.5,1.79,Not on time
1,43,1,9070,1,1,135,1,Secondary,Basic,High-skilled,Low-skilled,126.4,1,0,0,1,0,1,20,0,5,12,12,12,13.25,0,5,12,12,11,12.727272727272700,0,15.5,2.8,-4.06,Graduate
1,43,1,9670,1,39,110,1,Basic,Higher,Manual skilled,Other/unknown,110,0,0,0,1,0,0,21,0,0,6,8,5,11.833333333333300,0,0,6,8,4,13.25,2,16.2,0.3,-0.92,Not on time
1,17,1,9556,1,1,133,1,Basic,Basic,Low-skilled,Low-skilled,124.4,1,0,0,1,0,1,18,0,0,7,7,7,13.3,0,0,8,8,8,15.125,0,15.5,2.8,-4.06,Graduate
1,44,1,9085,1,39,140,1,Secondary,Basic,Low-skilled,Low-skilled,140,1,0,0,1,0,0,20,0,1,6,13,6,12.555555555555600,0,1,6,11,5,11.8,0,16.2,0.3,-0.92,Not on time
1,1,1,9773,1,1,135,1,Secondary,Basic,Clerical/service,Other/unknown,129.4,1,0,0,1,0,0,18,0,0,6,6,6,12.833333333333300,0,0,6,7,6,12.166666666666700,0,11.1,0.6,2.02,Graduate
1,44,1,9238,1,39,140,1,Secondary,Secondary,High-skilled,Clerical/service,141.7,0,0,0,1,0,1,20,0,3,6,6,6,12.833333333333300,0,2,6,6,6,12.833333333333300,0,13.9,-0.3,0.79,Graduate
1,1,2,9085,1,1,144,1,Secondary,Basic,Clerical/service,Other/unknown,132.1,1,0,0,1,0,1,19,0,0,5,10,3,12.666666666666700,1,0,5,7,3,13,0,12.7,3.7,-1.7,Graduate
1,1,5,9500,1,1,122,1,Basic,Higher,Low-skilled,High-skilled,116.8,1,0,0,1,0,0,20,0,0,7,8,6,13.271428571428600,0,0,8,8,7,14.471428571428600,0,13.9,-0.3,0.79,Graduate
1,1,1,9991,0,1,143,1,Basic,Basic,Clerical/service,Manual skilled,135,0,0,0,1,0,1,20,0,0,5,5,5,12.4,0,0,5,6,5,12.833333333333300,0,10.8,1.4,1.74,Graduate
1,44,1,9085,1,39,150,1,Basic,Secondary,Clerical/service,Clerical/service,150,0,0,0,1,0,0,20,0,0,5,10,2,14.5,1,0,5,7,4,11.25,0,12.7,3.7,-1.7,Not on time
1,1,3,9238,1,1,124,1,Basic,Secondary,Manual skilled,Other/unknown,116,1,0,1,1,0,0,19,0,0,6,7,0,0,0,0,5,5,0,0,0,13.9,-0.3,0.79,Not on time
1,1,1,9773,1,1,156,1,Higher,Higher,High-skilled,High-skilled,155,0,0,0,1,0,0,18,0,0,6,7,6,14.285714285714300,0,0,6,8,6,13.25,0,8.9,1.4,3.51,Graduate
1,1,1,9085,1,1,142,1,Basic,Basic,Low-skilled,Other/unknown,127,1,0,0,1,0,0,18,0,0,5,7,3,12.333333333333300,0,0,5,9,5,12.6,0,10.8,1.4,1.74,Graduate
1,17,1,9500,1,1,142,1,Basic,Basic,Low-skilled,Manual skilled,130.8,1,0,0,1,0,1,19,0,0,7,10,6,12.583333333333300,0,0,8,8,7,12.671428571428600,0,13.9,-0.3,0.79,Graduate
1,1,6,9500,1,1,126,1,Secondary,Basic,Clerical/service,Low-skilled,121.8,1,0,0,1,0,0,19,0,0,7,8,6,13.731666666666700,0,0,8,10,7,13.771428571428600,0,12.4,0.5,1.79,Not on time
1,39,1,9003,1,19,133.1,1,Basic,Basic,Low-skilled,Clerical/service,140,0,0,0,1,1,0,43,0,0,6,8,6,12.875,0,0,6,14,5,12.142857142857100,0,16.2,0.3,-0.92,Not on time
2,42,1,9070,1,1,170,1,Basic,Secondary,Other/unknown,Clerical/service,148.5,0,0,0,1,1,0,47,0,8,10,14,8,14.625,0,5,7,7,5,13.4,0,9.4,-0.8,-3.12,Not on time
1,42,1,9147,1,1,130,1,Unknown,Unknown,Other/unknown,Other/unknown,109.8,1,0,0,0,1,0,23,0,0,3,3,0,0,0,0,2,2,0,0,0,7.6,2.6,0.32,Not on time
1,1,1,9238,1,1,133,41,Basic,Basic,Low-skilled,Low-skilled,119.7,1,0,1,1,0,1,19,1,0,6,8,6,12.666666666666700,0,0,6,7,6,12.666666666666700,0,8.9,1.4,3.51,Graduate
1,42,1,9500,1,1,122,1,Higher,Higher,High-skilled,High-skilled,122,1,0,0,1,0,0,20,0,0,8,11,6,12.491666666666700,0,0,8,11,6,12.491666666666700,0,12.7,3.7,-1.7,Graduate
1,1,1,171,1,1,138,1,Secondary,Higher,Clerical/service,Clerical/service,147.5,1,0,0,1,0,1,19,0,6,12,12,12,13.666666666666700,0,4,11,12,11,14.166666666666700,0,8.9,1.4,3.51,Graduate
1,17,1,9085,1,1,163,14,Basic,Basic,Low-skilled,Low-skilled,150.8,1,0,0,1,0,0,19,1,0,6,13,6,16,0,0,6,8,6,14.5,0,15.5,2.8,-4.06,Graduate
1,44,1,9085,1,39,150,1,Basic,Basic,Clerical/service,Manual skilled,150,1,0,0,1,0,0,19,0,2,6,8,6,14.142857142857100,0,1,6,7,6,13,0,13.9,-0.3,0.79,Graduate
1,39,1,8014,0,19,133.1,1,Basic,Basic,Clerical/service,Clerical/service,131.5,0,0,1,1,0,1,39,0,0,6,9,6,11.833333333333300,0,0,6,9,4,13.75,0,11.1,0.6,2.02,Graduate
1,1,1,9070,1,1,144,1,Secondary,Secondary,High-skilled,Clerical/service,127.2,1,0,0,1,0,1,20,0,0,6,6,6,12.666666666666700,0,0,6,8,6,13,0,10.8,1.4,1.74,Graduate
1,17,1,9070,1,1,118,1,Basic,Basic,Low-skilled,High-skilled,111,1,0,0,1,0,0,21,0,0,6,6,6,12.5,0,0,6,6,6,12.666666666666700,0,7.6,2.6,0.32,Graduate
1,43,5,9238,1,1,101,24,Basic,Basic,Low-skilled,Manual skilled,119.9,1,0,1,0,0,0,22,1,5,11,16,9,10.88888888888890,0,2,10,20,4,11.25,1,9.4,-0.8,-3.12,Graduate
1,1,2,9773,1,1,133,1,Basic,Basic,Clerical/service,Other/unknown,133.7,1,0,0,1,0,0,19,0,0,6,11,1,13,0,0,5,10,0,0,0,7.6,2.6,0.32,Not on time
1,17,1,9670,1,1,133.1,1,Secondary,Basic,Clerical/service,High-skilled,140,1,0,0,1,0,0,22,0,0,6,6,6,15.166666666666700,0,0,6,6,6,16,0,13.9,-0.3,0.79,Graduate
1,5,2,9853,1,1,124,1,Basic,Basic,High-skilled,High-skilled,113.9,1,0,0,1,0,1,19,0,0,6,8,6,12.666666666666700,0,0,6,7,6,12,0,12.7,3.7,-1.7,Graduate
1,1,1,171,1,1,127,1,Basic,Basic,Low-skilled,Low-skilled,120.7,1,0,1,1,1,0,18,0,0,0,0,0,0,0,0,0,0,0,0,0,7.6,2.6,0.32,Not on time
5,39,1,9147,1,1,133.1,1,Basic,Basic,Low-skilled,Low-skilled,119.8,0,0,0,1,1,0,26,0,0,5,9,5,12,0,0,5,5,5,10.2,0,11.1,0.6,2.02,Not on time
1,39,1,9991,0,1,110,1,Basic,Basic,Low-skilled,Low-skilled,121.8,0,0,0,0,1,0,36,0,0,5,5,0,0,0,0,5,5,0,0,0,12.7,3.7,-1.7,Not on time
1,18,1,171,1,1,110,1,Basic,Higher,Clerical/service,Clerical/service,117.7,1,0,1,1,1,1,20,0,0,0,0,0,0,0,0,0,0,0,0,0,12.4,0.5,1.79,Graduate
2,39,1,9147,1,1,160,1,Basic,Basic,Low-skilled,Manual skilled,110,0,0,0,1,1,0,30,0,0,5,8,2,11,0,0,5,6,4,11.5,0,15.5,2.8,-4.06,Not on time
1,43,1,9003,1,1,120,1,Secondary,Secondary,Clerical/service,Other/unknown,134.4,0,0,0,1,1,0,24,0,0,6,7,6,15.714285714285700,0,0,6,10,6,15.9,0,15.5,2.8,-4.06,Not on time
1,1,1,9147,1,1,133.1,1,Unknown,Unknown,Other/unknown,Other/unknown,125.3,0,0,0,1,1,0,26,0,11,15,15,11,10.818181818181800,0,12,14,15,11,11.636363636363600,1,7.6,2.6,0.32,Not on time
1,1,1,9147,1,1,132,1,Basic,Basic,Low-skilled,Manual skilled,119.1,0,0,0,0,1,0,19,0,0,5,16,1,12,0,0,5,6,0,0,0,13.9,-0.3,0.79,Not on time
5,39,1,9238,1,1,130,1,Basic,Basic,Low-skilled,Other/unknown,146,0,0,0,1,1,0,34,0,0,6,8,5,12.6,0,0,6,11,4,11.25,0,12.4,0.5,1.79,Graduate
1,43,1,9130,1,1,130,1,Secondary,Secondary,High-skilled,High-skilled,130,1,0,0,1,1,0,33,0,0,5,12,1,13,2,0,5,7,3,14,0,9.4,-0.8,-3.12,Not on time
1,17,6,9147,1,1,129,1,Basic,Secondary,Low-skilled,Clerical/service,122,1,0,0,1,1,0,19,0,0,5,8,5,11.6,1,0,5,10,4,10.75,0,9.4,-0.8,-3.12,Graduate
1,17,5,9119,1,1,130,1,Basic,Secondary,Clerical/service,Clerical/service,118.1,1,0,1,0,1,0,26,0,0,5,11,1,10,0,0,5,14,1,11,0,8.9,1.4,3.51,Not on time
1,39,1,9670,1,1,140,1,Basic,Basic,Manual skilled,Manual skilled,105.2,0,0,0,1,1,0,29,0,0,6,7,1,14,0,0,6,6,0,0,0,16.2,0.3,-0.92,Not on time
1,17,5,9119,1,1,131,1,Basic,Basic,Low-skilled,Manual skilled,123.3,1,0,0,1,1,1,19,0,0,5,9,5,12.6,0,0,5,8,2,12.5,0,8.9,1.4,3.51,Not on time
1,17,1,171,1,1,129,1,Secondary,Secondary,Low-skilled,Low-skilled,124.8,1,0,0,1,1,0,18,0,0,0,0,0,0,0,0,0,0,0,0,0,12.7,3.7,-1.7,Not on time
1,39,1,9991,0,19,133.1,1,Basic,Basic,Low-skilled,Low-skilled,149.4,0,0,0,0,1,0,29,0,0,5,11,2,11.333333333333300,0,0,5,9,1,12,0,11.1,0.6,2.02,Not on time
1,43,1,9254,1,1,112,1,Basic,Basic,Low-skilled,Low-skilled,108.5,0,0,0,1,1,0,21,0,0,6,6,6,12.666666666666700,0,0,6,7,5,11.4,0,9.4,-0.8,-3.12,Graduate
1,17,1,9254,1,1,119,1,Secondary,Secondary,Clerical/service,Other/unknown,125,0,0,0,1,1,0,19,0,0,6,7,5,10.8,0,0,6,10,2,10.5,0,10.8,1.4,1.74,Not on time
1,1,1,9500,1,1,133.1,1,Basic,Basic,Clerical/service,Other/unknown,101,0,0,0,1,1,0,20,0,0,7,14,5,12.87857142857140,0,0,8,15,7,11.85625,0,15.5,2.8,-4.06,Graduate
1,1,1,9085,1,1,123,1,Higher,Secondary,High-skilled,Clerical/service,112.9,0,0,0,1,1,0,18,0,0,5,5,0,0,0,0,5,5,0,0,0,7.6,2.6,0.32,Not on time
1,17,3,9070,1,1,131,1,Basic,Basic,Clerical/service,Clerical/service,120.2,1,0,0,1,1,0,18,0,0,6,6,6,12.833333333333300,0,0,6,8,5,11.4,0,15.5,2.8,-4.06,Not on time
1,1,1,9147,1,1,120,1,Unknown,Unknown,Other/unknown,Other/unknown,111.6,0,0,1,1,1,1,21,0,0,5,5,5,12.6,0,0,5,9,3,12.833333333333300,0,10.8,1.4,1.74,Not on time
1,1,1,9147,1,1,125,1,Secondary,Secondary,Clerical/service,High-skilled,134.1,1,0,0,1,1,0,20,0,0,5,0,0,0,0,0,5,0,0,0,0,8.9,1.4,3.51,Not on time
1,39,1,9119,1,1,133.1,1,Basic,Basic,Low-skilled,Low-skilled,101.6,0,0,0,1,1,1,30,0,0,5,11,0,0,0,0,5,5,0,0,0,12.7,3.7,-1.7,Not on time
1,18,2,9670,1,1,121,1,Basic,Basic,Clerical/service,High-skilled,111.9,1,0,0,1,1,0,19,0,0,6,6,6,14.166666666666700,0,0,6,6,6,14,0,13.9,-0.3,0.79,Graduate
1,51,1,9147,1,1,148,1,Secondary,Basic,Low-skilled,Manual skilled,118.4,1,0,0,1,1,0,30,0,0,5,7,5,13.4,0,0,5,7,4,13.25,0,8.9,1.4,3.51,Not on time
1,1,1,9147,1,1,139,1,Basic,Secondary,Clerical/service,Clerical/service,127.1,1,0,0,1,1,1,22,0,0,5,8,5,11.2,0,0,5,13,4,11.25,0,12.7,3.7,-1.7,Graduate
1,17,3,171,1,1,125,1,Basic,Basic,Clerical/service,Other/unknown,120.5,1,0,0,1,1,0,22,0,0,0,0,0,0,0,0,0,0,0,0,0,12.4,0.5,1.79,Graduate
1,17,4,9070,1,1,128,1,Secondary,Secondary,Low-skilled,Other/unknown,136.1,1,0,1,0,1,0,19,0,0,6,6,6,12.666666666666700,0,0,6,8,5,11.8,0,11.1,0.6,2.02,Not on time
1,17,2,9670,1,1,132,1,Secondary,Basic,Clerical/service,High-skilled,124,1,0,0,1,1,0,21,0,0,5,7,3,12.333333333333300,0,0,5,5,4,11.25,0,7.6,2.6,0.32,Not on time
1,17,4,9085,1,1,137,1,Basic,Basic,Clerical/service,Clerical/service,141.6,0,0,0,1,1,0,21,0,0,5,7,4,12.25,0,0,5,7,5,12,0,7.6,2.6,0.32,Graduate
1,44,1,171,1,39,160,1,Basic,Basic,Low-skilled,Low-skilled,160,1,0,1,1,1,1,21,0,0,0,0,0,0,0,0,0,0,0,0,0,15.5,2.8,-4.06,Not on time
1,39,1,9147,1,1,120,1,Secondary,Basic,Clerical/service,Manual skilled,110,0,0,0,1,1,0,27,0,0,5,13,3,10.75,0,0,5,9,3,10.333333333333300,0,15.5,2.8,-4.06,Not on time
1,43,1,33,1,1,134,1,Basic,Basic,High-skilled,High-skilled,100,1,0,0,1,1,0,32,0,0,7,7,0,0,0,0,7,8,0,0,0,13.9,-0.3,0.79,Not on time
1,39,1,9670,1,12,133.1,1,Basic,Secondary,Low-skilled,High-skilled,120,0,0,1,0,1,0,40,0,0,6,13,0,0,0,0,6,6,0,0,0,15.5,2.8,-4.06,Not on time
1,1,2,9147,1,1,116,1,Basic,Secondary,Clerical/service,High-skilled,124.8,1,0,0,1,1,0,20,0,0,5,9,2,14.333333333333300,0,0,5,10,2,12.5,0,7.6,2.6,0.32,Not on time
1,44,1,9130,1,39,140,1,Higher,Higher,High-skilled,Other/unknown,140,1,0,0,1,1,0,20,0,1,5,8,2,11.5,0,1,5,13,2,11.5,0,12.7,3.7,-1.7,Not on time
1,1,3,171,1,1,140,1,Basic,Basic,Low-skilled,Low-skilled,124.3,1,0,0,1,1,0,18,0,0,0,0,0,0,0,0,0,0,0,0,0,7.6,2.6,0.32,Graduate
1,43,1,9147,1,1,122,1,Secondary,Basic,High-skilled,Manual skilled,118.9,0,0,0,1,1,0,21,0,0,5,11,2,10.5,0,0,5,13,0,0,0,12.7,3.7,-1.7,Not on time
1,17,1,9670,1,1,141,1,Basic,Basic,Clerical/service,Manual skilled,130.2,0,0,0,1,1,0,18,0,0,6,6,6,13.5,0,0,6,0,0,0,0,12.7,3.7,-1.7,Not on time
1,44,1,9003,1,1,120,1,Secondary,Higher,Clerical/service,High-skilled,120,0,0,0,1,1,0,19,0,0,6,17,1,11,0,0,6,19,0,0,0,16.2,0.3,-0.92,Not on time
5,7,1,9070,1,3,140,1,Basic,Basic,Manual skilled,Manual skilled,140,0,0,0,0,1,0,30,0,0,6,6,1,10,0,0,6,6,0,0,0,15.5,2.8,-4.06,Not on time
1,39,1,9003,1,12,133.1,1,Basic,Secondary,Low-skilled,High-skilled,130,0,0,0,1,1,0,29,0,0,6,17,0,0,2,0,6,8,0,0,0,15.5,2.8,-4.06,Not on time
1,17,2,9119,1,1,137,1,Secondary,Secondary,Clerical/service,Clerical/service,130.4,1,0,1,1,1,0,18,0,0,5,10,1,12,0,0,5,7,3,10.666666666666700,2,7.6,2.6,0.32,Not on time
1,1,2,9670,1,1,122,1,Secondary,Secondary,Low-skilled,Low-skilled,116.1,1,0,0,1,1,1,18,0,0,5,6,4,12.25,0,0,5,5,5,12.2,0,9.4,-0.8,-3.12,Not on time
1,44,1,9003,1,39,130,1,Secondary,Secondary,High-skilled,Other/unknown,130,0,0,0,1,1,0,22,0,4,10,21,5,11.4,1,2,7,13,6,11.666666666666700,0,15.5,2.8,-4.06,Not on time
1,43,2,9991,0,1,140,1,Basic,Basic,Clerical/service,Clerical/service,124.3,1,0,0,0,1,0,27,0,0,5,5,0,0,0,0,5,5,0,0,0,12.7,3.7,-1.7,Not on time
1,17,6,9670,1,1,125,1,Basic,Secondary,Low-skilled,Manual skilled,125,1,0,0,1,1,0,20,0,0,6,8,4,14.25,0,0,6,10,5,14,0,10.8,1.4,1.74,Graduate
1,51,1,8014,0,2,110,1,Basic,Basic,Low-skilled,Other/unknown,110,0,0,0,1,1,0,42,0,8,12,12,11,14.454545454545500,0,7,11,11,10,14.2,0,11.1,0.6,2.02,Graduate
1,1,1,9003,1,1,133.1,1,Basic,Basic,Clerical/service,Manual skilled,115,0,0,1,1,1,0,21,0,8,12,13,12,14.538461538461500,0,4,12,14,12,14.461538461538500,0,15.5,2.8,-4.06,Graduate
1,43,1,9500,1,1,132,1,Secondary,Basic,Manual skilled,Manual skilled,129.6,0,1,0,1,1,0,23,0,0,7,10,6,12.733333333333300,0,0,8,10,7,11.95,0,16.2,0.3,-0.92,Graduate
1,51,1,9070,1,1,122,1,Basic,Basic,Low-skilled,Low-skilled,128.8,1,0,0,1,1,0,21,0,4,12,13,5,13.2,0,4,12,12,4,13.5,0,8.9,1.4,3.51,Not on time
1,1,3,171,1,1,155,1,Higher,Higher,High-skilled,High-skilled,144.2,1,0,0,1,1,0,19,0,0,0,0,0,0,0,0,0,0,0,0,0,12.7,3.7,-1.7,Graduate
2,39,1,9238,1,1,120,1,Basic,Basic,Manual skilled,Manual skilled,134,0,0,0,1,1,1,40,0,0,6,7,6,12.333333333333300,0,0,6,10,4,12.75,0,8.9,1.4,3.51,Not on time
1,43,1,9147,1,1,129,1,Basic,Secondary,Low-skilled,Clerical/service,112,0,0,0,1,1,0,22,0,5,9,9,5,11.2,0,5,9,14,7,11.25,2,12.7,3.7,-1.7,Not on time
1,1,2,9500,1,1,144,1,Basic,Basic,Low-skilled,Low-skilled,128.8,1,0,0,1,1,0,19,0,0,7,7,6,13.2,0,0,7,7,6,13.2,0,7.6,2.6,0.32,Graduate
1,39,1,9119,1,1,130,1,Basic,Basic,Low-skilled,Low-skilled,134,0,0,0,1,1,1,24,0,0,5,8,5,11.833333333333300,0,0,5,8,4,14,0,12.7,3.7,-1.7,Not on time
1,1,1,9254,1,1,133.1,1,Higher,Secondary,High-skilled,Clerical/service,125,0,0,0,1,1,0,21,0,0,6,10,5,11.333333333333300,0,0,6,14,2,11.5,0,12.7,3.7,-1.7,Not on time
1,17,4,9119,1,1,133,1,Higher,Secondary,Low-skilled,High-skilled,123.2,1,0,0,1,1,0,18,0,0,5,5,5,13.6,0,0,5,6,5,14.6,0,8.9,1.4,3.51,Graduate
1,17,3,9119,1,1,131,1,Basic,Basic,Low-skilled,Manual skilled,118.4,0,0,0,1,1,0,18,0,0,5,10,0,0,0,0,5,10,2,11.5,4,7.6,2.6,0.32,Not on time
1,51,1,9670,1,1,133.1,1,Higher,Secondary,High-skilled,Other/unknown,116.2,0,0,0,1,1,0,24,0,0,6,11,5,12.857142857142900,0,0,6,12,5,13.666666666666700,0,11.1,0.6,2.02,Not on time
1,39,1,9119,1,1,133.1,1,Basic,Basic,Low-skilled,High-skilled,123,0,0,0,1,1,1,28,0,0,5,16,3,14.333333333333300,0,0,5,9,5,12.428571428571400,0,9.4,-0.8,-3.12,Not on time
1,17,1,9670,1,1,118,1,Basic,Basic,Manual skilled,Low-skilled,113.5,1,0,0,1,0,1,19,0,0,6,9,5,13.5,0,0,6,6,6,14,0,12.4,0.5,1.79,Graduate
1,51,1,9085,1,40,120,1,Higher,Higher,Clerical/service,High-skilled,125,0,0,0,1,0,0,28,0,0,6,8,6,14.428571428571400,0,0,6,12,4,15.6,0,11.1,0.6,2.02,Not on time
1,17,3,9853,1,1,133.1,1,Secondary,Secondary,Clerical/service,Other/unknown,134.8,1,0,0,1,0,0,18,0,0,6,12,0,0,0,0,6,12,0,0,0,7.6,2.6,0.32,Not on time
1,1,1,171,1,1,145,1,Higher,Secondary,Clerical/service,High-skilled,149.9,1,0,0,0,0,0,19,0,0,0,0,0,0,0,0,0,0,0,0,0,16.2,0.3,-0.92,Graduate
1,1,1,9500,1,1,125,1,Secondary,Secondary,Clerical/service,Clerical/service,119.8,1,0,0,1,0,1,19,0,0,8,8,8,12.82875,0,0,8,8,8,12.82875,0,9.4,-0.8,-3.12,Graduate
1,43,1,9130,1,1,125,1,Secondary,Higher,High-skilled,High-skilled,125,1,0,0,1,0,0,21,0,0,5,6,0,0,5,0,5,6,4,13.75,1,10.8,1.4,1.74,Graduate
1,1,3,9500,1,1,148,1,Secondary,Basic,Clerical/service,Clerical/service,135.1,1,0,1,1,0,0,18,0,0,7,0,0,0,0,0,8,0,0,0,0,13.9,-0.3,0.79,Not on time
1,1,4,9070,1,1,139,1,Higher,Basic,High-skilled,Clerical/service,138.3,1,0,0,1,0,0,19,0,0,6,6,6,14.666666666666700,0,0,6,6,6,13.166666666666700,0,9.4,-0.8,-3.12,Graduate
1,17,2,9500,1,1,130,1,Basic,Basic,Manual skilled,Manual skilled,122.5,1,0,0,1,0,0,19,0,0,8,8,7,13.937142857142900,0,0,8,8,7,13.937142857142900,0,10.8,1.4,1.74,Graduate
1,1,1,9070,1,1,148,1,Higher,Secondary,High-skilled,Other/unknown,148,1,0,0,1,0,0,20,0,7,12,12,10,14.7,0,8,12,12,12,14.583333333333300,0,15.5,2.8,-4.06,Graduate
1,1,2,9773,1,1,130,1,Secondary,Secondary,Low-skilled,Clerical/service,126.2,1,0,0,1,0,0,18,0,0,6,6,6,11.666666666666700,0,0,6,6,5,12.2,0,12.7,3.7,-1.7,Graduate
1,43,4,9500,1,6,134,1,Basic,Basic,Low-skilled,Low-skilled,129.8,1,0,0,1,0,0,20,0,0,7,7,6,14.85,0,0,7,7,6,14.85,0,7.6,2.6,0.32,Graduate
1,39,1,9085,1,19,133.1,1,Basic,Basic,Manual skilled,Other/unknown,104,0,0,0,1,0,0,26,0,0,5,11,1,12,1,0,5,12,0,0,4,10.8,1.4,1.74,Not on time
1,18,4,9500,1,1,137,1,Higher,Secondary,High-skilled,Clerical/service,126.7,1,0,0,1,0,0,18,0,0,7,8,7,13.6875,0,0,8,9,8,15.622222222222200,0,13.9,-0.3,0.79,Not on time
1,39,1,8014,0,1,130,1,Basic,Basic,Low-skilled,Low-skilled,120,0,0,0,1,0,0,58,0,0,6,14,5,12.4,0,0,6,10,5,11.6,0,9.4,-0.8,-3.12,Graduate
1,1,2,9500,1,1,137,1,Secondary,Higher,Clerical/service,High-skilled,124.6,0,0,0,1,0,0,18,0,0,7,10,7,13.398,0,0,8,8,8,13.5425,0,15.5,2.8,-4.06,Graduate
1,44,1,9085,1,1,130,1,Secondary,Secondary,Clerical/service,High-skilled,130,1,0,0,1,0,0,20,0,0,6,13,5,11.8,0,0,6,19,4,12,0,12.4,0.5,1.79,Not on time
1,17,1,9991,0,1,140,1,Basic,Basic,Manual skilled,Manual skilled,127.3,0,0,0,1,0,0,20,0,0,5,0,0,0,0,0,5,0,0,0,0,11.1,0.6,2.02,Not on time
1,2,1,9147,1,1,150,1,Basic,Basic,Low-skilled,Low-skilled,122,1,0,0,1,0,0,29,0,13,15,19,13,11.76923076923080,0,12,14,17,14,11.928571428571400,0,9.4,-0.8,-3.12,Graduate
1,7,1,9238,1,3,130,1,Secondary,Secondary,Clerical/service,Other/unknown,125.1,0,0,1,0,0,0,27,0,0,6,8,0,0,0,0,5,6,0,0,0,16.2,0.3,-0.92,Not on time
1,1,1,9085,1,1,133.1,1,Basic,Basic,Clerical/service,Manual skilled,110,1,0,0,1,0,1,21,0,0,6,8,6,13.285714285714300,0,0,6,11,6,13,0,11.1,0.6,2.02,Graduate
1,1,1,9238,1,1,134,1,Secondary,Basic,Clerical/service,Low-skilled,129.8,0,0,0,1,0,1,20,0,0,6,6,6,11.666666666666700,0,0,6,8,6,11.166666666666700,0,15.5,2.8,-4.06,Graduate
1,17,1,9238,1,1,125,1,Basic,Basic,High-skilled,Manual skilled,114.9,0,0,0,1,0,1,19,0,0,6,13,6,11.5,0,0,6,9,5,12.2,0,11.1,0.6,2.02,Graduate
1,1,1,9500,1,1,141,1,Basic,Basic,Manual skilled,Manual skilled,125.6,1,0,0,1,0,1,22,0,0,7,9,6,13.081666666666700,0,0,8,12,6,13.15,0,11.1,0.6,2.02,Graduate
1,18,3,9070,1,1,138,1,Basic,Basic,Low-skilled,Manual skilled,125.1,1,0,0,1,0,1,19,0,0,6,6,6,12.666666666666700,0,0,6,6,6,13,0,15.5,2.8,-4.06,Graduate
1,17,1,9773,1,1,116,1,Basic,Secondary,Low-skilled,Manual skilled,115.7,1,0,1,0,0,0,19,0,0,6,6,3,11.333333333333300,0,0,6,6,0,0,0,12.4,0.5,1.79,Not on time
1,1,3,9853,1,1,122,1,Higher,Higher,High-skilled,High-skilled,112.6,1,0,0,1,0,0,23,0,0,6,8,5,13.6,0,0,6,8,5,11.6,0,7.6,2.6,0.32,Not on time
1,1,3,9773,1,1,131,1,Secondary,Secondary,Clerical/service,Clerical/service,127.2,1,0,0,1,0,1,18,0,0,6,6,6,13.166666666666700,0,0,6,7,5,13.2,0,12.4,0.5,1.79,Not on time
1,44,1,9130,1,39,140,1,Secondary,Basic,Clerical/service,Manual skilled,140,0,0,0,1,0,0,19,0,0,6,0,0,0,0,0,6,0,0,0,0,12.7,3.7,-1.7,Not on time
1,44,1,9003,1,39,140,1,Secondary,Secondary,Clerical/service,High-skilled,140,1,0,0,1,0,0,20,0,0,6,10,5,11.666666666666700,0,0,6,7,5,12.6,0,12.4,0.5,1.79,Graduate
1,1,4,9238,1,1,127,1,Secondary,Basic,Low-skilled,Manual skilled,120.4,1,0,0,1,0,1,19,0,0,6,6,6,13.5,0,0,6,7,6,13.428571428571400,0,11.1,0.6,2.02,Graduate
1,39,1,9085,1,19,133.1,1,Basic,Basic,Low-skilled,Low-skilled,100,1,0,1,0,0,1,26,0,0,6,7,0,0,0,0,6,6,0,0,0,13.9,-0.3,0.79,Not on time
1,1,1,9238,1,1,117,1,Secondary,Basic,Clerical/service,Manual skilled,113.5,1,0,0,1,0,1,18,0,0,6,6,6,13.166666666666700,0,0,6,7,6,14.142857142857100,0,11.1,0.6,2.02,Graduate
1,1,1,9085,1,1,150,1,Basic,Basic,Clerical/service,Low-skilled,132.1,1,0,1,1,0,0,29,0,4,5,11,4,12.5,2,1,5,11,2,12.5,0,12.7,3.7,-1.7,Not on time
1,44,1,9003,1,39,160,1,Higher,Secondary,High-skilled,Manual skilled,160,1,0,0,0,0,0,20,0,0,6,10,6,13.375,0,0,6,10,6,13,0,16.2,0.3,-0.92,Graduate
1,1,1,9070,1,1,128,1,Basic,Higher,Manual skilled,High-skilled,126.3,1,0,0,1,0,0,19,0,0,6,6,6,13.166666666666700,0,0,6,6,6,12.666666666666700,0,15.5,2.8,-4.06,Graduate
1,44,1,9085,1,39,160,1,Secondary,Secondary,Clerical/service,Clerical/service,160,1,0,0,1,0,0,23,0,1,6,12,4,13.4,0,1,6,17,2,13.5,0,12.4,0.5,1.79,Not on time
1,43,1,9556,1,1,126,1,Higher,Higher,High-skilled,High-skilled,100,0,0,0,1,0,0,25,0,2,7,10,3,13,0,1,8,10,3,11.666666666666700,4,10.8,1.4,1.74,Not on time
1,18,1,9500,1,1,135,1,Higher,Higher,High-skilled,High-skilled,125.8,1,0,0,1,0,0,18,0,0,8,8,7,13.154285714285700,0,0,8,8,7,13.154285714285700,0,10.8,1.4,1.74,Graduate
1,1,3,9070,1,1,139,1,Secondary,Basic,Clerical/service,Manual skilled,142.2,1,0,0,1,0,1,19,0,0,6,6,6,12.833333333333300,0,0,6,6,6,12.833333333333300,0,9.4,-0.8,-3.12,Graduate
1,17,2,9853,1,1,125,1,Secondary,Basic,Clerical/service,Clerical/service,119.4,1,0,0,1,0,0,18,0,0,7,10,7,12.142857142857100,0,0,7,7,7,13.142857142857100,0,12.4,0.5,1.79,Graduate
1,1,2,9500,1,1,106,1,Secondary,Basic,Clerical/service,Clerical/service,106.4,1,0,0,1,0,1,19,0,0,7,9,5,13.34,0,0,7,9,6,12.385714285714300,0,12.4,0.5,1.79,Not on time
1,7,1,8014,0,40,120,1,Basic,Basic,Low-skilled,High-skilled,120,0,0,0,1,0,0,36,0,6,10,15,4,13,0,5,9,10,4,13.75,0,8.9,1.4,3.51,Not on time
1,44,1,9003,1,39,150,1,Secondary,Basic,Clerical/service,Low-skilled,150,0,0,0,1,1,1,20,0,0,6,18,3,12,0,0,6,17,3,11.666666666666700,0,15.5,2.8,-4.06,Not on time
1,17,2,171,1,1,130,41,Secondary,Secondary,High-skilled,High-skilled,148.6,1,0,0,1,1,0,20,1,0,0,0,0,0,0,0,0,0,0,0,0,11.1,0.6,2.02,Not on time
1,1,1,9238,1,1,116,1,Basic,Basic,Low-skilled,Manual skilled,108.7,1,0,0,1,1,0,18,0,0,6,9,5,11,0,0,6,12,0,0,0,11.1,0.6,2.02,Not on time
1,44,1,9003,1,39,130,1,Higher,Secondary,Clerical/service,Manual skilled,130,0,0,0,1,1,0,19,0,0,6,8,5,11.5,0,0,6,11,6,11.333333333333300,0,12.4,0.5,1.79,Not on time
1,17,1,9238,1,1,140,1,Secondary,Higher,Clerical/service,High-skilled,124.6,1,0,1,0,1,0,20,0,3,9,9,3,13.333333333333300,0,2,6,6,2,12.5,0,8.9,1.4,3.51,Not on time
1,1,2,9500,1,1,134,1,Basic,Basic,Clerical/service,Manual skilled,131,1,0,0,1,1,0,18,0,0,7,9,7,14.594444444444400,0,0,8,10,8,13.472,0,15.5,2.8,-4.06,Graduate
1,44,1,9130,1,39,130,1,Higher,Secondary,High-skilled,Manual skilled,130,1,0,1,1,1,0,20,0,2,6,9,4,11,0,1,6,13,3,10.666666666666700,0,12.4,0.5,1.79,Not on time
1,18,1,9119,1,1,122,1,Basic,Secondary,Other/unknown,High-skilled,116.1,1,0,1,0,1,0,24,0,0,5,8,0,0,0,0,5,5,0,0,0,9.4,-0.8,-3.12,Not on time
1,17,1,9773,1,1,128,1,Basic,Basic,Clerical/service,Manual skilled,125.6,1,0,0,1,1,0,19,0,0,6,6,0,0,0,0,6,0,0,0,0,8.9,1.4,3.51,Not on time
1,17,1,9119,1,1,130,1,Basic,Basic,Manual skilled,Low-skilled,121.3,1,0,0,1,1,0,18,0,0,5,9,1,12,0,0,5,10,2,12,3,7.6,2.6,0.32,Not on time
1,1,3,9119,1,1,113,1,Higher,Basic,High-skilled,Manual skilled,107.4,1,0,0,1,1,0,18,0,0,5,8,5,14,0,0,5,6,5,13.2,0,8.9,1.4,3.51,Graduate
1,1,1,9254,1,1,126,1,Secondary,Basic,Clerical/service,Clerical/service,116.9,0,0,0,1,1,0,18,0,0,6,8,6,13.571428571428600,0,0,6,7,5,11.8,0,8.9,1.4,3.51,Graduate
1,43,2,9670,1,1,135,1,Higher,Basic,High-skilled,Manual skilled,123.5,1,0,0,1,1,0,22,0,0,6,12,0,0,0,0,6,6,0,0,0,16.2,0.3,-0.92,Not on time
1,1,1,9670,1,1,141,1,Basic,Basic,Low-skilled,Low-skilled,130.5,0,0,0,1,1,0,19,0,0,6,8,6,14.25,0,0,6,7,6,13.857142857142900,0,11.1,0.6,2.02,Graduate
2,39,1,9085,1,12,133.1,1,Secondary,Secondary,Clerical/service,High-skilled,140,1,0,1,0,0,0,32,0,0,6,7,0,0,0,0,6,6,0,0,0,13.9,-0.3,0.79,Not on time
1,17,1,9853,1,1,133.1,1,Unknown,Basic,Other/unknown,High-skilled,117.1,1,0,0,1,0,1,21,0,0,6,12,0,0,0,0,6,12,0,0,0,7.6,2.6,0.32,Not on time
1,18,1,9500,1,1,144,1,Basic,Basic,Manual skilled,Manual skilled,127.5,1,0,0,1,0,1,19,0,0,8,8,7,13.542857142857100,0,0,8,8,7,13.542857142857100,0,12.7,3.7,-1.7,Graduate
4,43,1,8014,0,1,140,1,Basic,Basic,Low-skilled,Low-skilled,126,0,0,0,1,0,1,39,0,3,9,9,9,13.11111111111110,0,2,7,10,7,11.714285714285700,0,12.7,3.7,-1.7,Graduate
1,43,1,8014,0,10,100,1,Unknown,Unknown,Other/unknown,Other/unknown,113,1,0,0,1,0,0,30,0,3,9,11,9,12.666666666666700,0,2,7,7,7,12.142857142857100,0,7.6,2.6,0.32,Graduate
1,1,1,9147,1,1,135,1,Secondary,Basic,Clerical/service,Clerical/service,130.1,1,0,0,1,0,0,18,0,0,5,10,4,10.75,1,0,5,13,2,10,0,9.4,-0.8,-3.12,Not on time
2,43,1,9991,0,1,130,1,Basic,Basic,Low-skilled,Low-skilled,110,1,0,0,1,0,0,38,0,4,10,14,4,10.75,0,2,10,10,2,10,0,7.6,2.6,0.32,Not on time
1,1,3,9070,1,1,147,1,Unknown,Basic,Clerical/service,Manual skilled,135.8,1,0,0,1,0,0,20,0,0,6,6,6,13.666666666666700,0,0,6,6,6,13.333333333333300,0,9.4,-0.8,-3.12,Graduate
1,39,1,8014,0,19,149,1,Unknown,Unknown,Other/unknown,Other/unknown,126.3,0,0,0,1,0,0,55,0,0,6,6,6,13.833333333333300,0,1,6,6,6,12.833333333333300,0,7.6,2.6,0.32,Graduate
4,27,1,9070,1,2,130,1,Unknown,Unknown,Other/unknown,Other/unknown,130,0,0,0,1,0,0,53,0,15,18,18,17,13.176470588235300,0,13,18,18,16,13,0,7.6,2.6,0.32,Not on time
2,39,1,8014,0,1,120,1,Unknown,Unknown,Other/unknown,Other/unknown,104,0,0,0,1,0,0,54,0,0,6,8,4,12.75,0,0,6,12,5,12.6,0,7.6,2.6,0.32,Not on time
1,43,1,9500,1,1,125,1,Basic,Basic,Low-skilled,Manual skilled,123.6,1,0,0,1,0,1,18,0,0,7,8,5,12.86,0,0,7,8,5,12.86,0,7.6,2.6,0.32,Not on time
1,39,1,8014,0,1,133.1,1,Basic,Basic,Low-skilled,Manual skilled,121,0,0,1,0,0,0,44,0,2,8,12,4,12,2,2,7,9,4,12,2,8.9,1.4,3.51,Not on time
1,43,1,9238,1,1,149,1,Basic,Basic,Low-skilled,Manual skilled,130.5,1,0,0,1,0,0,28,0,8,11,11,9,11.666666666666700,0,8,11,13,9,12.555555555555600,0,10.8,1.4,1.74,Graduate
1,7,1,8014,0,43,180,1,Basic,Basic,Low-skilled,Clerical/service,180,0,0,0,1,0,0,37,0,12,14,14,14,16.5,0,8,11,11,11,16.90909090909090,0,8.9,1.4,3.51,Graduate
1,43,1,9238,1,1,110,1,Secondary,Secondary,Other/unknown,Other/unknown,112.5,1,0,0,1,0,0,20,0,8,10,14,9,12.333333333333300,0,3,7,10,7,11.77777777777780,0,7.6,2.6,0.32,Graduate
1,1,3,9500,1,1,131,1,Basic,Higher,High-skilled,High-skilled,126.1,1,0,0,1,0,0,18,0,0,7,8,7,12.59125,0,0,8,11,7,12.820000000000000,0,15.5,2.8,-4.06,Not on time
1,1,1,9238,1,1,117,1,Basic,Basic,Low-skilled,Low-skilled,111.8,1,0,0,1,1,0,19,0,0,6,9,4,11.5,0,0,6,12,3,11,0,8.9,1.4,3.51,Not on time
1,17,1,9003,1,1,120,1,Basic,Basic,Clerical/service,Low-skilled,131.4,1,0,0,1,1,1,23,0,17,18,19,18,11.894736842105300,0,12,13,13,13,12.923076923076900,0,15.5,2.8,-4.06,Graduate
1,17,1,9238,1,1,160,1,Basic,Basic,Manual skilled,Manual skilled,144.3,0,0,0,1,1,0,22,0,0,6,0,0,0,0,0,6,0,0,0,0,13.9,-0.3,0.79,Not on time
1,39,1,9254,1,1,100,1,Higher,Basic,High-skilled,Clerical/service,115,0,0,0,0,1,0,24,0,0,6,0,0,0,0,0,6,0,0,0,0,11.1,0.6,2.02,Not on time
1,44,1,9003,1,39,140,1,Higher,Higher,Clerical/service,High-skilled,120,1,0,0,1,1,0,22,0,0,6,13,5,13,0,0,6,13,2,11.5,0,12.4,0.5,1.79,Not on time
1,39,1,9003,1,1,160,1,Secondary,Basic,Clerical/service,Manual skilled,168.6,0,0,0,1,1,0,26,0,0,6,9,0,0,0,0,6,6,0,0,0,13.9,-0.3,0.79,Not on time
1,17,6,9773,1,1,141,1,Basic,Basic,Clerical/service,Clerical/service,127.7,1,0,0,1,1,0,18,0,0,6,6,6,15.166666666666700,0,0,6,6,6,14.833333333333300,0,9.4,-0.8,-3.12,Graduate
1,44,1,9130,1,39,130,1,Basic,Basic,Low-skilled,Low-skilled,150,0,0,0,1,1,0,24,0,2,6,8,4,11.75,0,1,6,8,2,13.5,0,11.1,0.6,2.02,Not on time
1,1,1,9119,1,1,142,1,Secondary,Basic,Clerical/service,High-skilled,129.8,1,0,0,1,1,0,18,0,0,5,5,0,0,0,0,5,6,1,15,0,10.8,1.4,1.74,Not on time
1,1,1,171,1,1,130,1,Secondary,Basic,Manual skilled,Manual skilled,135.6,1,0,0,1,1,0,26,0,0,0,0,0,0,0,0,0,0,0,0,0,11.1,0.6,2.02,Not on time
1,39,1,9254,1,19,133.1,1,Basic,Basic,Low-skilled,Clerical/service,100,0,0,0,1,1,0,27,0,0,6,11,3,11.333333333333300,0,0,6,10,3,14.75,0,16.2,0.3,-0.92,Not on time
1,44,1,9003,1,39,140,1,Basic,Basic,Low-skilled,Manual skilled,140,1,0,0,1,1,1,20,0,0,6,10,5,12.6,0,0,6,6,5,13.2,0,12.4,0.5,1.79,Graduate
1,1,1,9119,1,1,129,1,Secondary,Secondary,Clerical/service,Other/unknown,124.1,1,0,0,1,1,0,19,0,0,5,10,0,0,0,0,5,10,1,14,3,7.6,2.6,0.32,Not on time
1,1,1,9085,1,1,148,1,Basic,Basic,Clerical/service,Low-skilled,131.6,0,0,0,1,1,1,18,0,0,6,8,6,15.5,0,0,6,9,4,15.5,0,11.1,0.6,2.02,Not on time
1,1,3,9500,1,1,143,1,Secondary,Secondary,Clerical/service,Clerical/service,129,1,0,0,1,1,0,18,0,0,8,8,7,12.365714285714300,0,0,8,8,7,12.365714285714300,0,10.8,1.4,1.74,Graduate
1,17,1,9670,1,1,128,1,Basic,Basic,Low-skilled,Low-skilled,135.7,1,0,0,1,1,0,19,0,0,6,7,5,13.2,0,0,6,10,5,13.25,0,10.8,1.4,1.74,Not on time
1,43,1,9070,1,1,100,1,Basic,Basic,Low-skilled,Low-skilled,108,1,0,0,1,1,0,34,0,7,12,12,7,11.428571428571400,0,4,12,12,7,11.857142857142900,0,7.6,2.6,0.32,Not on time
1,1,1,9238,1,1,116,1,Basic,Basic,Manual skilled,Other/unknown,110.8,1,0,0,1,1,0,19,0,0,6,0,0,0,0,0,6,0,0,0,0,16.2,0.3,-0.92,Not on time
1,1,1,9773,1,1,128,1,Secondary,Basic,Clerical/service,Clerical/service,124.5,0,0,0,1,1,1,19,0,0,6,10,4,14,0,0,6,9,6,12.333333333333300,0,9.4,-0.8,-3.12,Graduate
2,39,1,9003,1,1,120,1,Higher,Higher,High-skilled,Clerical/service,100,0,0,0,1,1,0,30,0,3,12,12,3,12,0,5,12,16,5,11.8,0,15.5,2.8,-4.06,Not on time
1,43,1,9773,1,1,121,1,Secondary,Higher,Low-skilled,High-skilled,123.8,0,0,0,0,1,0,22,0,0,4,4,0,0,4,0,5,8,3,12,0,10.8,1.4,1.74,Not on time
1,17,1,9147,1,1,137,1,Higher,Basic,High-skilled,Low-skilled,131.4,0,0,0,0,1,0,19,0,0,5,13,4,10,0,0,5,7,3,11.333333333333300,0,15.5,2.8,-4.06,Not on time
1,1,1,9147,1,1,115,1,Basic,Secondary,Low-skilled,Manual skilled,118.5,0,0,0,1,1,0,21,0,0,5,9,1,10,0,0,5,10,1,10,0,7.6,2.6,0.32,Not on time
1,1,2,171,1,1,129,1,Basic,Basic,Low-skilled,Low-skilled,122,1,0,0,0,1,0,22,0,0,0,0,0,0,0,0,0,0,0,0,0,7.6,2.6,0.32,Not on time
1,1,1,9254,1,1,125,1,Basic,Basic,Low-skilled,Low-skilled,122.9,0,0,0,1,1,1,19,0,0,6,7,6,11.166666666666700,0,0,6,12,3,11.666666666666700,0,10.8,1.4,1.74,Not on time
1,1,1,9238,1,1,125,1,Basic,Basic,Manual skilled,Manual skilled,118.7,0,0,0,1,1,0,20,0,0,6,12,4,11.75,0,0,6,13,3,11.333333333333300,0,15.5,2.8,-4.06,Not on time
1,39,1,9003,1,19,133.1,1,Higher,Secondary,High-skilled,Manual skilled,100,1,0,0,1,1,0,35,0,0,6,13,3,11.75,0,0,6,10,0,0,0,13.9,-0.3,0.79,Not on time
1,16,2,9147,1,1,131,1,Basic,Basic,Low-skilled,Low-skilled,135.9,1,0,0,1,1,0,20,0,0,5,8,1,10,0,0,5,7,1,11,0,7.6,2.6,0.32,Not on time
1,1,1,9130,1,1,133.1,1,Secondary,Basic,Clerical/service,Clerical/service,138.4,0,0,0,1,1,0,21,0,0,5,8,3,14,0,0,5,5,5,12.8,0,7.6,2.6,0.32,Graduate
1,39,1,9085,1,12,133.1,1,Unknown,Unknown,Other/unknown,Other/unknown,128.2,0,0,1,0,1,0,27,0,0,5,5,0,0,0,0,5,5,0,0,0,7.6,2.6,0.32,Not on time
1,43,1,9773,1,1,114,1,Basic,Basic,Low-skilled,Clerical/service,107.4,1,0,0,0,1,0,26,0,0,6,12,3,12,0,0,6,15,0,0,0,9.4,-0.8,-3.12,Not on time
1,17,1,9773,1,1,127,1,Secondary,Secondary,High-skilled,High-skilled,129.8,0,0,0,0,1,0,20,0,0,6,10,0,0,0,0,5,10,0,0,0,10.8,1.4,1.74,Not on time
1,39,1,9003,1,1,130,1,Basic,Basic,Manual skilled,Manual skilled,100,0,0,1,0,1,0,28,0,4,10,19,8,11.88888888888890,0,2,8,17,5,11.6,1,15.5,2.8,-4.06,Not on time
1,1,3,9773,1,1,121,1,Basic,Basic,Low-skilled,Manual skilled,113,1,0,0,1,1,0,19,0,0,6,6,6,13.833333333333300,0,0,6,6,6,13.666666666666700,0,11.1,0.6,2.02,Graduate
1,43,1,9991,0,1,120,1,Basic,Basic,Low-skilled,Low-skilled,107,0,0,0,0,1,0,47,0,0,5,5,0,0,0,0,5,5,0,0,0,12.7,3.7,-1.7,Not on time
4,39,1,9773,1,12,120,1,Basic,Basic,Clerical/service,Low-skilled,130,0,0,0,0,1,0,55,0,0,6,8,5,11.4,0,0,6,9,5,12.4,0,10.8,1.4,1.74,Not on time
1,43,1,9003,1,1,120,1,Basic,Basic,Clerical/service,Low-skilled,120,1,0,0,1,1,0,39,0,0,6,8,0,0,0,1,6,8,2,11,0,16.2,0.3,-0.92,Not on time
2,1,1,9003,1,1,120,1,Basic,Basic,Low-skilled,Low-skilled,120.5,1,0,1,1,1,0,35,0,14,17,17,14,10.642857142857100,1,12,12,12,12,10.666666666666700,0,15.5,2.8,-4.06,Not on time
1,39,1,9238,1,1,133.1,1,Basic,Basic,Other/unknown,Clerical/service,120.5,0,0,0,0,1,0,32,0,0,6,10,2,11,0,0,6,12,0,0,0,7.6,2.6,0.32,Not on time
1,1,4,9773,1,1,124,1,Higher,Secondary,High-skilled,Low-skilled,137,1,0,0,1,1,0,20,0,0,6,6,6,16.833333333333300,0,0,6,6,6,16.666666666666700,0,8.9,1.4,3.51,Graduate
1,39,1,9254,1,1,150,1,Basic,Basic,Low-skilled,Low-skilled,115,0,0,0,1,1,0,36,0,0,6,8,6,13.571428571428600,0,0,6,9,5,13.2,0,12.7,3.7,-1.7,Graduate
1,39,1,9991,0,19,133.1,1,Basic,Basic,Low-skilled,Other/unknown,142.7,0,0,1,1,1,1,34,0,0,5,11,5,14.714285714285700,0,0,5,14,5,14.375,5,16.2,0.3,-0.92,Graduate
1,1,1,9670,1,1,116,1,Basic,Basic,Other/unknown,High-skilled,116.7,1,0,0,1,1,0,21,0,0,5,8,0,0,0,0,5,5,0,0,0,9.4,-0.8,-3.12,Not on time
1,43,1,9991,0,1,133.1,1,Basic,Basic,High-skilled,Other/unknown,136.1,0,0,0,1,1,1,42,0,0,5,14,1,10,0,0,5,14,1,11,0,13.9,-0.3,0.79,Not on time
1,39,1,9003,1,19,133.1,1,Basic,Basic,Low-skilled,Manual skilled,134.3,0,0,0,1,1,0,25,0,0,6,15,1,11,0,0,6,13,4,11.75,0,12.4,0.5,1.79,Not on time
1,18,1,9773,1,1,167,1,Basic,Basic,Manual skilled,Manual skilled,153,1,0,0,1,1,1,18,0,0,6,6,1,11,0,0,6,0,0,0,0,8.9,1.4,3.51,Not on time
1,1,1,9773,1,1,140,1,Basic,Basic,Low-skilled,Low-skilled,132,0,0,0,1,1,1,18,0,0,6,6,5,12,0,0,6,6,6,12.833333333333300,0,12.7,3.7,-1.7,Graduate
1,1,2,9238,1,1,124,1,Basic,Basic,Low-skilled,Manual skilled,129.6,1,0,0,1,1,0,19,0,0,6,10,6,11.125,0,0,6,7,6,11.857142857142900,0,7.6,2.6,0.32,Graduate
1,43,1,9085,1,1,110,1,Higher,Basic,Clerical/service,Manual skilled,105,0,0,1,0,1,0,34,0,2,6,13,3,11.333333333333300,0,0,6,8,2,11.5,0,13.9,-0.3,0.79,Not on time
1,17,2,9773,1,1,150,1,Secondary,Secondary,Clerical/service,Clerical/service,130.8,0,0,0,1,1,0,20,0,0,6,15,2,12,0,0,6,12,0,0,0,10.8,1.4,1.74,Not on time
1,1,1,9500,1,1,123,1,Basic,Basic,Manual skilled,Manual skilled,119.7,0,0,0,1,1,0,20,0,0,7,8,0,0,1,0,7,7,0,0,0,13.9,-0.3,0.79,Not on time
1,17,1,9500,1,1,152,1,Basic,Basic,Clerical/service,Low-skilled,132.5,0,0,0,1,1,0,21,0,0,8,8,7,14.54,0,0,8,8,7,14.54,0,10.8,1.4,1.74,Graduate
1,44,1,9003,1,39,130,1,Secondary,Basic,High-skilled,Other/unknown,130,1,0,0,1,1,0,19,0,0,6,9,6,12.166666666666700,0,0,6,14,4,13,0,12.4,0.5,1.79,Graduate
1,39,1,9085,1,1,133.1,1,Secondary,Secondary,Clerical/service,Clerical/service,120,0,0,1,0,1,0,31,0,0,5,13,4,13.5,1,0,5,12,3,11.666666666666700,1,9.4,-0.8,-3.12,Not on time
1,17,1,9670,1,1,133.1,1,Secondary,Basic,Clerical/service,Clerical/service,150,0,0,0,1,1,0,21,0,0,6,8,6,14.75,0,0,6,9,5,14.333333333333300,0,11.1,0.6,2.02,Graduate
1,1,1,9147,1,1,124,1,Basic,Basic,Low-skilled,Low-skilled,115.6,0,0,0,1,1,1,20,0,0,5,8,5,12.375,0,0,5,7,5,11.666666666666700,0,13.9,-0.3,0.79,Graduate
1,43,2,9500,1,6,119.1,1,Secondary,Basic,Clerical/service,Other/unknown,119.1,0,0,0,1,1,0,22,0,0,7,7,6,12.733333333333300,0,0,7,7,6,12.733333333333300,0,7.6,2.6,0.32,Graduate
1,1,2,9070,1,1,128,1,Basic,Basic,High-skilled,High-skilled,123.5,1,1,0,0,1,0,19,0,0,6,9,4,12.5,0,0,6,6,0,0,0,9.4,-0.8,-3.12,Not on time
1,39,1,9130,1,1,133.1,1,Secondary,Secondary,Other/unknown,High-skilled,120,1,0,1,0,1,0,41,0,0,5,5,0,0,1,0,5,5,0,0,5,12.7,3.7,-1.7,Not on time
1,43,1,9500,1,19,133.1,1,Unknown,Unknown,Other/unknown,Other/unknown,110,1,0,0,1,1,0,27,0,0,7,7,0,0,6,0,7,7,0,0,6,7.6,2.6,0.32,Not on time
1,17,1,9500,1,1,145,1,Secondary,Secondary,Clerical/service,Other/unknown,131.4,0,0,0,1,0,0,19,0,0,7,7,7,13.44285714285710,0,0,8,8,7,13.771428571428600,0,13.9,-0.3,0.79,Not on time
1,18,2,9500,1,1,141,24,Secondary,Secondary,Clerical/service,High-skilled,126.8,1,0,0,1,0,1,20,1,0,8,8,8,14.2,0,0,8,8,8,14.2,0,9.4,-0.8,-3.12,Graduate
1,43,4,9500,1,6,118.9,1,Basic,Basic,Clerical/service,Low-skilled,118.9,1,0,0,1,0,1,19,0,0,7,7,6,13.55,0,0,7,7,6,13.55,0,7.6,2.6,0.32,Graduate
2,39,1,9991,0,1,160,1,Basic,Basic,Low-skilled,Low-skilled,160,0,0,0,1,0,0,35,0,0,5,5,5,11.6,0,0,5,6,5,11.166666666666700,0,15.5,2.8,-4.06,Graduate
1,17,5,9773,1,1,111,1,Basic,Secondary,Manual skilled,High-skilled,115.9,1,0,0,1,0,0,22,0,0,6,7,6,13.571428571428600,0,0,6,7,6,15.285714285714300,0,13.9,-0.3,0.79,Graduate
1,1,2,9254,1,1,111,1,Secondary,Basic,Clerical/service,Manual skilled,109.3,1,0,0,1,0,1,20,0,0,6,6,6,13.833333333333300,0,0,6,6,6,15,0,11.1,0.6,2.02,Graduate
1,1,1,9670,1,1,123,1,Basic,Basic,Low-skilled,Low-skilled,113.9,1,0,1,0,0,0,18,0,0,6,7,4,11.25,0,0,6,9,4,10.857142857142900,0,10.8,1.4,1.74,Not on time
1,1,1,9238,1,1,133,1,Basic,Basic,Low-skilled,Low-skilled,121.8,1,0,0,1,0,1,18,0,0,6,7,5,10.2,0,0,6,9,4,11.25,0,12.4,0.5,1.79,Graduate
1,7,1,9500,1,3,140,1,Secondary,Basic,Low-skilled,Clerical/service,140,0,0,0,1,0,0,30,0,0,8,8,7,15.675714285714300,0,0,8,8,7,15.675714285714300,0,10.8,1.4,1.74,Graduate
1,18,1,9238,1,1,122,1,Basic,Basic,Low-skilled,Manual skilled,114.7,0,0,1,1,0,1,18,0,0,6,9,6,10.833333333333300,0,0,6,8,6,12,0,11.1,0.6,2.02,Graduate
1,1,1,9254,1,1,128,1,Basic,Basic,Manual skilled,Manual skilled,120,1,0,0,1,0,1,20,0,0,6,6,6,14.5,0,0,6,7,5,15,0,12.4,0.5,1.79,Not on time
1,1,1,9238,1,1,108,1,Basic,Basic,Low-skilled,Low-skilled,107.3,0,1,0,1,0,1,19,0,0,6,12,4,10.4,0,0,6,11,4,10.75,0,12.4,0.5,1.79,Not on time
1,17,1,9085,1,1,139,1,Basic,Basic,Clerical/service,High-skilled,136.2,0,0,0,1,0,0,19,0,0,5,7,5,13,1,0,5,7,5,13.333333333333300,0,7.6,2.6,0.32,Graduate
1,1,2,9556,1,1,130,1,Secondary,Basic,High-skilled,Manual skilled,119.5,1,0,0,1,0,1,21,0,0,7,7,7,12.242857142857100,0,0,8,8,8,14.125,0,15.5,2.8,-4.06,Graduate
1,18,1,9853,1,1,133.1,1,Secondary,Basic,Clerical/service,Manual skilled,106,1,0,1,1,0,0,21,0,0,7,7,7,13,0,0,7,8,6,12.5,0,8.9,1.4,3.51,Not on time
1,1,4,9670,1,1,130,1,Secondary,Secondary,Low-skilled,Low-skilled,124.1,1,0,0,1,0,0,18,0,0,6,6,6,14.166666666666700,0,0,6,7,6,13.428571428571400,0,8.9,1.4,3.51,Not on time
1,1,3,9147,1,1,143,1,Secondary,Secondary,Clerical/service,Manual skilled,133.2,1,0,0,1,0,1,18,0,0,5,11,4,14.25,0,0,5,7,4,12.5,0,12.7,3.7,-1.7,Graduate
4,39,1,9085,1,1,110,1,Basic,Basic,Other/unknown,Other/unknown,110,0,0,0,0,0,0,35,0,0,5,14,1,12,2,0,5,11,2,10.5,1,9.4,-0.8,-3.12,Not on time
1,1,6,9500,1,1,120,41,Secondary,Secondary,Low-skilled,Manual skilled,114.8,1,0,0,1,0,0,21,1,0,7,11,4,13.25,0,0,7,9,5,13.82,0,11.1,0.6,2.02,Not on time
1,1,1,9500,1,1,140,1,Basic,Basic,Low-skilled,Manual skilled,130,1,0,0,1,1,1,18,0,0,7,7,6,13.183333333333300,0,0,7,7,6,13.183333333333300,0,7.6,2.6,0.32,Graduate
1,17,5,9070,1,1,125,1,Basic,Secondary,Clerical/service,Clerical/service,122.6,1,0,0,1,1,0,22,0,0,6,6,1,11,0,0,6,6,0,0,0,9.4,-0.8,-3.12,Not on time
1,17,1,9500,1,1,134,1,Basic,Secondary,Low-skilled,Manual skilled,133.5,1,0,0,1,1,1,20,0,0,7,8,7,11.9725,0,0,8,8,8,12.65125,0,15.5,2.8,-4.06,Graduate
2,39,1,9254,1,1,130,1,Basic,Basic,Clerical/service,Manual skilled,120,1,0,0,1,0,0,34,0,0,6,7,5,12.4,0,0,6,8,5,12.8,0,9.4,-0.8,-3.12,Graduate
2,7,1,9147,1,3,120,1,Basic,Basic,Low-skilled,Low-skilled,120,0,0,0,1,0,0,33,0,3,8,9,5,12.6,2,2,7,13,5,11.25,0,10.8,1.4,1.74,Not on time
1,1,3,9500,1,1,142,1,Basic,Basic,Low-skilled,Low-skilled,137.3,1,0,0,1,0,1,22,0,0,7,7,6,13.9,0,0,7,7,6,13.9,0,7.6,2.6,0.32,Graduate
1,17,3,9254,1,1,127,1,Basic,Basic,Low-skilled,Manual skilled,123.5,1,0,0,1,0,1,20,0,0,6,11,4,11.5,0,0,6,12,3,11,0,7.6,2.6,0.32,Not on time
2,39,1,9147,1,1,140,1,Basic,Basic,Manual skilled,Other/unknown,131.8,0,0,0,1,0,0,35,0,0,5,6,4,14.2,0,0,5,10,4,11.857142857142900,0,10.8,1.4,1.74,Not on time
2,39,1,9147,1,1,140,1,Basic,Basic,Clerical/service,Manual skilled,130,1,0,0,0,0,0,39,0,0,5,12,3,10.666666666666700,2,0,5,15,3,10.666666666666700,0,9.4,-0.8,-3.12,Not on time
1,18,6,9500,1,1,142,1,Basic,Basic,Low-skilled,Clerical/service,128,1,0,0,0,0,0,19,0,0,7,14,0,0,0,0,8,0,0,0,0,11.1,0.6,2.02,Not on time
4,39,1,9254,1,1,120,1,Basic,Basic,Low-skilled,Manual skilled,95,0,0,0,1,0,1,36,0,0,6,10,6,11,0,0,6,14,3,11.333333333333300,0,10.8,1.4,1.74,Graduate
1,1,2,9500,1,1,124,1,Basic,Basic,Low-skilled,Low-skilled,116,1,0,0,1,0,1,21,0,0,8,8,7,13.957142857142900,0,0,8,8,7,13.957142857142900,0,12.7,3.7,-1.7,Graduate
1,1,1,9238,1,1,157,1,Higher,Basic,High-skilled,Clerical/service,136.7,1,0,0,1,0,0,22,0,0,6,11,4,12.5,1,0,6,13,3,13.666666666666700,0,9.4,-0.8,-3.12,Not on time
2,39,1,9238,1,1,126.6,1,Basic,Basic,Low-skilled,Manual skilled,107.5,0,0,1,1,0,1,42,0,0,6,8,6,13.333333333333300,0,0,6,7,6,15.285714285714300,0,11.1,0.6,2.02,Graduate
1,39,1,9119,1,1,110,1,Basic,Basic,Other/unknown,Other/unknown,108.4,1,0,0,1,0,0,34,0,0,5,5,0,0,0,0,5,6,0,0,0,10.8,1.4,1.74,Not on time
1,17,1,9773,1,1,144,1,Basic,Basic,Clerical/service,Clerical/service,130.7,1,0,0,1,0,0,20,0,0,6,9,6,11.666666666666700,0,0,6,8,5,11.6,0,7.6,2.6,0.32,Not on time
2,44,1,8014,0,39,160,1,Basic,Basic,Low-skilled,Other/unknown,155.9,0,0,0,1,0,0,33,0,3,6,7,6,15.714285714285700,0,2,6,7,6,15.5,0,13.9,-0.3,0.79,Graduate
1,1,4,9254,1,1,105,1,Secondary,Basic,Low-skilled,Manual skilled,106.1,1,0,0,1,0,0,20,0,0,6,8,5,11,0,0,6,9,5,11.4,0,13.9,-0.3,0.79,Graduate
1,1,2,9670,1,1,130,1,Basic,Basic,Other/unknown,Clerical/service,128.6,1,0,1,1,0,0,19,0,0,5,8,4,12.25,0,0,5,7,4,12.75,2,7.6,2.6,0.32,Graduate
2,43,1,9991,0,3,140,1,Basic,Basic,Low-skilled,Clerical/service,140,0,0,1,1,0,0,34,0,4,10,25,5,12.2,0,3,9,18,8,12.22222222222220,0,16.2,0.3,-0.92,Not on time
1,1,1,9147,1,1,138,1,Basic,Basic,Low-skilled,Manual skilled,145,1,0,0,1,0,0,18,0,0,5,6,5,13,0,0,5,5,5,14,0,7.6,2.6,0.32,Graduate
1,17,1,8014,0,1,120,1,Basic,Basic,Manual skilled,Manual skilled,113,0,0,0,1,0,1,24,0,0,6,11,4,12,0,0,6,7,6,13,0,10.8,1.4,1.74,Graduate
1,1,1,9853,1,1,135,1,Basic,Secondary,Low-skilled,Manual skilled,137.1,1,0,0,1,0,0,18,0,0,6,6,6,13.333333333333300,0,0,6,7,6,12.333333333333300,0,7.6,2.6,0.32,Graduate
1,1,1,9670,1,1,119,1,Basic,Basic,Other/unknown,Manual skilled,119.7,1,0,0,1,0,0,20,0,0,5,6,3,13,0,0,5,7,3,13,1,7.6,2.6,0.32,Not on time
1,17,1,9500,1,1,121,1,Secondary,Secondary,Clerical/service,High-skilled,120.5,1,0,0,1,0,0,21,0,0,8,8,7,12.91,0,0,8,8,7,12.91,0,10.8,1.4,1.74,Graduate
1,1,5,9238,1,1,126,1,Basic,Secondary,Low-skilled,Clerical/service,125.7,1,0,0,1,0,1,19,0,0,6,8,6,11,0,0,6,13,3,11,0,9.4,-0.8,-3.12,Graduate
1,17,4,9500,1,1,132,1,Basic,Basic,Clerical/service,Manual skilled,125.5,0,0,0,1,0,1,19,0,0,7,8,6,13.580000000000000,0,0,8,8,8,12.93625,0,15.5,2.8,-4.06,Graduate
1,1,1,9238,1,1,128,1,Basic,Basic,Clerical/service,Clerical/service,124.5,1,0,0,1,0,1,18,0,0,6,10,4,12.4,0,0,6,8,6,12.5,0,12.4,0.5,1.79,Graduate
4,39,1,8014,0,1,160,1,Basic,Basic,Clerical/service,Clerical/service,126,0,0,0,1,0,1,38,0,4,9,13,8,12.88888888888890,0,2,7,9,7,13,0,13.9,-0.3,0.79,Graduate
1,1,1,171,1,1,125,1,Basic,Basic,Clerical/service,Clerical/service,136.2,1,0,1,1,1,0,21,0,6,12,12,11,11.545454545454500,0,4,11,18,9,11.7,1,8.9,1.4,3.51,Not on time
1,43,1,9147,1,1,127,25,Secondary,Higher,Low-skilled,Other/unknown,124.2,1,0,0,1,1,0,23,1,0,5,6,1,10,0,0,5,5,0,0,0,15.5,2.8,-4.06,Not on time
1,17,5,9500,1,1,147,1,Basic,Secondary,Clerical/service,High-skilled,138.5,1,0,0,1,0,0,19,0,0,8,8,8,14.34125,0,0,8,8,8,14.34125,0,9.4,-0.8,-3.12,Graduate
1,1,2,9773,1,1,130,1,Basic,Basic,Clerical/service,High-skilled,122.3,1,0,1,0,0,0,18,0,0,6,8,6,14.142857142857100,0,0,6,6,5,12,0,13.9,-0.3,0.79,Not on time
1,1,6,171,1,1,134,1,Basic,Basic,Clerical/service,Clerical/service,126,1,0,0,1,0,1,18,0,0,0,0,0,0,0,0,0,0,0,0,0,9.4,-0.8,-3.12,Graduate
1,39,1,9003,1,1,140,1,Basic,Basic,Low-skilled,Manual skilled,135.4,1,0,0,1,0,0,24,0,0,6,10,5,11.8,0,0,6,13,4,11.25,0,12.4,0.5,1.79,Not on time
1,1,1,9773,1,1,151,2,Secondary,Secondary,Clerical/service,Low-skilled,146.5,0,0,0,1,0,1,18,1,0,6,6,6,13.333333333333300,0,0,6,6,6,14.166666666666700,0,12.7,3.7,-1.7,Graduate
1,1,1,9130,1,1,132,1,Higher,Secondary,Clerical/service,Low-skilled,121.9,1,0,0,1,0,0,18,0,0,6,8,6,14.5,0,0,6,9,6,12.857142857142900,0,13.9,-0.3,0.79,Graduate
1,7,1,9991,0,40,130,1,Basic,Basic,Manual skilled,High-skilled,130,0,0,0,1,0,0,26,0,5,10,13,8,12.666666666666700,0,5,10,12,10,13.4,0,11.1,0.6,2.02,Graduate
1,1,1,9147,1,1,126,1,Basic,Basic,Low-skilled,Low-skilled,115.2,0,0,1,1,0,0,19,0,0,5,13,1,10,0,0,5,8,2,10,0,12.4,0.5,1.79,Not on time
1,18,3,9670,1,1,119,1,Basic,Basic,Low-skilled,Low-skilled,115.2,1,0,0,1,0,1,19,0,0,6,10,0,0,0,0,6,6,0,0,0,12.7,3.7,-1.7,Not on time
1,1,1,9254,1,1,123,1,Basic,Basic,Clerical/service,Clerical/service,125.1,0,0,0,1,0,0,19,0,0,6,12,4,11,0,0,6,6,4,12.5,0,16.2,0.3,-0.92,Not on time
1,1,1,9130,1,1,106,1,Basic,Basic,Low-skilled,Low-skilled,108,1,0,1,1,0,0,20,0,0,5,10,2,12,2,0,5,9,4,11,0,9.4,-0.8,-3.12,Not on time
1,1,3,9254,1,1,121,1,Basic,Basic,Low-skilled,Low-skilled,125.9,1,0,0,1,0,0,22,0,0,6,10,4,10,0,0,6,12,2,13.5,0,9.4,-0.8,-3.12,Not on time
1,1,2,9500,1,1,138,1,Basic,Secondary,Clerical/service,Clerical/service,128,1,0,0,1,0,0,19,0,0,7,7,7,14.20857142857140,0,0,8,9,8,15.127777777777800,0,11.1,0.6,2.02,Graduate
1,1,5,9500,1,1,118,1,Higher,Secondary,Clerical/service,Other/unknown,113.5,1,0,0,1,0,0,20,0,0,7,7,7,14.30714285714290,0,0,8,8,8,15.0125,0,12.4,0.5,1.79,Graduate
2,39,1,9147,1,1,120,1,Basic,Basic,Clerical/service,Clerical/service,124.6,0,0,0,1,0,0,36,0,0,5,8,3,11,0,0,5,12,4,13.375,0,10.8,1.4,1.74,Not on time
1,39,1,9853,1,19,133.1,1,Basic,Higher,Low-skilled,Clerical/service,116,1,0,0,1,0,0,29,0,0,7,14,0,0,0,0,6,6,0,0,0,11.1,0.6,2.02,Not on time
1,17,3,9238,1,1,141,1,Higher,Higher,High-skilled,High-skilled,124.9,1,0,0,1,0,0,19,0,0,6,10,6,12,0,0,6,12,4,11,0,12.7,3.7,-1.7,Graduate
5,39,1,9147,1,1,180,1,Secondary,Secondary,Clerical/service,Manual skilled,140.5,0,0,1,0,0,0,24,0,0,5,0,0,0,0,0,5,0,0,0,0,13.9,-0.3,0.79,Not on time
5,39,1,9003,1,1,180,1,Secondary,Secondary,Clerical/service,Manual skilled,179.6,0,0,1,0,0,0,27,0,0,6,6,0,0,0,0,6,7,0,0,0,8.9,1.4,3.51,Not on time
1,17,1,9773,1,1,115,1,Basic,Basic,Low-skilled,Manual skilled,116.1,1,0,0,1,0,1,18,0,0,6,7,6,13.857142857142900,0,0,6,7,6,14.285714285714300,0,13.9,-0.3,0.79,Graduate
1,17,2,171,1,1,142,1,Higher,Secondary,High-skilled,Manual skilled,139.4,1,0,0,1,0,1,18,0,0,0,0,0,0,0,0,0,0,0,0,0,15.5,2.8,-4.06,Graduate
1,17,4,9556,1,1,135,1,Basic,Basic,High-skilled,Manual skilled,129,1,0,0,1,0,0,21,0,0,7,0,0,0,0,0,7,0,0,0,0,12.7,3.7,-1.7,Not on time
2,39,1,9670,1,1,150,1,Basic,Basic,Low-skilled,Clerical/service,135.6,0,0,0,1,0,1,43,0,0,6,8,5,11,0,0,6,9,5,13,0,12.4,0.5,1.79,Graduate
1,43,1,9147,1,1,153,1,Secondary,Basic,Low-skilled,Other/unknown,147.8,0,0,0,1,0,1,18,0,0,5,9,5,13.2,0,0,5,13,5,14.4,5,16.2,0.3,-0.92,Graduate
1,18,1,9085,1,1,153,1,Basic,Basic,Low-skilled,Low-skilled,138,1,0,0,1,0,1,21,0,0,6,7,6,13.5,0,0,6,6,3,15.333333333333300,0,8.9,1.4,3.51,Not on time
1,7,1,9147,1,3,150,1,Secondary,Secondary,High-skilled,Manual skilled,150,0,0,0,1,0,0,26,0,0,5,5,0,0,0,0,5,0,0,0,0,9.4,-0.8,-3.12,Not on time
1,1,6,9500,1,1,144,1,Secondary,Basic,Low-skilled,Clerical/service,130.8,1,0,0,1,0,1,19,0,0,8,8,7,14.214285714285700,0,0,8,8,7,14.214285714285700,0,12.7,3.7,-1.7,Graduate
1,1,1,9085,1,1,130,1,Basic,Basic,Other/unknown,Other/unknown,122.6,0,0,0,1,0,0,18,0,0,5,5,5,13,0,0,5,5,5,12.4,0,7.6,2.6,0.32,Graduate
1,1,1,9773,1,1,125,1,Higher,Higher,High-skilled,High-skilled,119.1,1,0,0,1,0,0,22,0,0,6,13,2,12,0,0,6,14,1,10,0,9.4,-0.8,-3.12,Not on time
1,39,1,9500,1,19,133.1,1,Secondary,Basic,Clerical/service,Other/unknown,111.8,1,0,0,1,0,0,27,0,0,7,0,0,0,0,0,8,0,0,0,0,11.1,0.6,2.02,Not on time
1,1,3,9147,1,1,133,1,Basic,Basic,Low-skilled,Other/unknown,125,1,0,0,1,0,0,18,0,0,5,6,5,12.8,1,0,5,6,5,12.6,0,9.4,-0.8,-3.12,Graduate
1,17,1,9085,1,1,140,1,Basic,Basic,Manual skilled,Low-skilled,129.9,0,0,0,1,0,0,19,0,0,5,11,4,13.6,2,0,5,9,4,12.2,0,9.4,-0.8,-3.12,Graduate
1,17,4,9500,1,1,133,1,Basic,Basic,High-skilled,Other/unknown,131.1,1,0,0,1,0,0,18,0,0,7,7,7,13.971428571428600,0,0,8,8,8,15.75,0,13.9,-0.3,0.79,Graduate
1,1,1,9085,1,1,154,1,Basic,Basic,Clerical/service,Clerical/service,141.4,0,0,0,1,0,1,19,0,0,6,8,6,15,0,0,6,9,6,14.857142857142900,0,11.1,0.6,2.02,Graduate
1,39,1,9085,1,1,133.1,1,Basic,Basic,Low-skilled,Low-skilled,120,0,0,0,0,0,0,32,0,0,6,0,0,0,0,0,6,0,0,0,0,11.1,0.6,2.02,Not on time
1,42,1,9500,1,1,168,1,Basic,Secondary,Low-skilled,Clerical/service,133.4,1,0,0,1,0,0,23,0,20,26,27,26,15.07777777777780,0,14,17,17,17,15.023529411764700,0,15.5,2.8,-4.06,Graduate
1,17,3,9500,1,1,132,1,Basic,Basic,Clerical/service,High-skilled,127.3,1,0,0,1,0,0,20,0,0,7,7,6,13.383333333333300,0,0,7,7,6,13.383333333333300,0,7.6,2.6,0.32,Graduate
1,1,1,171,1,1,133.1,1,Basic,Basic,Clerical/service,Clerical/service,131.8,1,0,1,1,0,0,20,0,6,12,12,12,13.25,0,4,11,16,10,13.090909090909100,0,8.9,1.4,3.51,Graduate
1,17,1,9238,1,1,120,1,Basic,Basic,Clerical/service,Clerical/service,114.8,1,0,1,0,0,0,19,0,0,6,10,5,11.714285714285700,0,0,6,13,2,10.666666666666700,0,16.2,0.3,-0.92,Not on time
1,1,3,9500,1,1,150,1,Basic,Basic,Clerical/service,Clerical/service,132.8,1,0,0,1,0,1,18,0,0,8,8,8,13.01125,0,0,8,8,8,13.01125,0,9.4,-0.8,-3.12,Graduate
1,44,1,9003,1,39,140,1,Basic,Basic,Low-skilled,Clerical/service,140,0,0,0,1,0,0,21,0,0,6,12,3,10.666666666666700,2,0,6,12,4,12,0,15.5,2.8,-4.06,Not on time
1,1,1,9500,1,1,103,1,Secondary,Basic,Low-skilled,Low-skilled,108.3,0,0,0,1,0,1,20,0,0,7,14,0,0,0,0,7,15,0,0,0,11.1,0.6,2.02,Not on time
1,44,1,9085,1,39,150,1,Higher,Basic,High-skilled,Clerical/service,150,1,0,0,1,0,0,22,0,1,6,9,6,13,0,1,6,18,3,12.666666666666700,0,12.4,0.5,1.79,Graduate
1,44,1,9991,0,39,160,1,Basic,Basic,Low-skilled,Low-skilled,160,0,0,0,1,0,0,26,0,0,5,5,5,12,0,0,5,7,5,11.4,0,12.7,3.7,-1.7,Graduate
1,1,1,9070,1,1,131,1,Basic,Basic,High-skilled,High-skilled,131.7,1,0,0,1,0,0,20,0,0,6,6,6,12.166666666666700,0,0,6,7,5,13.8,0,12.7,3.7,-1.7,Graduate
1,1,1,9500,1,1,114,1,Basic,Basic,Clerical/service,High-skilled,112.6,1,0,0,1,0,0,19,0,0,7,10,6,11.85,0,0,8,10,7,13.65,0,16.2,0.3,-0.92,Graduate
1,39,1,9991,0,1,120,1,Basic,Basic,Low-skilled,Low-skilled,111.1,0,0,0,1,0,0,31,0,0,5,8,4,11,0,0,5,6,5,11.2,0,7.6,2.6,0.32,Graduate
1,43,3,9500,1,1,140,1,Secondary,Basic,Low-skilled,Manual skilled,127.5,1,0,1,1,0,1,20,0,0,7,9,7,12.327777777777800,0,0,8,10,8,11.736,0,15.5,2.8,-4.06,Graduate
1,43,1,9085,1,1,130,1,Basic,Basic,Manual skilled,Manual skilled,120.2,1,0,0,1,0,0,20,0,0,5,9,4,12,0,0,5,10,5,13.428571428571400,1,10.8,1.4,1.74,Graduate
1,17,4,9500,1,1,121,1,Basic,Basic,Clerical/service,Clerical/service,118.9,1,0,0,1,0,0,21,0,0,7,7,7,14.428571428571400,0,0,8,9,8,14.511111111111100,0,16.2,0.3,-0.92,Graduate
1,1,4,9500,1,1,130,1,Basic,Basic,Low-skilled,Manual skilled,119.9,1,0,0,1,0,0,18,0,0,7,7,7,13.78,0,0,8,8,8,12.6125,0,12.4,0.5,1.79,Graduate
1,17,2,9500,1,1,141,1,Basic,Secondary,Low-skilled,Clerical/service,127.3,1,0,0,1,0,1,19,0,0,7,7,6,13.8,0,0,7,7,6,13.8,0,7.6,2.6,0.32,Graduate
1,1,1,9853,1,1,131,1,Basic,Basic,High-skilled,Manual skilled,127.9,1,0,0,1,0,1,18,0,0,7,7,7,14.857142857142900,0,0,7,7,7,15.142857142857100,0,13.9,-0.3,0.79,Graduate
4,39,1,9773,1,38,133.1,1,Basic,Basic,Manual skilled,Low-skilled,133,0,0,0,1,0,0,40,0,0,6,8,5,13,0,0,6,7,5,12.6,0,16.2,0.3,-0.92,Not on time
1,17,6,9238,1,1,117,1,Secondary,Basic,Clerical/service,Manual skilled,114.6,0,0,0,1,0,1,18,0,0,6,7,6,12.142857142857100,0,0,6,6,6,13.333333333333300,0,13.9,-0.3,0.79,Graduate
1,1,2,9085,1,1,151,1,Higher,Higher,High-skilled,High-skilled,144.5,1,0,0,1,0,0,18,0,0,6,7,6,15.666666666666700,0,0,6,6,6,14.833333333333300,0,8.9,1.4,3.51,Graduate
1,17,1,9500,1,1,131,1,Secondary,Basic,Clerical/service,High-skilled,125.4,1,0,0,1,0,0,19,0,0,7,13,5,12.5,0,0,8,14,7,12.166666666666700,0,15.5,2.8,-4.06,Graduate
1,17,1,9238,1,1,145,1,Basic,Basic,Low-skilled,Manual skilled,145,0,0,0,1,0,1,19,0,0,6,7,6,12.833333333333300,0,0,6,6,6,13.166666666666700,0,12.4,0.5,1.79,Graduate
1,39,1,9003,1,1,135,1,Basic,Basic,Low-skilled,Manual skilled,138.1,0,0,1,0,0,0,28,0,0,6,6,0,0,0,0,6,7,0,0,0,8.9,1.4,3.51,Not on time
1,17,1,9070,1,1,119,1,Basic,Basic,Low-skilled,Manual skilled,124.6,1,0,0,1,0,0,20,0,0,6,6,6,12.5,0,0,6,6,6,12.666666666666700,0,7.6,2.6,0.32,Graduate
1,1,2,9773,1,1,122,1,Basic,Basic,Low-skilled,Low-skilled,130.8,1,0,0,1,0,0,18,0,0,6,14,4,11.25,0,0,6,9,5,13,0,9.4,-0.8,-3.12,Graduate
1,1,2,9500,1,1,155,1,Secondary,Secondary,Clerical/service,High-skilled,140.5,1,0,0,1,0,0,18,0,0,7,7,6,15.25,0,0,7,7,6,15.25,0,7.6,2.6,0.32,Graduate
1,1,1,9085,1,1,123,1,Basic,Basic,Low-skilled,Low-skilled,124.1,1,0,0,1,0,1,20,0,0,5,13,5,14,2,0,5,10,3,12,1,9.4,-0.8,-3.12,Graduate
1,43,1,9238,1,1,130,1,Basic,Basic,Low-skilled,Clerical/service,118.4,0,0,1,1,0,0,28,0,15,16,16,13,12.076923076923100,0,13,13,13,11,12.090909090909100,0,16.2,0.3,-0.92,Graduate
1,15,1,9853,1,1,133.1,41,Higher,Secondary,Clerical/service,High-skilled,128.2,0,0,0,1,0,0,23,1,11,16,17,16,14.625,0,6,10,12,9,14.88888888888890,0,8.9,1.4,3.51,Graduate
1,1,1,9853,1,1,114,1,Basic,Basic,Clerical/service,Clerical/service,109.5,1,0,0,1,0,0,19,0,0,7,10,4,10.5,0,0,7,7,2,10.5,0,16.2,0.3,-0.92,Not on time
1,17,1,9238,1,1,137,1,Basic,Basic,Clerical/service,Manual skilled,131.1,1,0,0,1,0,1,18,0,0,6,8,6,12.833333333333300,0,0,6,6,6,12.166666666666700,0,8.9,1.4,3.51,Graduate
1,1,3,9773,1,1,161,22,Basic,Basic,Low-skilled,Low-skilled,137.9,0,0,1,0,0,1,20,1,0,6,6,6,12.5,0,0,6,7,5,11.8,0,10.8,1.4,1.74,Graduate
1,1,1,171,1,1,133.1,1,Higher,Secondary,High-skilled,Clerical/service,128.2,1,0,0,1,0,0,20,0,5,12,13,12,11.23076923076920,0,3,11,18,9,12.77777777777780,0,11.1,0.6,2.02,Graduate
2,39,1,9991,0,1,133.1,1,Basic,Basic,Low-skilled,Low-skilled,126.5,0,0,0,1,0,0,27,0,0,5,5,2,10.5,0,0,5,5,0,0,0,7.6,2.6,0.32,Not on time
1,1,1,9853,1,1,128,1,Secondary,Secondary,Low-skilled,Low-skilled,120,1,0,0,1,0,0,18,0,0,6,11,3,12,0,0,6,13,2,12,0,12.7,3.7,-1.7,Not on time
4,39,2,9556,1,19,133.1,1,Basic,Basic,Clerical/service,Manual skilled,123,0,0,0,1,0,1,37,0,0,7,10,7,10.985714285714300,0,0,8,11,8,12.3,0,10.8,1.4,1.74,Graduate
4,7,1,9500,1,40,130,1,Basic,Basic,Clerical/service,Manual skilled,130,0,0,0,0,0,0,42,0,2,7,10,5,12.62,0,3,7,11,3,14.166666666666700,0,12.4,0.5,1.79,Not on time
1,17,6,9500,1,1,147,1,Secondary,Basic,Clerical/service,Manual skilled,141.1,1,0,0,1,0,0,20,0,0,7,9,6,13,0,0,8,8,8,14.2125,0,13.9,-0.3,0.79,Not on time
2,39,1,9119,1,1,140,1,Unknown,Unknown,Low-skilled,Low-skilled,140,0,0,0,0,1,0,34,0,0,5,5,0,0,0,0,5,5,0,0,0,15.5,2.8,-4.06,Not on time
1,42,1,9119,1,1,140,1,Higher,Higher,High-skilled,High-skilled,133.6,1,0,0,1,1,0,22,0,0,5,0,0,0,0,0,5,0,0,0,0,10.8,1.4,1.74,Not on time
2,39,2,9254,1,19,133.1,1,Basic,Basic,Low-skilled,Clerical/service,123.5,0,0,0,1,1,0,39,0,0,6,6,6,13.5,0,0,6,6,6,13.333333333333300,0,12.4,0.5,1.79,Graduate
1,1,1,9500,1,1,141,1,Basic,Basic,Low-skilled,Low-skilled,136.3,1,0,0,1,1,1,18,0,0,7,7,6,13.516666666666700,0,0,7,7,6,13.516666666666700,0,7.6,2.6,0.32,Graduate
1,1,2,9070,1,1,128,1,Basic,Basic,Low-skilled,Low-skilled,123.5,1,0,0,1,1,1,21,0,0,6,6,6,13.166666666666700,0,0,6,8,6,13.285714285714300,0,8.9,1.4,3.51,Graduate
2,39,1,9085,1,1,150,1,Basic,Basic,Other/unknown,Other/unknown,112,0,0,0,1,1,0,34,0,0,6,0,0,0,0,0,6,0,0,0,0,10.8,1.4,1.74,Not on time
1,44,1,9003,1,39,160,1,Basic,Basic,Low-skilled,Low-skilled,160,0,0,0,1,1,1,22,0,0,6,8,6,13.125,0,0,6,10,6,13,0,16.2,0.3,-0.92,Graduate
1,39,1,9003,1,1,133.1,1,Secondary,Basic,Clerical/service,Manual skilled,110,0,0,0,1,1,0,31,0,0,6,15,3,14.4,0,0,6,20,0,0,0,16.2,0.3,-0.92,Not on time
1,18,3,9853,1,1,128,1,Basic,Basic,Clerical/service,Low-skilled,116.8,1,0,0,0,1,0,19,0,0,6,10,4,12,0,0,6,12,0,0,0,10.8,1.4,1.74,Not on time
1,17,5,9254,1,1,114,1,Basic,Secondary,Clerical/service,Low-skilled,109.5,0,0,0,1,1,0,19,0,0,5,5,0,0,0,0,5,10,0,0,0,10.8,1.4,1.74,Not on time
1,39,1,9556,1,19,133.1,1,Basic,Basic,Low-skilled,Other/unknown,100,0,0,0,1,1,0,31,0,0,7,7,0,0,0,0,7,7,0,0,0,15.5,2.8,-4.06,Not on time
1,5,1,9147,1,1,126,1,Basic,Basic,Clerical/service,Manual skilled,117.3,1,0,0,1,0,0,19,0,0,5,15,3,10.8,0,0,5,6,3,10.5,0,13.9,-0.3,0.79,Not on time
2,39,2,9670,1,1,133.1,41,Basic,Basic,Low-skilled,Low-skilled,130,0,0,0,1,0,0,30,1,0,6,0,0,0,0,0,6,0,0,0,0,9.4,-0.8,-3.12,Not on time
1,51,1,9500,1,1,129,1,Basic,Basic,High-skilled,High-skilled,137.8,1,0,0,1,0,1,20,0,2,7,7,7,16.13142857142860,0,0,8,9,8,15.52222222222220,0,11.1,0.6,2.02,Graduate
1,17,1,9500,1,1,140,1,Basic,Basic,Manual skilled,Manual skilled,136.5,1,0,0,1,0,1,18,0,0,7,7,7,14.838571428571400,0,0,8,9,8,14.8,0,12.4,0.5,1.79,Graduate
4,39,1,9991,0,1,133.1,1,Basic,Basic,Clerical/service,Clerical/service,138.7,0,0,0,1,0,0,31,0,0,5,7,3,10.333333333333300,0,0,5,6,3,12,0,10.8,1.4,1.74,Not on time
1,17,1,9254,1,1,134,1,Basic,Secondary,Low-skilled,Clerical/service,124.9,1,0,0,1,0,0,19,0,0,6,11,3,12,0,0,6,11,4,11.25,0,7.6,2.6,0.32,Not on time
4,39,1,8014,0,1,133.1,1,Basic,Basic,Low-skilled,Manual skilled,140,0,0,0,1,0,1,43,0,0,6,6,0,0,0,0,5,5,0,0,0,8.9,1.4,3.51,Not on time
1,17,2,9254,1,1,132,1,Basic,Basic,Low-skilled,Manual skilled,122.6,1,0,0,1,0,1,20,0,0,6,6,6,13.166666666666700,0,0,6,6,6,14,0,13.9,-0.3,0.79,Graduate
1,1,2,9500,1,1,131,1,Secondary,Secondary,Clerical/service,Low-skilled,129.5,1,0,0,1,0,1,19,0,0,8,8,8,13.9475,0,0,8,8,8,13.9475,0,9.4,-0.8,-3.12,Graduate
1,1,1,9670,1,1,133.1,1,Higher,Secondary,High-skilled,Manual skilled,155,0,0,0,1,0,0,22,0,0,5,6,3,11.333333333333300,0,0,5,5,0,0,0,9.4,-0.8,-3.12,Not on time
1,1,1,8014,0,1,133.1,1,Higher,Secondary,High-skilled,Manual skilled,100,0,0,0,1,0,0,26,0,2,8,11,7,12.75,0,2,7,7,7,12.285714285714300,0,16.2,0.3,-0.92,Graduate
1,18,1,9147,1,1,160,1,Basic,Basic,Clerical/service,Manual skilled,137.6,1,0,0,1,0,1,19,0,0,5,6,5,12.6,0,0,5,8,5,11.25,0,10.8,1.4,1.74,Graduate
1,7,1,9500,1,3,120,1,Basic,Higher,Clerical/service,High-skilled,120,1,0,0,1,0,0,29,0,0,8,8,6,12.25,1,0,8,8,6,12.25,1,12.7,3.7,-1.7,Not on time
1,15,1,9556,1,1,114,26,Higher,Basic,High-skilled,Clerical/service,114,0,0,0,1,0,0,20,1,0,7,14,0,0,6,0,7,12,2,11.666666666666700,0,8.9,1.4,3.51,Not on time
4,1,1,9991,0,1,140,1,Basic,Basic,Low-skilled,Manual skilled,139,0,0,0,1,0,1,38,0,0,5,8,5,11,0,0,5,7,5,11.4,0,9.4,-0.8,-3.12,Not on time
1,39,1,9003,1,1,100,1,Basic,Basic,Low-skilled,Clerical/service,110,0,0,0,1,0,0,41,0,8,12,17,12,11.833333333333300,0,3,12,22,9,12.7,0,15.5,2.8,-4.06,Graduate
1,1,6,9500,1,1,139,1,Basic,Basic,Clerical/service,Low-skilled,128.5,1,0,0,1,0,0,19,0,0,8,10,6,13.066666666666700,0,0,8,10,6,13.066666666666700,0,12.7,3.7,-1.7,Not on time
1,1,1,9070,1,1,136,1,Secondary,Basic,Clerical/service,Clerical/service,132.2,0,0,1,1,0,0,19,0,0,6,6,6,13.833333333333300,0,0,6,8,6,13.875,0,10.8,1.4,1.74,Graduate
4,7,1,9500,1,3,130,1,Higher,Basic,High-skilled,High-skilled,130,0,0,0,1,0,0,43,0,0,7,7,3,13.833333333333300,1,0,7,7,0,0,0,16.2,0.3,-0.92,Not on time
1,17,1,9130,1,1,145,1,Basic,Basic,Low-skilled,Manual skilled,129.3,1,0,0,1,0,0,19,0,0,5,5,5,11.8,0,0,5,5,5,13.2,0,10.8,1.4,1.74,Graduate
1,1,1,171,1,1,133.1,1,Basic,Basic,Low-skilled,Manual skilled,128.2,1,0,0,1,1,1,19,0,6,12,12,12,13.333333333333300,0,4,11,15,10,12.818181818181800,0,8.9,1.4,3.51,Not on time
1,1,6,9500,1,1,146,1,Higher,Basic,High-skilled,Low-skilled,130.3,1,0,0,1,1,0,18,0,0,8,8,8,13.74625,0,0,8,8,8,13.74625,0,9.4,-0.8,-3.12,Graduate
1,1,1,171,1,1,159,1,Higher,Higher,High-skilled,High-skilled,162.5,1,0,0,1,1,0,19,0,0,0,0,0,0,0,0,0,0,0,0,0,16.2,0.3,-0.92,Not on time
2,39,1,8014,0,19,133.1,1,Unknown,Unknown,Other/unknown,Other/unknown,130,0,0,0,1,1,0,38,0,0,6,0,0,0,0,0,6,0,0,0,0,9.4,-0.8,-3.12,Not on time
2,7,1,9130,1,2,110,1,Basic,Basic,Clerical/service,Manual skilled,110,1,0,0,1,1,0,37,0,0,6,9,0,0,0,0,6,6,0,0,0,16.2,0.3,-0.92,Not on time
1,39,1,9670,1,1,120,1,Secondary,Basic,Clerical/service,Other/unknown,142.3,1,0,0,1,0,1,26,0,0,6,6,6,13.333333333333300,0,0,6,10,5,14.5,0,10.8,1.4,1.74,Graduate
1,17,1,9238,1,1,130,1,Basic,Basic,Low-skilled,Low-skilled,122,1,0,0,1,0,1,21,0,0,6,8,1,10,0,0,6,13,5,11.4,0,12.7,3.7,-1.7,Not on time
1,1,3,9085,1,1,158,1,Secondary,Basic,Low-skilled,Low-skilled,153.6,1,0,0,1,0,1,18,0,0,6,7,6,15.666666666666700,0,0,6,8,6,15.285714285714300,0,8.9,1.4,3.51,Graduate
1,1,1,9853,1,1,122,1,Higher,Basic,High-skilled,High-skilled,112.9,0,0,0,1,0,0,18,0,0,7,9,7,11.857142857142900,0,0,7,7,7,11.857142857142900,0,16.2,0.3,-0.92,Graduate
1,1,1,9085,1,1,140,1,Higher,Secondary,High-skilled,Clerical/service,124.1,0,0,0,1,0,0,18,0,0,5,12,5,14.5,2,0,5,5,5,13.6,0,9.4,-0.8,-3.12,Graduate
1,17,1,9238,1,1,136,1,Basic,Secondary,Low-skilled,Clerical/service,129.7,0,0,0,1,0,0,19,0,0,6,6,6,12.166666666666700,0,0,6,7,6,13.714285714285700,0,15.5,2.8,-4.06,Graduate
1,1,1,9773,1,1,111,1,Basic,Basic,Low-skilled,Low-skilled,110,1,0,0,1,0,0,18,0,0,6,6,5,12.6,0,0,6,8,6,12,0,11.1,0.6,2.02,Graduate
1,17,2,9500,1,1,145,1,Higher,Basic,High-skilled,Manual skilled,136.3,1,0,0,1,0,0,18,0,0,8,12,7,12.285714285714300,0,0,8,12,7,12.285714285714300,0,12.7,3.7,-1.7,Not on time
1,17,1,9238,1,1,133.1,1,Basic,Basic,Low-skilled,Low-skilled,146,0,0,1,1,0,1,19,0,0,6,6,6,12.666666666666700,0,0,6,7,6,13,0,8.9,1.4,3.51,Graduate
1,1,1,9500,1,1,140,1,Basic,Basic,Manual skilled,Manual skilled,129.9,0,0,0,1,0,0,19,0,0,7,0,0,0,0,0,8,0,0,0,0,16.2,0.3,-0.92,Not on time
1,1,1,9254,1,1,140,1,Basic,Secondary,Low-skilled,Manual skilled,140.9,1,0,0,1,0,1,18,0,0,6,7,6,12.857142857142900,0,0,6,10,4,13,0,12.7,3.7,-1.7,Graduate
2,1,1,9500,1,1,156,1,Secondary,Secondary,Low-skilled,Other/unknown,135.5,0,0,0,1,0,0,18,0,0,8,8,7,13.9,0,0,8,8,7,13.9,0,12.7,3.7,-1.7,Graduate
1,1,1,9500,1,1,132,1,Basic,Basic,Low-skilled,Manual skilled,122,1,0,0,1,0,1,20,0,0,8,8,7,13.817142857142900,0,0,8,8,7,13.817142857142900,0,10.8,1.4,1.74,Graduate
1,53,1,9556,1,42,140,1,Secondary,Basic,Clerical/service,Clerical/service,140,0,0,0,1,0,1,22,0,1,7,10,6,13.314285714285700,0,2,8,10,7,12.875,0,8.9,1.4,3.51,Graduate
1,1,1,9130,1,1,164,1,Unknown,Secondary,Other/unknown,Other/unknown,163,0,0,0,1,0,0,18,0,0,6,0,0,0,0,0,6,0,0,0,0,7.6,2.6,0.32,Not on time
1,17,4,9254,1,1,113,1,Basic,Basic,Manual skilled,Manual skilled,107.4,1,0,0,1,0,1,19,0,0,6,6,6,12.166666666666700,0,0,6,6,6,12.166666666666700,0,12.4,0.5,1.79,Graduate
1,1,1,9254,1,1,122,1,Basic,Basic,Low-skilled,Low-skilled,114.3,1,0,0,0,0,1,20,0,0,6,12,4,11.25,0,0,6,12,3,11.333333333333300,0,7.6,2.6,0.32,Not on time
1,43,1,9070,1,1,150,1,Higher,Higher,High-skilled,High-skilled,140.8,0,0,0,1,0,0,19,0,1,6,6,5,12.4,0,0,6,8,6,12.75,0,10.8,1.4,1.74,Not on time
1,1,2,9773,1,1,135,1,Basic,Basic,Clerical/service,Clerical/service,126.3,1,1,0,1,0,1,20,0,0,6,6,6,14.666666666666700,0,0,6,7,6,14.571428571428600,0,8.9,1.4,3.51,Graduate
1,39,1,9085,1,1,133.1,1,Higher,Basic,High-skilled,Low-skilled,110,0,0,0,1,0,0,28,0,0,6,15,4,12,0,0,6,14,4,12,0,11.1,0.6,2.02,Not on time
1,1,2,9085,1,1,122,1,Secondary,Secondary,Low-skilled,Other/unknown,126.2,0,0,0,1,0,0,19,0,0,6,8,6,14,0,0,6,18,3,12.666666666666700,0,12.4,0.5,1.79,Graduate
1,42,1,9003,1,39,140,1,Basic,Secondary,Clerical/service,Clerical/service,140,0,0,0,1,0,0,22,0,0,6,10,6,12.571428571428600,0,0,6,12,4,13.666666666666700,0,15.5,2.8,-4.06,Not on time
1,1,1,9085,1,1,138,1,Secondary,Higher,Low-skilled,High-skilled,123,1,0,0,1,0,0,19,0,1,6,14,6,15.538461538461500,0,0,6,9,6,12.625,0,15.5,2.8,-4.06,Graduate
1,1,3,9773,1,1,130,1,Basic,Basic,Clerical/service,Clerical/service,157,1,0,0,0,0,0,18,0,0,6,0,0,0,0,0,6,0,0,0,0,13.9,-0.3,0.79,Not on time
1,5,1,9130,1,1,157,1,Higher,Higher,High-skilled,High-skilled,149.7,1,0,0,1,0,0,18,0,0,6,6,6,15,0,0,6,6,6,14.833333333333300,0,8.9,1.4,3.51,Graduate
1,43,1,9130,1,1,140,1,Higher,Secondary,High-skilled,High-skilled,140,1,0,0,1,0,0,22,0,0,5,11,4,12.25,0,0,5,9,5,13.285714285714300,0,12.7,3.7,-1.7,Graduate
1,53,1,9085,1,42,170,1,Secondary,Basic,Clerical/service,Manual skilled,170,0,0,0,1,0,0,20,0,7,11,13,11,15.692307692307700,0,4,9,9,9,15.555555555555600,0,8.9,1.4,3.51,Graduate
1,39,1,9991,0,1,150,1,Secondary,Basic,Low-skilled,Manual skilled,130.2,0,0,0,1,0,1,24,0,0,5,7,5,12.285714285714300,0,0,5,9,5,12.75,1,16.2,0.3,-0.92,Graduate
1,17,1,171,1,1,146,1,Secondary,Basic,Low-skilled,Low-skilled,135.5,1,0,1,1,0,0,22,0,12,17,19,12,11.833333333333300,0,10,17,22,11,11.25,0,11.1,0.6,2.02,Not on time
1,43,1,8014,0,1,120,1,Basic,Basic,Clerical/service,Clerical/service,118.3,0,0,0,1,0,0,20,0,2,6,6,6,12.166666666666700,0,0,6,7,5,14,0,12.7,3.7,-1.7,Not on time
1,1,1,9556,1,1,118,1,Basic,Basic,Low-skilled,Low-skilled,116.3,1,0,0,1,0,1,20,0,0,7,10,7,11.88888888888890,0,0,8,10,8,11.95625,0,12.7,3.7,-1.7,Graduate
2,7,1,8014,0,3,120,1,Basic,Secondary,Low-skilled,Low-skilled,120,0,0,0,0,0,0,35,0,0,6,0,0,0,0,0,6,0,0,0,0,10.8,1.4,1.74,Not on time
1,1,1,9670,1,1,154,1,Secondary,Secondary,Clerical/service,Manual skilled,154.7,0,0,0,1,0,1,18,0,0,5,6,5,11.8,0,0,5,5,5,12.6,0,9.4,-0.8,-3.12,Graduate
1,17,2,9238,1,1,139,1,Higher,Higher,High-skilled,High-skilled,132.7,1,0,0,1,0,0,19,0,0,6,7,6,11.166666666666700,0,0,6,9,6,11.666666666666700,0,9.4,-0.8,-3.12,Graduate
1,18,1,9500,1,1,136,1,Higher,Higher,High-skilled,High-skilled,130.8,0,0,0,1,0,0,18,0,0,7,7,7,14.05714285714290,0,0,8,9,8,14.6,0,16.2,0.3,-0.92,Graduate
1,1,2,9254,1,1,130,1,Secondary,Basic,Clerical/service,Low-skilled,122.7,1,0,0,1,0,0,18,0,0,6,10,4,11.75,0,0,6,13,4,10,0,7.6,2.6,0.32,Not on time
2,39,1,9238,1,19,133.1,1,Secondary,Higher,Clerical/service,Manual skilled,130,0,0,0,1,0,0,31,0,0,6,6,6,13.166666666666700,0,0,6,8,6,13,0,9.4,-0.8,-3.12,Not on time
1,17,1,9238,1,1,133,1,Basic,Basic,Clerical/service,Manual skilled,123.6,0,0,0,1,0,1,19,0,0,6,7,6,13.5,0,0,6,7,6,14,0,15.5,2.8,-4.06,Graduate
1,18,1,9500,1,1,143,1,Basic,Basic,Clerical/service,Low-skilled,116.5,1,0,0,1,0,1,20,0,0,7,10,7,12.625,0,0,8,8,8,13.0625,0,15.5,2.8,-4.06,Graduate
1,17,3,9085,1,1,117,1,Basic,Basic,Clerical/service,Manual skilled,111.1,0,0,0,1,0,0,21,0,0,6,0,0,0,0,0,6,0,0,0,0,15.5,2.8,-4.06,Not on time
1,1,3,9500,1,1,145,1,Basic,Basic,Low-skilled,Manual skilled,136.3,1,0,0,1,0,1,18,0,0,8,8,7,13.971428571428600,0,0,8,8,7,13.971428571428600,0,12.7,3.7,-1.7,Graduate
1,1,5,9070,1,1,134,1,Unknown,Secondary,Clerical/service,Manual skilled,129.8,1,0,0,1,0,0,18,0,0,6,7,2,11,0,0,6,0,0,0,0,9.4,-0.8,-3.12,Not on time
2,39,1,9991,0,1,170,1,Basic,Basic,Clerical/service,Manual skilled,134.7,0,0,0,1,0,0,33,0,0,5,5,5,12.8,0,0,5,6,5,15.333333333333300,0,10.8,1.4,1.74,Graduate
1,1,2,9670,1,1,143,1,Basic,Basic,Low-skilled,Manual skilled,131.8,1,0,0,1,0,1,18,0,0,6,8,6,13.571428571428600,0,0,6,6,5,12.8,0,12.4,0.5,1.79,Not on time
1,1,1,171,1,1,140,1,Basic,Basic,Manual skilled,Low-skilled,126.8,1,0,0,0,0,1,18,0,0,0,0,0,0,0,0,0,0,0,0,0,12.7,3.7,-1.7,Not on time
1,1,1,9085,1,1,131,1,Basic,Basic,Low-skilled,Manual skilled,130.7,0,0,1,1,0,0,21,0,0,5,9,2,11.5,0,0,5,13,4,11,1,10.8,1.4,1.74,Not on time
1,17,3,9254,1,1,115,1,Basic,Basic,Clerical/service,Clerical/service,109.8,1,0,0,1,0,0,19,0,0,6,8,4,11.25,0,0,6,8,4,12,0,10.8,1.4,1.74,Not on time
1,7,1,9991,0,3,130,1,Higher,Basic,High-skilled,High-skilled,133.9,0,0,0,1,0,0,28,0,0,5,7,5,13.714285714285700,0,0,5,7,5,13.142857142857100,0,16.2,0.3,-0.92,Graduate
2,39,1,9147,1,1,130,1,Secondary,Basic,Low-skilled,Low-skilled,109.9,0,0,0,0,0,0,29,0,0,4,4,0,0,0,0,5,0,0,0,0,12.7,3.7,-1.7,Not on time
1,44,1,9130,1,39,160,1,Secondary,Basic,High-skilled,High-skilled,160,1,0,1,0,0,0,36,0,2,6,9,6,12,0,1,6,8,3,14.666666666666700,0,12.4,0.5,1.79,Not on time
1,39,1,8014,0,19,133.1,1,Basic,Basic,Low-skilled,Manual skilled,106.5,0,0,0,1,0,1,32,0,0,6,7,6,12.666666666666700,0,0,6,7,6,13.333333333333300,0,12.7,3.7,-1.7,Graduate
1,39,1,9500,1,1,130,1,Basic,Basic,Clerical/service,Manual skilled,120,1,0,0,1,0,1,25,0,0,8,11,7,13.29,3,0,8,11,7,13.29,3,9.4,-0.8,-3.12,Not on time
2,43,1,9991,0,1,140,1,Basic,Basic,High-skilled,Other/unknown,107.8,0,0,0,1,0,0,33,0,8,10,15,8,10.375,0,7,10,13,9,10.444444444444400,0,7.6,2.6,0.32,Not on time
2,43,1,8014,0,14,133.1,1,Unknown,Unknown,Other/unknown,Other/unknown,100,0,0,0,0,0,0,34,0,3,7,13,3,12,0,2,7,15,1,13,1,9.4,-0.8,-3.12,Not on time
2,39,1,8014,0,1,150,1,Unknown,Unknown,Other/unknown,Other/unknown,112.5,0,0,0,1,0,0,33,0,0,6,10,5,11.4,0,1,6,7,6,11.166666666666700,0,7.6,2.6,0.32,Graduate
1,43,1,9991,0,1,140,1,Basic,Basic,Low-skilled,Manual skilled,135.5,0,0,1,0,0,0,29,0,0,5,15,2,13.25,0,0,5,12,3,12.6,3,16.2,0.3,-0.92,Not on time
1,1,1,9500,1,1,145,1,Secondary,Secondary,Clerical/service,Other/unknown,145,0,0,0,1,0,0,18,0,0,7,7,6,13.861666666666700,0,0,8,16,0,0,1,12.4,0.5,1.79,Not on time
1,1,1,9773,1,1,126,1,Basic,Basic,Manual skilled,Manual skilled,119,0,0,0,1,0,1,18,0,0,6,6,6,12.166666666666700,0,0,6,7,6,12.142857142857100,0,15.5,2.8,-4.06,Graduate
2,7,1,9238,1,3,130,1,Basic,Basic,Clerical/service,Clerical/service,130,0,0,0,1,0,0,38,0,0,6,17,4,13.75,0,0,6,15,6,14.5,0,16.2,0.3,-0.92,Graduate
1,1,4,9500,1,1,135,1,Basic,Basic,Low-skilled,Manual skilled,126.3,1,0,0,1,0,1,19,0,0,7,7,6,15.433333333333300,0,0,7,7,6,15.433333333333300,0,7.6,2.6,0.32,Graduate
4,39,1,8014,0,19,133.1,1,Basic,Basic,Low-skilled,Low-skilled,113.5,0,0,0,1,0,1,39,0,0,6,6,6,13.833333333333300,0,0,6,6,6,15.5,0,11.1,0.6,2.02,Graduate
1,43,1,9991,0,3,120,1,Basic,Basic,Low-skilled,Low-skilled,120,0,0,0,1,0,0,37,0,7,14,21,12,11.833333333333300,0,11,12,15,11,11.363636363636400,0,12.7,3.7,-1.7,Graduate
1,17,2,9556,1,1,120,1,Basic,Basic,Clerical/service,Clerical/service,111.3,1,0,0,1,0,0,32,0,0,7,7,0,0,0,0,8,8,0,0,0,16.2,0.3,-0.92,Not on time
1,18,1,9238,1,1,147,1,Basic,Unknown,Clerical/service,Other/unknown,130.2,0,0,0,1,0,0,18,0,0,1,1,0,0,1,0,6,0,0,0,0,10.8,1.4,1.74,Not on time
1,43,1,9556,1,1,149,1,Secondary,Secondary,Clerical/service,Manual skilled,140.2,1,1,0,1,0,0,20,0,1,7,9,7,12.333333333333300,0,0,8,8,8,12.625,0,12.7,3.7,-1.7,Not on time
1,1,5,9070,1,1,124,1,Basic,Basic,Low-skilled,Low-skilled,113.9,1,0,0,1,0,0,20,0,0,6,6,6,11.166666666666700,0,0,6,6,6,12.166666666666700,0,7.6,2.6,0.32,Graduate
1,17,1,9085,1,1,133.1,1,Basic,Basic,Low-skilled,Low-skilled,99,1,0,0,1,0,1,23,0,0,6,6,6,14.666666666666700,0,0,6,8,6,12.428571428571400,0,8.9,1.4,3.51,Graduate
1,1,2,9147,1,1,125,1,Secondary,Basic,Clerical/service,Low-skilled,124,1,0,0,1,0,0,19,0,0,5,5,5,11.2,0,0,5,11,4,11.75,0,10.8,1.4,1.74,Not on time
1,1,1,9238,1,1,141,1,Basic,Basic,Low-skilled,Other/unknown,138.9,0,0,0,1,0,0,18,0,0,6,9,6,13.714285714285700,0,0,6,6,6,14.166666666666700,0,13.9,-0.3,0.79,Graduate
1,1,1,9147,1,1,131,1,Basic,Basic,Low-skilled,Low-skilled,130,1,0,0,1,1,0,19,0,0,5,5,5,12.8,0,0,5,10,5,11.444444444444400,0,10.8,1.4,1.74,Graduate
1,17,4,9773,1,1,118,1,Secondary,Basic,Clerical/service,Manual skilled,120.8,1,0,0,1,0,0,20,0,0,6,9,4,13.25,0,0,6,11,5,11.8,0,12.4,0.5,1.79,Graduate
1,1,6,9500,1,1,129,1,Basic,Basic,Low-skilled,Manual skilled,127.8,1,0,0,1,0,0,19,0,0,8,10,6,13.78,1,0,8,10,6,13.78,1,9.4,-0.8,-3.12,Not on time
1,17,3,9500,1,1,136,1,Basic,Basic,Clerical/service,Clerical/service,126,1,0,0,1,0,0,19,0,0,8,8,7,15.11,0,0,8,8,7,15.11,0,10.8,1.4,1.74,Graduate
1,1,2,9238,1,1,134,1,Secondary,Basic,Clerical/service,Clerical/service,126,0,0,0,1,0,0,18,0,0,6,10,4,11,0,0,6,8,5,11.2,0,10.8,1.4,1.74,Graduate
1,1,1,9500,1,1,153,1,Basic,Basic,Low-skilled,Clerical/service,138.5,1,0,0,1,0,1,20,0,0,8,8,7,15.798571428571400,0,0,8,8,7,15.798571428571400,0,10.8,1.4,1.74,Graduate
1,1,3,9500,1,1,119,1,Basic,Basic,Low-skilled,Low-skilled,119.4,1,0,0,1,0,0,20,0,0,7,7,7,13.775714285714300,0,0,8,8,8,15.600000000000000,0,12.4,0.5,1.79,Graduate
4,39,1,9500,1,1,140,1,Basic,Basic,Manual skilled,Manual skilled,101.5,1,0,0,1,0,0,24,0,0,8,11,7,12.16,0,0,8,11,7,12.16,0,10.8,1.4,1.74,Graduate
4,39,2,9556,1,1,133.1,1,Basic,Basic,Manual skilled,Manual skilled,101.5,1,0,0,1,0,0,24,0,0,7,0,0,0,0,0,7,0,0,0,0,10.8,1.4,1.74,Not on time
1,17,2,9773,1,1,130,1,Higher,Secondary,High-skilled,Manual skilled,126.2,1,0,0,1,0,0,20,0,0,6,6,6,14.333333333333300,0,0,6,6,6,15.5,0,12.4,0.5,1.79,Graduate
1,1,3,9070,1,1,128,1,Basic,Basic,High-skilled,High-skilled,129.8,1,0,0,1,0,0,20,0,0,6,6,6,11.833333333333300,0,0,6,6,3,13.333333333333300,0,9.4,-0.8,-3.12,Not on time
1,1,1,9085,1,1,145,1,Basic,Basic,High-skilled,Low-skilled,138.4,1,0,0,0,0,0,18,0,0,6,7,6,14.833333333333300,0,0,6,8,6,12.5,0,8.9,1.4,3.51,Not on time
1,1,1,9500,1,1,146,1,Secondary,Basic,Low-skilled,Low-skilled,129.3,0,0,0,1,0,0,18,0,0,8,8,7,14.2,0,0,8,8,7,14.2,0,12.7,3.7,-1.7,Graduate
1,1,1,9085,1,1,119,1,Higher,Secondary,Clerical/service,High-skilled,113.1,1,0,0,1,0,0,21,0,0,5,6,5,12.2,0,0,5,5,5,13.2,0,10.8,1.4,1.74,Graduate
1,17,1,9853,1,1,160,1,Secondary,Basic,Clerical/service,Other/unknown,144.3,1,0,0,1,0,0,18,0,0,6,10,4,13,0,0,6,9,5,13.666666666666700,0,9.4,-0.8,-3.12,Graduate
1,17,5,9500,1,1,144,1,Basic,Secondary,Clerical/service,High-skilled,141,1,0,0,1,0,1,19,0,0,8,8,7,12.485714285714300,0,0,8,8,7,12.485714285714300,0,12.7,3.7,-1.7,Graduate
1,7,1,9085,1,40,130,1,Secondary,Secondary,Clerical/service,Clerical/service,130,1,0,0,1,0,0,22,0,0,6,7,6,17,0,0,6,7,6,16.285714285714300,0,11.1,0.6,2.02,Graduate
1,17,3,9238,1,1,122,1,Basic,Basic,Manual skilled,Manual skilled,117.5,1,0,0,1,0,0,19,0,0,6,7,5,10.8,0,0,6,9,6,10.166666666666700,0,8.9,1.4,3.51,Graduate
1,1,3,9500,1,1,153,6,Basic,Basic,Low-skilled,Low-skilled,131.8,1,0,0,1,0,0,18,1,0,7,7,6,14.716666666666700,0,0,7,7,6,14.716666666666700,0,7.6,2.6,0.32,Graduate
1,1,1,9085,1,1,147,1,Basic,Basic,Low-skilled,Clerical/service,133.7,1,0,0,1,0,1,19,0,0,5,10,2,13.5,0,0,5,11,5,11.4,1,10.8,1.4,1.74,Not on time
1,43,1,9500,1,1,121,1,Basic,Basic,Clerical/service,Clerical/service,115.4,1,0,0,1,0,1,24,0,0,8,8,7,11.971428571428600,0,0,8,8,7,11.971428571428600,0,12.7,3.7,-1.7,Not on time
1,1,3,9085,1,1,134,1,Basic,Basic,Low-skilled,Clerical/service,129.1,0,0,0,1,0,0,19,0,0,5,7,3,12,0,0,5,7,4,13.5,0,7.6,2.6,0.32,Not on time
1,1,1,8014,0,1,133,1,Basic,Basic,Clerical/service,High-skilled,135.5,0,0,0,1,0,0,34,0,0,6,7,6,12.333333333333300,0,0,6,6,6,11.666666666666700,0,10.8,1.4,1.74,Graduate
1,17,5,9085,1,1,118,1,Basic,Basic,Low-skilled,Low-skilled,112.4,1,0,0,1,0,0,19,0,0,12,22,6,15.307692307692300,0,0,10,13,6,13.875,0,15.5,2.8,-4.06,Graduate
1,1,1,9500,1,1,137,1,Basic,Basic,Manual skilled,Low-skilled,130.8,1,0,0,1,0,1,18,0,0,7,7,6,12.666666666666700,0,0,7,7,6,12.666666666666700,0,7.6,2.6,0.32,Graduate
1,1,5,9500,1,1,143,1,Basic,Basic,Low-skilled,Clerical/service,131.6,1,0,0,1,0,1,19,0,0,7,10,7,14.368,0,0,8,8,8,14.44875,0,15.5,2.8,-4.06,Graduate
1,39,1,9500,1,1,123,1,Basic,Secondary,High-skilled,High-skilled,140.8,0,0,0,1,0,0,25,0,0,8,8,7,12.084285714285700,0,0,8,8,7,12.084285714285700,0,10.8,1.4,1.74,Graduate
1,44,1,9085,1,39,140,1,Higher,Basic,High-skilled,Low-skilled,140,1,0,0,1,0,0,21,0,7,12,18,8,12.25,0,4,12,27,8,12.2,0,12.4,0.5,1.79,Not on time
1,1,1,9254,1,1,118,1,Basic,Basic,Manual skilled,Manual skilled,114.2,0,0,0,1,0,0,18,0,0,6,10,5,12.2,0,0,6,10,5,11.6,0,16.2,0.3,-0.92,Not on time
1,1,1,9238,1,1,142,1,Unknown,Basic,Clerical/service,Manual skilled,127.3,0,0,0,1,0,1,18,0,0,6,12,4,11,0,0,6,9,6,11.5,0,9.4,-0.8,-3.12,Graduate
1,1,1,8014,0,1,115,1,Basic,Basic,Low-skilled,Manual skilled,115,1,0,0,1,0,0,28,0,0,6,8,5,12.8,0,0,6,8,5,11,0,9.4,-0.8,-3.12,Graduate
5,43,1,9500,1,1,131,1,Secondary,Basic,Clerical/service,Clerical/service,118.8,0,0,0,1,0,1,18,0,0,8,8,7,11.857142857142900,0,0,8,8,7,11.857142857142900,0,12.7,3.7,-1.7,Graduate
2,39,1,9254,1,1,130,1,Basic,Basic,Low-skilled,Low-skilled,125,0,0,0,1,0,0,41,0,0,6,8,6,12.285714285714300,0,0,6,10,5,13,0,8.9,1.4,3.51,Graduate
1,17,2,9853,1,1,133.1,1,Basic,Basic,Clerical/service,Other/unknown,111.5,0,0,0,1,0,0,18,0,0,6,11,3,12.333333333333300,0,0,6,11,4,13.5,0,7.6,2.6,0.32,Not on time
1,17,1,9238,1,1,134,1,Basic,Basic,Manual skilled,Manual skilled,124.2,0,0,0,1,0,1,21,0,0,6,11,4,11.25,0,0,6,12,4,11.4,0,15.5,2.8,-4.06,Graduate
4,7,1,9238,1,40,130,1,Unknown,Unknown,Other/unknown,Other/unknown,130,0,0,1,1,0,0,41,0,0,6,0,0,0,0,0,6,0,0,0,0,11.1,0.6,2.02,Not on time
1,7,1,9070,1,3,133.1,1,Higher,Higher,High-skilled,High-skilled,120,1,0,0,1,0,0,32,0,0,3,3,2,16,0,0,3,3,1,16,0,7.6,2.6,0.32,Not on time
1,43,1,8014,0,12,114,1,Unknown,Unknown,Other/unknown,Other/unknown,110,0,0,0,1,0,0,29,0,0,6,10,6,11.666666666666700,0,0,6,7,6,11,0,7.6,2.6,0.32,Graduate
1,39,1,9556,1,1,130,1,Basic,Basic,Low-skilled,Manual skilled,113.3,0,0,0,1,0,0,24,0,0,7,15,5,12.4,0,0,8,14,7,12.15,0,12.4,0.5,1.79,Not on time
1,43,1,9556,1,1,128,1,Basic,Basic,Manual skilled,Manual skilled,123.5,1,0,0,1,0,0,22,0,0,7,14,6,10.744444444444400,1,0,8,10,8,11.8375,0,12.7,3.7,-1.7,Not on time
1,1,1,9238,1,1,133.1,1,Basic,Secondary,High-skilled,High-skilled,101,0,0,0,1,0,0,21,0,0,6,0,0,0,0,0,6,0,0,0,0,15.5,2.8,-4.06,Not on time
2,39,1,9500,1,19,133.1,1,Basic,Basic,Low-skilled,Other/unknown,120.9,1,0,0,1,0,0,39,0,0,7,12,4,12,0,0,7,13,4,12.5625,0,11.1,0.6,2.02,Not on time
4,39,1,9085,1,1,140,1,Basic,Basic,Low-skilled,Low-skilled,154.6,0,0,0,0,0,1,44,0,0,6,12,4,12.75,0,0,6,15,2,10,0,8.9,1.4,3.51,Not on time
1,1,1,9147,1,1,117,1,Basic,Basic,Low-skilled,Low-skilled,120.2,1,0,0,1,0,0,20,0,0,5,9,2,10,0,0,5,10,2,11,0,7.6,2.6,0.32,Not on time
1,43,3,9500,1,1,139,1,Basic,Basic,Low-skilled,Manual skilled,146.5,0,0,0,1,0,0,21,0,11,14,26,12,13.417391304347800,1,11,14,26,12,13.417391304347800,1,7.6,2.6,0.32,Graduate
1,1,1,9773,1,1,159,1,Unknown,Basic,Other/unknown,Manual skilled,160.1,1,0,0,1,0,0,18,0,0,6,6,6,15.166666666666700,0,0,6,7,6,14.857142857142900,0,7.6,2.6,0.32,Graduate
1,39,1,9003,1,1,140,1,Basic,Basic,Clerical/service,Clerical/service,150,0,0,1,1,0,0,34,0,0,6,10,5,13.833333333333300,0,0,6,13,5,12.5,0,16.2,0.3,-0.92,Graduate
1,1,3,9085,1,1,140,1,Secondary,Basic,Other/unknown,Other/unknown,135.8,1,0,0,1,0,0,18,0,0,5,6,5,13.333333333333300,0,0,5,7,4,14.8,0,7.6,2.6,0.32,Graduate
1,1,1,171,1,1,135,1,Basic,Higher,Low-skilled,High-skilled,143.8,1,0,1,1,0,0,19,0,0,0,0,0,0,0,0,0,0,0,0,0,12.7,3.7,-1.7,Not on time
1,1,1,9853,1,1,121,1,Basic,Basic,Manual skilled,Manual skilled,116.8,1,0,0,1,0,0,18,0,0,6,11,3,11.666666666666700,0,0,6,11,3,10.666666666666700,0,9.4,-0.8,-3.12,Not on time
1,1,5,9085,1,1,124,1,Higher,Basic,High-skilled,High-skilled,113.9,1,0,0,1,0,0,19,0,0,6,12,5,15,0,0,6,9,6,13.428571428571400,0,16.2,0.3,-0.92,Graduate
1,1,3,9500,1,1,131,1,Basic,Basic,Low-skilled,Low-skilled,118,1,0,0,1,0,1,18,0,0,8,8,7,13.242857142857100,0,0,8,8,7,13.242857142857100,0,12.7,3.7,-1.7,Not on time
1,1,5,9130,1,1,160,1,Higher,Secondary,High-skilled,Low-skilled,150.2,1,0,0,1,0,0,19,0,0,5,13,1,13,0,0,5,7,2,12.5,0,12.7,3.7,-1.7,Not on time
1,1,2,9500,1,1,120,1,Higher,Basic,Clerical/service,Manual skilled,115.1,1,0,0,1,0,1,19,0,0,7,8,6,13.075,0,0,8,10,7,12.05,0,12.4,0.5,1.79,Graduate
1,1,1,9670,1,1,140,1,Basic,Basic,Clerical/service,Low-skilled,131.3,1,0,0,1,0,1,18,0,0,6,6,6,13.5,0,0,6,9,6,13.666666666666700,0,10.8,1.4,1.74,Graduate
1,44,1,9991,0,39,120,1,Basic,Basic,Manual skilled,Manual skilled,120,1,0,0,1,0,1,23,0,2,6,8,5,11.8,0,2,6,8,6,12.333333333333300,0,9.4,-0.8,-3.12,Graduate
1,17,2,9254,1,1,118,22,Basic,Basic,Low-skilled,Low-skilled,110.3,1,0,0,0,0,0,18,1,0,6,7,5,12.6,0,0,6,6,5,11.8,0,11.1,0.6,2.02,Not on time
4,43,1,9853,1,1,133.1,100,Basic,Secondary,Other/unknown,Other/unknown,100,0,0,0,1,0,0,33,1,0,6,6,6,12.166666666666700,0,0,6,9,3,11,0,7.6,2.6,0.32,Not on time
1,17,2,9238,1,1,111,1,Basic,Basic,Low-skilled,Low-skilled,110.7,1,0,0,1,0,0,19,0,0,6,9,6,12.166666666666700,0,0,6,9,6,11,0,8.9,1.4,3.51,Graduate
1,43,3,171,1,1,140,1,Basic,Basic,Manual skilled,Manual skilled,143.4,1,0,0,1,0,0,21,0,0,0,0,0,0,0,0,0,0,0,0,0,9.4,-0.8,-3.12,Not on time
1,1,6,9500,1,1,125,1,Basic,Basic,Low-skilled,Low-skilled,115.9,0,0,0,1,0,0,18,0,0,7,7,7,13.557142857142900,0,0,8,9,8,13.2,0,12.4,0.5,1.79,Graduate
1,18,1,9991,0,1,133.1,1,Basic,Basic,Clerical/service,Clerical/service,145,0,0,0,1,0,1,21,0,0,5,6,4,12.25,0,0,5,8,4,11.8,0,10.8,1.4,1.74,Not on time
1,17,2,9070,1,1,136,1,Basic,Basic,Clerical/service,Manual skilled,140.9,1,0,0,1,0,0,19,0,0,6,6,6,14.333333333333300,0,0,6,6,6,13.5,0,9.4,-0.8,-3.12,Graduate
1,1,2,9773,1,1,115,1,Unknown,Basic,Other/unknown,Clerical/service,108.4,1,0,0,1,0,0,20,0,0,6,10,4,10.5,0,0,6,8,4,11.75,0,7.6,2.6,0.32,Graduate
1,1,1,9773,1,1,116,1,Basic,Basic,Other/unknown,Clerical/service,114.3,1,0,0,1,0,0,20,0,0,4,8,0,0,0,0,4,8,0,0,0,7.6,2.6,0.32,Not on time
1,18,5,9853,1,1,110,1,Basic,Basic,Manual skilled,Manual skilled,110,1,0,0,1,0,0,20,0,0,6,10,4,12.75,0,0,6,14,3,11.333333333333300,0,10.8,1.4,1.74,Not on time
1,1,1,9238,1,1,135,1,Basic,Basic,Clerical/service,Manual skilled,121.7,1,0,0,1,0,1,18,0,0,6,14,0,0,0,0,6,9,4,11,0,7.6,2.6,0.32,Not on time
1,43,2,9147,1,1,131,1,Basic,Basic,Clerical/service,Low-skilled,123.7,1,0,0,1,0,0,18,0,0,5,10,1,14,0,0,5,10,1,14,0,7.6,2.6,0.32,Not on time
1,1,2,9500,1,1,124,1,Basic,Basic,Manual skilled,Manual skilled,116.5,1,0,0,1,0,1,20,0,0,7,9,7,14.093333333333300,0,0,8,8,8,15,0,11.1,0.6,2.02,Graduate
1,1,1,9238,1,1,163,1,Basic,Basic,Clerical/service,Manual skilled,155,0,0,0,1,0,1,21,0,0,6,6,6,13.333333333333300,0,0,6,8,6,13.166666666666700,0,9.4,-0.8,-3.12,Graduate
1,43,1,9500,1,1,137,1,Basic,Basic,Low-skilled,Clerical/service,129.3,1,0,0,1,0,0,19,0,0,8,12,7,12.071428571428600,0,0,8,12,7,12.071428571428600,0,12.7,3.7,-1.7,Graduate
1,1,3,9254,1,1,128,1,Basic,Secondary,Manual skilled,Low-skilled,121.7,1,0,0,1,0,1,18,0,0,6,6,6,12.666666666666700,0,0,6,6,6,12.5,0,12.4,0.5,1.79,Graduate
1,39,1,9085,1,1,133.1,1,Basic,Basic,Low-skilled,Low-skilled,148.2,1,0,1,1,0,0,27,0,0,6,11,6,12.125,0,0,6,16,5,12,0,12.4,0.5,1.79,Not on time
1,1,2,9500,1,1,133.1,1,Basic,Basic,Manual skilled,Low-skilled,125.5,1,0,0,1,0,1,21,0,0,7,9,7,13.2,0,0,8,9,7,13.2575,0,15.5,2.8,-4.06,Graduate
1,17,4,9500,1,1,148,1,Higher,Basic,Clerical/service,Manual skilled,131.9,1,0,0,1,0,1,18,0,0,7,8,7,14.15,0,0,8,8,8,14.51125,0,15.5,2.8,-4.06,Graduate
1,17,1,9853,1,1,127,1,Basic,Basic,Clerical/service,Manual skilled,121.8,1,0,1,1,0,0,18,0,0,6,12,4,13.5,0,0,6,14,3,10.666666666666700,0,10.8,1.4,1.74,Not on time
1,43,1,9853,1,1,110,1,Basic,Basic,Low-skilled,Low-skilled,107.7,0,0,1,0,0,0,28,0,0,6,0,0,0,0,0,5,10,0,0,0,10.8,1.4,1.74,Not on time
1,39,1,9556,1,1,133.1,1,Higher,Higher,High-skilled,High-skilled,115.5,0,0,0,1,0,0,36,0,0,7,13,5,12.2,0,0,7,14,3,11.4,0,11.1,0.6,2.02,Not on time
1,1,1,9085,1,1,145,1,Basic,Basic,Low-skilled,Other/unknown,139.8,1,0,0,1,0,0,20,0,0,5,6,5,14.8,1,0,5,6,5,14,0,12.7,3.7,-1.7,Graduate
1,1,1,9238,1,1,136,1,Basic,Basic,Other/unknown,Manual skilled,133.2,1,0,0,1,0,0,19,0,0,6,8,5,11,0,0,6,13,5,11.4,0,7.6,2.6,0.32,Graduate
1,1,1,9991,0,1,131,1,Basic,Basic,Low-skilled,Low-skilled,118.4,1,0,0,1,0,0,20,0,0,5,10,0,0,0,0,5,10,0,0,3,7.6,2.6,0.32,Not on time
1,17,2,9085,1,1,138,1,Basic,Basic,Low-skilled,Manual skilled,123.3,1,0,0,1,0,0,19,0,0,5,15,3,14,3,0,5,10,4,11.75,1,9.4,-0.8,-3.12,Not on time
2,39,1,8014,0,1,150,1,Basic,Basic,High-skilled,Manual skilled,134.5,0,0,0,1,0,0,28,0,0,6,8,5,11.833333333333300,0,0,6,6,6,13,0,16.2,0.3,-0.92,Graduate
1,1,1,9670,1,1,112,1,Basic,Secondary,Manual skilled,Other/unknown,110.6,0,0,0,1,0,0,20,0,0,5,7,4,11.75,0,0,5,7,5,11.8,1,7.6,2.6,0.32,Graduate
1,42,1,9254,1,1,154,1,Basic,Basic,High-skilled,High-skilled,154,1,0,0,1,0,0,28,0,8,14,22,12,12.333333333333300,0,3,12,20,8,12,0,9.4,-0.8,-3.12,Graduate
1,43,1,9991,0,39,160,1,Basic,Basic,Low-skilled,Low-skilled,160,0,0,0,1,0,0,24,0,3,10,16,3,11.666666666666700,0,3,10,24,6,11.833333333333300,0,9.4,-0.8,-3.12,Not on time
1,44,1,9085,1,39,140,1,Secondary,Secondary,High-skilled,Low-skilled,140,1,0,0,1,0,0,20,0,1,6,9,6,12.666666666666700,0,1,6,10,4,11.5,0,13.9,-0.3,0.79,Not on time
1,17,2,9853,1,1,150,1,Basic,Basic,Clerical/service,Manual skilled,132.5,1,0,0,1,0,0,22,0,0,6,9,4,12.25,0,0,6,8,5,11.6,0,10.8,1.4,1.74,Not on time
1,17,2,9254,1,1,141,1,Secondary,Higher,Clerical/service,Clerical/service,127.7,0,0,0,1,0,1,18,0,0,6,7,6,11.285714285714300,0,0,6,9,4,13.5,0,16.2,0.3,-0.92,Graduate
1,1,5,9147,1,1,122,1,Basic,Basic,Low-skilled,Low-skilled,117.5,1,0,1,0,0,0,22,0,0,5,12,2,11.5,0,0,5,12,0,0,0,12.7,3.7,-1.7,Not on time
1,1,5,9254,1,1,120,1,Basic,Basic,Low-skilled,Manual skilled,127,1,0,0,1,0,1,18,0,0,6,10,6,11.666666666666700,0,0,6,10,4,12.25,0,9.4,-0.8,-3.12,Graduate
1,1,1,9500,1,1,139,1,Basic,Basic,Clerical/service,Clerical/service,125.5,0,0,0,1,0,1,21,0,0,8,8,7,13.514285714285700,0,0,8,8,7,13.514285714285700,0,12.7,3.7,-1.7,Graduate
1,17,6,9773,1,1,138,1,Secondary,Secondary,Clerical/service,High-skilled,140.5,1,0,0,1,0,0,19,0,0,6,7,6,13,0,0,6,9,6,13.714285714285700,0,7.6,2.6,0.32,Graduate
1,5,1,9853,1,1,119,1,Secondary,Basic,Clerical/service,Manual skilled,118.3,1,0,0,1,0,0,22,0,0,6,11,3,15,0,0,6,11,4,10.25,0,9.4,-0.8,-3.12,Not on time
1,1,1,9500,1,1,129,1,Basic,Basic,Clerical/service,Clerical/service,120.8,1,0,0,1,0,1,20,0,0,8,8,7,12.744285714285700,0,0,8,8,7,12.744285714285700,0,10.8,1.4,1.74,Graduate
1,1,1,9147,1,1,133.1,1,Basic,Basic,Low-skilled,Clerical/service,95,0,0,0,1,0,0,20,0,0,5,10,4,11.75,0,0,5,8,5,11.8,0,11.1,0.6,2.02,Graduate
1,17,1,8014,0,1,125,1,Basic,Basic,Clerical/service,Manual skilled,122.2,1,0,1,1,0,0,19,0,0,6,6,6,12.166666666666700,0,0,6,7,6,11.666666666666700,0,10.8,1.4,1.74,Graduate
1,17,1,171,1,1,125,1,Secondary,Secondary,Manual skilled,High-skilled,143.9,1,0,0,1,0,0,20,0,0,0,0,0,0,0,0,0,0,0,0,0,15.5,2.8,-4.06,Not on time
1,1,2,9070,1,1,137,1,Basic,Basic,Low-skilled,Low-skilled,127.2,1,0,0,1,0,1,20,0,1,6,9,5,13.4,1,0,6,9,6,12.375,0,13.9,-0.3,0.79,Graduate
1,1,1,9238,1,1,123,1,Unknown,Basic,Other/unknown,Manual skilled,120.2,1,0,0,1,0,0,20,0,0,6,9,5,11.8,0,0,6,10,4,11.5,0,7.6,2.6,0.32,Not on time
1,1,3,9500,1,1,154,1,Secondary,Basic,Clerical/service,Low-skilled,134.8,1,0,0,1,0,0,19,0,0,7,7,6,13.533333333333300,0,0,7,7,6,13.533333333333300,0,7.6,2.6,0.32,Graduate
1,1,1,9254,1,1,144,1,Basic,Basic,Low-skilled,Low-skilled,142.6,1,0,0,1,0,1,18,0,0,6,7,6,14.166666666666700,0,0,6,10,4,14,0,15.5,2.8,-4.06,Graduate
1,1,1,9500,1,1,153,1,Basic,Basic,Manual skilled,Manual skilled,147.9,0,0,0,1,0,1,18,0,0,7,7,7,14.652857142857100,0,0,8,9,8,14.755555555555600,0,12.4,0.5,1.79,Graduate
1,1,1,171,1,1,152,1,Secondary,Basic,Clerical/service,Low-skilled,160.4,1,0,0,0,0,0,19,0,0,0,0,0,0,0,0,0,0,0,0,0,7.6,2.6,0.32,Not on time
1,1,1,9147,1,1,150,103,Basic,Basic,Low-skilled,Low-skilled,134.6,0,0,0,1,1,0,20,1,0,5,5,5,13.6,0,0,5,7,5,13,0,9.4,-0.8,-3.12,Graduate
1,1,1,9254,1,1,129,1,Basic,Secondary,High-skilled,Manual skilled,121,0,0,0,1,0,1,22,0,0,6,9,6,12.833333333333300,0,0,6,6,4,13.25,0,16.2,0.3,-0.92,Graduate
1,1,1,9238,1,1,150,1,Basic,Basic,Clerical/service,Clerical/service,142.7,1,0,0,1,0,1,18,0,0,6,6,6,14.666666666666700,0,0,6,6,6,15.166666666666700,0,9.4,-0.8,-3.12,Graduate
1,17,2,9773,1,1,125,1,Secondary,Secondary,Clerical/service,Manual skilled,115.6,1,0,0,1,0,0,19,0,0,6,6,6,13.333333333333300,0,0,6,6,6,14.666666666666700,0,12.4,0.5,1.79,Graduate
1,1,1,9238,1,1,133.1,1,Basic,Basic,Low-skilled,Low-skilled,130,0,0,0,0,0,1,20,0,0,6,10,5,13.4,0,0,6,9,5,11.4,0,10.8,1.4,1.74,Graduate
1,1,2,9500,1,1,140,1,Basic,Basic,Clerical/service,Manual skilled,124.3,1,0,0,1,0,1,19,0,0,7,9,7,13.3125,0,0,8,8,8,15.6375,0,13.9,-0.3,0.79,Graduate
1,1,1,171,1,1,140,1,Basic,Basic,Clerical/service,Manual skilled,137.9,1,0,1,0,0,0,18,0,0,0,0,0,0,0,0,0,0,0,0,0,8.9,1.4,3.51,Not on time
1,1,6,9773,1,1,133.1,1,Secondary,Basic,High-skilled,High-skilled,100,1,0,1,0,0,0,20,0,0,4,4,0,0,0,0,5,5,0,0,0,12.4,0.5,1.79,Not on time
1,1,2,9773,1,1,132,1,Secondary,Higher,Low-skilled,High-skilled,128.2,1,0,0,1,0,1,19,0,0,6,7,6,12.333333333333300,0,0,6,6,6,13.5,0,9.4,-0.8,-3.12,Graduate
1,17,3,9773,1,1,135,1,Secondary,Basic,Clerical/service,Manual skilled,135,0,0,0,1,0,0,18,0,0,6,6,6,13.5,0,0,6,6,6,13.333333333333300,0,12.4,0.5,1.79,Not on time
1,16,4,9238,1,1,135,1,Basic,Basic,Low-skilled,Low-skilled,121,1,0,0,1,0,0,18,0,0,6,8,5,13,0,0,6,7,6,11.833333333333300,0,10.8,1.4,1.74,Graduate
1,1,1,9670,1,1,133.1,1,Unknown,Basic,Other/unknown,Clerical/service,147,0,0,0,1,0,0,22,0,0,5,6,2,12.5,0,0,5,5,0,0,0,9.4,-0.8,-3.12,Not on time
1,1,1,9238,1,1,168,1,Basic,Basic,Low-skilled,Low-skilled,149.5,0,0,0,1,0,0,18,0,0,6,10,6,17,0,0,6,11,6,16,0,12.4,0.5,1.79,Graduate
1,1,1,9238,1,1,143,1,Basic,Secondary,Low-skilled,Low-skilled,144.4,1,0,0,1,0,0,20,0,0,6,7,6,13.5,0,0,6,6,6,13,0,10.8,1.4,1.74,Graduate
1,17,2,9254,1,1,116,1,Basic,Basic,Clerical/service,Clerical/service,116,1,0,0,1,0,0,19,0,0,6,7,6,12.714285714285700,0,0,6,6,6,11.833333333333300,0,8.9,1.4,3.51,Graduate
1,43,1,9500,1,1,134,1,Basic,Basic,Clerical/service,Manual skilled,120.7,0,0,0,1,0,1,19,0,0,7,9,6,13,0,0,8,11,8,13.927272727272700,0,16.2,0.3,-0.92,Graduate
1,44,1,9238,1,39,140,1,Basic,Basic,Clerical/service,Other/unknown,141.8,0,0,0,1,0,0,21,0,3,6,7,6,12.571428571428600,0,2,6,6,6,13.5,0,12.4,0.5,1.79,Graduate
1,17,2,8014,0,1,133,1,Basic,Secondary,Clerical/service,Clerical/service,119.7,1,0,0,1,0,1,19,0,0,6,10,4,11.5,0,0,6,11,6,11.5,0,9.4,-0.8,-3.12,Not on time
1,1,6,9238,1,1,125,1,Basic,Secondary,Manual skilled,Clerical/service,118.4,1,0,0,1,0,1,19,0,0,6,6,6,13.5,0,0,6,7,6,13.285714285714300,0,11.1,0.6,2.02,Graduate
2,39,1,8014,0,1,133.1,1,Basic,Basic,Clerical/service,Clerical/service,134.5,0,0,0,1,0,0,45,0,0,6,8,5,13.6,0,0,6,7,5,13,0,15.5,2.8,-4.06,Not on time
2,39,1,9085,1,1,133.1,1,Basic,Basic,Other/unknown,Clerical/service,128.2,0,0,0,0,0,1,28,0,0,5,14,1,12,3,0,5,5,0,0,5,9.4,-0.8,-3.12,Not on time
2,43,1,9500,1,1,137,1,Higher,Higher,High-skilled,High-skilled,115,0,0,0,1,0,0,28,0,0,7,8,7,14.95,0,0,8,8,8,14.7375,0,13.9,-0.3,0.79,Graduate
1,39,1,9991,0,1,140,1,Basic,Basic,Low-skilled,Clerical/service,130,0,0,1,1,0,0,25,0,0,5,10,4,11.25,0,0,5,9,4,12,0,12.7,3.7,-1.7,Not on time
1,43,1,9670,1,1,134,1,Secondary,Basic,Clerical/service,Clerical/service,120.7,0,0,1,0,0,0,19,0,0,6,13,3,10.666666666666700,0,0,6,6,4,12.25,0,15.5,2.8,-4.06,Not on time
1,1,5,9500,1,1,139,1,Basic,Basic,Low-skilled,Clerical/service,130.5,1,0,0,1,0,0,19,0,0,8,8,7,14.992857142857100,0,0,8,8,7,14.992857142857100,0,10.8,1.4,1.74,Graduate
1,1,2,9147,1,1,113,1,Basic,Basic,Low-skilled,Clerical/service,107.4,1,0,0,1,1,0,20,0,0,5,12,3,10.5,0,0,5,10,4,11.25,0,12.4,0.5,1.79,Not on time
1,1,3,9238,1,1,133.1,1,Secondary,Secondary,Low-skilled,Low-skilled,100,1,0,0,1,1,0,22,0,0,6,6,4,11.25,0,0,6,7,3,11,0,8.9,1.4,3.51,Not on time
1,43,1,9773,1,1,132,1,Basic,Basic,Low-skilled,Low-skilled,125,1,0,0,1,1,1,20,0,0,6,6,6,12.333333333333300,0,0,6,7,6,14,0,12.4,0.5,1.79,Graduate
1,1,4,9500,1,1,127,1,Basic,Basic,Manual skilled,Manual skilled,121.5,1,0,0,1,1,0,20,0,0,7,7,6,13.016666666666700,0,0,7,7,6,13.016666666666700,0,7.6,2.6,0.32,Not on time
1,1,1,9085,1,1,123,1,Basic,Basic,Clerical/service,Other/unknown,127.2,0,0,1,0,1,0,20,0,0,5,7,3,11.333333333333300,0,0,5,8,2,11.5,0,7.6,2.6,0.32,Not on time
1,39,1,9085,1,40,130,1,Higher,Higher,High-skilled,High-skilled,160,1,0,0,1,0,0,27,0,0,6,7,6,16.142857142857100,0,0,6,7,6,14.666666666666700,0,13.9,-0.3,0.79,Graduate
1,51,1,9085,1,1,125,1,Secondary,Secondary,Low-skilled,Clerical/service,120,0,0,0,1,0,0,22,0,0,6,8,6,14.833333333333300,0,0,6,10,5,13.833333333333300,0,11.1,0.6,2.02,Graduate
1,1,3,9500,1,1,140,1,Basic,Basic,Low-skilled,Low-skilled,141.5,1,0,1,0,0,0,19,0,0,8,8,7,13.327142857142900,0,0,8,8,7,13.327142857142900,0,10.8,1.4,1.74,Not on time
1,17,1,9238,1,1,111,1,Basic,Basic,High-skilled,High-skilled,111.4,1,0,0,0,0,0,19,0,0,6,13,4,11,0,0,6,13,2,11.5,0,12.7,3.7,-1.7,Not on time
1,1,1,9070,1,1,132,1,Higher,Secondary,High-skilled,High-skilled,136.6,1,0,0,1,0,0,18,0,1,6,10,6,11.714285714285700,1,0,6,15,6,10.375,0,13.9,-0.3,0.79,Not on time
1,1,1,171,1,1,150,1,Higher,Higher,High-skilled,Clerical/service,154.6,1,0,0,1,0,0,19,0,6,12,13,12,12.333333333333300,0,4,11,12,10,12.727272727272700,0,8.9,1.4,3.51,Not on time
1,18,4,9853,1,1,118,1,Basic,Basic,Low-skilled,Manual skilled,111.4,1,0,1,0,0,0,20,0,0,7,9,0,0,0,0,6,6,0,0,0,11.1,0.6,2.02,Not on time
2,43,1,9991,0,1,150,1,Basic,Basic,High-skilled,High-skilled,120.1,0,0,0,0,0,0,39,0,11,15,15,12,11.916666666666700,0,8,13,14,8,11.25,0,10.8,1.4,1.74,Not on time
2,39,2,8014,0,19,100,1,Basic,Basic,Clerical/service,Manual skilled,100,0,0,1,1,0,0,37,0,0,6,9,6,11.833333333333300,0,0,6,7,6,11,0,7.6,2.6,0.32,Graduate
2,39,1,9500,1,3,130,1,Secondary,Secondary,Clerical/service,Manual skilled,140,0,0,1,0,0,0,30,0,3,7,11,3,12.333333333333300,0,3,7,9,3,11.666666666666700,0,13.9,-0.3,0.79,Not on time
2,43,1,9991,0,3,130,1,Basic,Basic,Low-skilled,Low-skilled,130,0,0,0,1,0,0,41,0,5,10,11,10,14.3,0,5,10,10,10,14.2,0,12.7,3.7,-1.7,Graduate
4,39,1,9500,1,19,133.1,1,Basic,Basic,Clerical/service,Manual skilled,100,0,0,0,0,0,0,40,0,0,8,11,5,11.832,4,0,8,11,5,11.832,4,9.4,-0.8,-3.12,Not on time
1,1,1,9147,1,1,112,1,Secondary,Secondary,Clerical/service,High-skilled,106.1,0,0,0,1,0,0,20,0,0,5,13,2,10,1,0,5,10,0,0,0,9.4,-0.8,-3.12,Not on time
2,1,1,9991,0,1,144,1,Basic,Basic,Low-skilled,Low-skilled,151.4,0,0,0,1,0,0,28,0,0,5,5,5,12,0,0,5,6,5,11.6,0,7.6,2.6,0.32,Graduate
1,18,2,9853,1,1,120,1,Basic,Basic,Low-skilled,Clerical/service,113.7,1,0,1,0,0,0,19,0,0,7,11,5,12.2,0,0,7,13,0,0,0,12.4,0.5,1.79,Not on time
1,1,1,9670,1,1,121,1,Basic,Basic,Clerical/service,Low-skilled,116.5,1,0,0,1,0,0,23,0,0,5,7,3,11.333333333333300,0,0,5,5,4,11.25,0,7.6,2.6,0.32,Not on time
1,7,1,8014,0,4,120,1,Higher,Higher,High-skilled,High-skilled,120,0,0,0,1,0,0,18,0,10,16,24,13,13.846153846153800,0,7,11,15,9,12.555555555555600,0,15.5,2.8,-4.06,Not on time
1,39,1,9500,1,1,100,1,Secondary,Basic,Clerical/service,Manual skilled,122,0,0,0,1,0,0,24,0,0,8,8,7,12.412857142857100,0,0,8,8,7,12.412857142857100,0,10.8,1.4,1.74,Graduate
1,17,5,9670,1,1,115,1,Secondary,Basic,Clerical/service,Clerical/service,117.1,0,0,0,1,0,0,21,0,0,5,7,3,12.666666666666700,0,0,5,6,4,12.75,1,7.6,2.6,0.32,Not on time
1,1,2,9500,1,1,123,1,Basic,Basic,Manual skilled,Manual skilled,120.8,1,0,0,1,0,0,19,0,0,8,11,7,12.545714285714300,0,0,8,11,7,12.545714285714300,0,10.8,1.4,1.74,Graduate
1,1,1,9773,1,1,134,1,Basic,Basic,Low-skilled,Other/unknown,141.4,1,0,0,1,0,0,19,0,0,6,12,3,13,0,0,6,13,2,14,0,9.4,-0.8,-3.12,Not on time
1,39,1,9003,1,1,123,1,Basic,Basic,Low-skilled,Low-skilled,110,0,0,1,0,0,0,48,0,0,6,6,0,0,0,0,6,6,0,0,0,11.1,0.6,2.02,Not on time
2,43,1,9991,0,2,120,1,Basic,Basic,Low-skilled,Low-skilled,120,0,0,0,0,0,0,38,0,9,12,12,9,12.22222222222220,2,9,12,12,9,13,0,9.4,-0.8,-3.12,Not on time
1,17,1,9147,1,1,131,1,Secondary,Basic,High-skilled,Manual skilled,120.2,0,0,0,1,0,0,19,0,0,5,10,5,13.285714285714300,0,0,5,8,5,13,0,12.7,3.7,-1.7,Graduate
2,39,1,9991,0,12,133.1,1,Basic,Secondary,Low-skilled,Clerical/service,138.4,0,0,0,1,1,0,30,0,0,5,7,3,11.666666666666700,0,0,5,8,1,11,0,7.6,2.6,0.32,Not on time
1,44,1,9003,1,39,150,1,Basic,Basic,Low-skilled,Low-skilled,150,0,0,0,1,1,1,24,0,0,6,9,6,13.555555555555600,0,0,6,7,6,12.666666666666700,0,13.9,-0.3,0.79,Graduate
1,17,5,9773,1,1,134,1,Secondary,Basic,Low-skilled,Clerical/service,121.8,1,0,0,1,1,0,19,0,0,6,6,6,13.166666666666700,0,0,6,8,6,12.428571428571400,0,16.2,0.3,-0.92,Graduate
1,44,1,171,1,39,140,1,Secondary,Secondary,Low-skilled,Low-skilled,140,0,0,0,1,1,0,21,0,0,0,0,0,0,0,0,0,0,0,0,0,15.5,2.8,-4.06,Not on time
1,1,1,9254,1,1,117,1,Secondary,Secondary,Clerical/service,Clerical/service,116.3,1,0,0,1,1,1,21,0,0,6,6,6,11.666666666666700,0,0,6,7,5,12.2,0,10.8,1.4,1.74,Graduate
1,1,2,9991,0,1,143,1,Higher,Secondary,Clerical/service,Clerical/service,131.5,0,0,0,1,1,0,19,0,0,5,11,4,11,0,0,5,8,4,12.25,0,15.5,2.8,-4.06,Not on time
1,17,2,9070,1,1,142,1,Higher,Secondary,High-skilled,Clerical/service,141,1,0,0,1,1,0,18,0,0,6,6,6,13,0,0,6,8,1,10,0,10.8,1.4,1.74,Not on time
1,17,1,9070,1,1,132,1,Basic,Basic,Low-skilled,Manual skilled,138,0,0,0,1,1,1,18,0,0,6,6,6,13.666666666666700,0,0,6,6,6,12,0,12.4,0.5,1.79,Graduate
1,17,4,9119,1,1,138,1,Secondary,Higher,High-skilled,Clerical/service,127.5,1,0,0,1,1,0,19,0,0,5,6,5,14.6,0,0,5,5,5,15.2,0,8.9,1.4,3.51,Not on time
1,1,1,9500,1,1,131,1,Secondary,Basic,Low-skilled,Low-skilled,127,0,0,0,1,1,1,19,0,0,8,8,7,12.514285714285700,0,0,8,8,7,12.514285714285700,0,12.7,3.7,-1.7,Graduate
1,17,2,9085,1,1,123,1,Higher,Basic,High-skilled,Low-skilled,118.9,0,0,0,1,1,0,18,0,0,5,5,3,14,0,0,5,7,3,12.666666666666700,0,7.6,2.6,0.32,Not on time
1,1,1,9254,1,1,131,1,Basic,Basic,Low-skilled,Low-skilled,134.5,1,0,0,1,1,0,25,0,0,6,8,6,13.166666666666700,0,0,6,8,5,12.6,0,7.6,2.6,0.32,Not on time
1,17,1,9119,1,1,141,1,Basic,Secondary,Low-skilled,High-skilled,133,1,0,0,1,1,0,18,0,0,5,10,4,13,0,0,5,10,3,12.333333333333300,3,7.6,2.6,0.32,Not on time
5,39,1,9147,1,1,133.1,1,Secondary,Basic,Clerical/service,Manual skilled,114,0,0,0,0,1,0,29,0,0,5,5,1,13,0,0,5,5,0,0,0,8.9,1.4,3.51,Not on time
1,17,1,9119,1,1,116,1,Basic,Basic,Other/unknown,Clerical/service,116.7,1,0,0,1,1,0,21,0,0,5,10,1,10,0,0,5,8,3,13.666666666666700,3,7.6,2.6,0.32,Not on time
1,1,3,9773,1,1,123,1,Secondary,Secondary,Clerical/service,Manual skilled,125.1,1,0,1,1,1,1,18,0,0,6,6,6,14.333333333333300,0,0,6,6,6,15.333333333333300,0,11.1,0.6,2.02,Graduate
1,17,1,9254,1,1,133,1,Basic,Secondary,Low-skilled,Low-skilled,137.2,0,0,0,1,1,1,20,0,0,6,6,0,0,0,0,6,12,0,0,0,10.8,1.4,1.74,Not on time
1,39,1,9991,0,1,133.1,1,Basic,Basic,Low-skilled,Manual skilled,111.4,0,0,0,1,1,0,27,0,0,5,7,1,11,0,0,5,7,0,0,0,13.9,-0.3,0.79,Not on time
1,1,1,9085,1,1,133.1,1,Higher,Secondary,Clerical/service,Low-skilled,105,1,0,0,1,1,0,21,0,0,6,15,3,11.25,0,0,6,9,0,0,0,12.4,0.5,1.79,Not on time
1,18,2,9147,1,1,140,1,Basic,Basic,Clerical/service,Low-skilled,124.3,1,0,0,1,1,0,20,0,0,5,7,4,10.75,0,0,5,12,3,10.571428571428600,0,10.8,1.4,1.74,Not on time
1,39,1,9147,1,19,100,1,Basic,Basic,Manual skilled,Low-skilled,132,0,0,1,0,1,0,28,0,0,5,7,1,11,0,0,5,9,0,0,0,10.8,1.4,1.74,Not on time
1,39,2,9556,1,1,130,1,Basic,Basic,Low-skilled,Manual skilled,110,0,0,0,1,1,1,24,0,0,7,13,6,10.857142857142900,0,0,7,7,7,11.857142857142900,0,12.7,3.7,-1.7,Not on time
1,1,5,9147,1,1,134,1,Higher,Higher,High-skilled,High-skilled,134.7,0,0,0,1,1,0,22,0,1,5,10,4,11.75,0,0,5,10,3,11,0,7.6,2.6,0.32,Not on time
1,1,1,9085,1,1,134,1,Basic,Basic,Low-skilled,Low-skilled,136.8,1,0,0,1,1,0,20,0,0,5,8,5,12.8,0,0,5,9,4,13.666666666666700,1,10.8,1.4,1.74,Graduate
1,44,1,9085,1,39,160,1,Secondary,Secondary,Clerical/service,Clerical/service,160,0,0,0,1,1,0,21,0,1,5,15,3,12.333333333333300,2,0,5,7,5,11.4,0,9.4,-0.8,-3.12,Graduate
1,44,1,9003,1,39,130,1,Secondary,Higher,Low-skilled,High-skilled,130,1,0,1,0,1,0,23,0,0,6,12,2,11.333333333333300,0,0,6,8,2,13,0,13.9,-0.3,0.79,Not on time
1,1,1,9238,1,1,141,1,Basic,Secondary,Manual skilled,High-skilled,128.8,1,0,0,1,1,0,18,0,0,6,10,5,11.6,0,0,6,6,6,11.166666666666700,0,10.8,1.4,1.74,Graduate
1,1,1,171,1,1,147,1,Secondary,Secondary,Clerical/service,Clerical/service,148.4,1,0,0,1,1,1,20,0,8,14,15,12,10.923076923076900,0,7,13,14,11,12.181818181818200,0,11.1,0.6,2.02,Graduate
1,1,1,171,1,1,137,1,Secondary,Basic,Clerical/service,Clerical/service,130.4,1,0,0,1,1,0,19,0,0,0,0,0,0,0,0,0,0,0,0,0,15.5,2.8,-4.06,Graduate
2,39,1,9500,1,3,130,1,Secondary,Secondary,Clerical/service,Manual skilled,126,0,0,0,1,1,0,32,0,0,7,7,7,13.62857142857140,0,0,8,8,8,13.9125,0,13.9,-0.3,0.79,Graduate
1,1,6,9254,1,1,119,1,Basic,Basic,Low-skilled,Low-skilled,118.7,1,0,0,1,1,0,20,0,0,6,16,3,10.333333333333300,0,0,6,16,1,11,0,10.8,1.4,1.74,Not on time
1,39,1,9003,1,1,130,1,Basic,Basic,Manual skilled,Manual skilled,120,0,0,0,1,1,0,32,0,12,18,25,18,13.736842105263200,0,10,13,15,12,13.75,1,15.5,2.8,-4.06,Graduate
1,39,1,9003,1,1,130,1,Basic,Basic,Low-skilled,Manual skilled,120,1,0,0,1,1,0,28,0,7,13,19,8,11.625,0,5,10,17,6,11,0,15.5,2.8,-4.06,Not on time
1,44,1,9070,1,39,120,1,Secondary,Basic,Clerical/service,Clerical/service,116.3,1,1,0,1,1,1,21,0,2,7,7,4,11.5,0,5,9,10,7,12.142857142857100,0,12.4,0.5,1.79,Graduate
1,1,1,9773,1,1,130,1,Basic,Basic,Low-skilled,Manual skilled,133.9,0,0,0,1,1,1,19,0,0,6,8,5,14,0,0,6,8,6,13,0,10.8,1.4,1.74,Graduate
1,39,1,9991,0,39,150,1,Basic,Basic,Low-skilled,Low-skilled,150.3,0,0,0,1,1,0,24,0,0,5,7,3,11.333333333333300,0,0,5,6,0,0,0,10.8,1.4,1.74,Not on time
1,17,1,9147,1,1,120,1,Basic,Basic,Low-skilled,Manual skilled,118.3,0,0,0,1,1,0,18,0,0,5,13,1,10,0,0,5,5,1,10,0,12.7,3.7,-1.7,Not on time
1,44,1,9003,1,39,130,1,Secondary,Basic,Manual skilled,Manual skilled,130,1,0,0,1,1,0,20,0,0,6,14,5,11.714285714285700,0,0,6,15,5,12,0,16.2,0.3,-0.92,Graduate
1,43,1,171,1,39,140,1,Basic,Basic,Low-skilled,Manual skilled,140,0,0,0,0,1,0,25,0,0,0,0,0,0,0,0,0,0,0,0,0,15.5,2.8,-4.06,Not on time
1,17,6,9147,1,1,130,1,Basic,Basic,Low-skilled,Low-skilled,110.4,1,0,0,1,1,0,25,0,13,15,15,13,10.76923076923080,0,11,14,15,12,11.833333333333300,0,7.6,2.6,0.32,Not on time
1,17,4,9773,1,1,147,1,Secondary,Secondary,Clerical/service,Clerical/service,139.7,1,0,0,1,1,0,18,0,0,6,10,5,11.6,0,0,6,6,6,12,0,9.4,-0.8,-3.12,Not on time
1,1,1,9147,1,1,148,1,Basic,Secondary,Manual skilled,Clerical/service,138.3,1,0,0,1,1,0,19,0,0,5,6,4,13.75,0,0,5,5,0,0,0,12.4,0.5,1.79,Not on time
1,1,5,9147,1,1,133,1,Basic,Higher,Low-skilled,Low-skilled,123.2,1,0,0,1,1,0,18,0,0,5,14,4,11,0,0,5,9,5,10.5,0,13.9,-0.3,0.79,Not on time
1,42,1,9147,1,1,135,1,Basic,Secondary,Clerical/service,Clerical/service,120,0,0,0,0,1,0,25,0,0,5,6,0,0,0,0,5,5,0,0,0,15.5,2.8,-4.06,Not on time
1,39,1,171,1,1,116,1,Unknown,Unknown,Other/unknown,Other/unknown,127,1,0,0,1,1,0,38,0,0,0,0,0,0,0,0,0,0,0,0,0,7.6,2.6,0.32,Not on time
1,44,1,171,1,39,110,1,Secondary,Secondary,High-skilled,Manual skilled,114.2,0,0,0,1,1,0,19,0,0,0,0,0,0,0,0,0,0,0,0,0,12.4,0.5,1.79,Not on time
1,1,4,9773,1,1,133,1,Secondary,Basic,Low-skilled,Low-skilled,119.7,1,0,0,1,1,0,19,0,0,6,7,6,12.333333333333300,0,0,6,10,5,13.2,0,16.2,0.3,-0.92,Graduate
1,44,1,9085,1,39,150,1,Basic,Basic,Low-skilled,Clerical/service,150,1,0,0,1,1,1,22,0,0,6,9,6,13.428571428571400,0,1,6,12,6,13.625,0,12.4,0.5,1.79,Graduate
1,1,6,9119,1,1,135,1,Higher,Secondary,High-skilled,Clerical/service,123.5,1,0,0,1,1,0,18,0,0,5,10,0,0,0,0,5,10,1,10,3,7.6,2.6,0.32,Not on time
1,7,1,9991,0,3,130,1,Basic,Basic,High-skilled,Low-skilled,130,0,0,0,0,1,0,32,0,0,5,12,4,14.75,0,0,5,9,2,15,0,16.2,0.3,-0.92,Not on time
1,43,1,9853,1,1,130,1,Higher,Secondary,High-skilled,Clerical/service,124.6,0,0,0,1,1,0,37,0,19,21,21,21,12.476190476190500,0,13,19,19,19,12.210526315789500,0,12.4,0.5,1.79,Graduate
1,17,1,9119,1,1,132,1,Basic,Basic,Low-skilled,Manual skilled,119.4,1,0,0,1,1,0,21,0,0,5,8,0,0,0,0,5,5,0,0,0,7.6,2.6,0.32,Not on time
1,1,1,9254,1,1,125,1,Secondary,Higher,Clerical/service,High-skilled,121.9,1,0,0,1,1,0,18,0,0,6,15,3,11.666666666666700,0,0,6,14,2,12.5,0,10.8,1.4,1.74,Not on time
1,1,3,9070,1,1,118,1,Higher,Higher,High-skilled,High-skilled,110,1,0,1,1,1,0,19,0,0,6,6,6,12,0,0,6,7,6,13.571428571428600,0,8.9,1.4,3.51,Graduate
1,17,1,9670,1,1,118,1,Secondary,Basic,Clerical/service,Manual skilled,118.7,0,0,0,1,1,1,19,0,0,6,7,6,12,0,0,6,6,6,14,0,12.4,0.5,1.79,Graduate
1,1,1,171,1,1,161,41,Secondary,Secondary,Low-skilled,Manual skilled,163.1,1,0,0,0,0,0,19,1,6,12,12,12,15.25,0,4,11,12,11,15,0,8.9,1.4,3.51,Graduate
1,17,1,9773,1,1,136,1,Basic,Basic,Low-skilled,Low-skilled,121.7,1,0,0,1,1,1,19,0,0,6,9,5,12.4,0,0,6,6,6,13.166666666666700,0,12.7,3.7,-1.7,Graduate
1,15,1,9147,1,1,135,26,Secondary,Secondary,Low-skilled,Manual skilled,135,0,0,1,1,1,0,21,1,0,5,9,3,12.333333333333300,0,0,5,8,4,11.25,0,8.9,1.4,3.51,Not on time
4,39,1,9991,0,1,147,1,Basic,Basic,Manual skilled,Manual skilled,147.9,0,0,0,1,0,0,28,0,0,5,8,4,11.5,0,0,5,7,4,12,0,10.8,1.4,1.74,Not on time
1,1,1,9773,1,1,124,17,Secondary,Secondary,High-skilled,Clerical/service,118.1,1,0,1,0,0,0,19,1,0,6,8,5,12.2,0,0,6,6,4,11.75,0,16.2,0.3,-0.92,Not on time
1,39,1,9991,0,19,133.1,1,Basic,Basic,Low-skilled,Manual skilled,105.3,0,0,1,1,0,0,28,0,0,5,14,2,10.5,0,0,5,6,0,0,0,12.4,0.5,1.79,Not on time
1,1,1,9500,1,1,141,1,Basic,Basic,Manual skilled,Low-skilled,139.8,0,0,0,1,0,1,19,0,0,8,8,7,14.4,0,0,8,8,7,14.4,0,12.7,3.7,-1.7,Graduate
2,7,1,8014,0,3,130,1,Basic,Basic,High-skilled,Manual skilled,130,0,0,0,1,0,0,32,0,8,14,18,13,12.846153846153800,0,7,11,19,10,12.8,0,10.8,1.4,1.74,Graduate
1,39,1,8014,0,39,110,1,Basic,Basic,Low-skilled,Manual skilled,127.5,0,0,1,0,0,0,26,0,0,6,13,4,12,0,0,6,7,5,13.2,0,16.2,0.3,-0.92,Not on time
2,39,1,9147,1,12,133.1,1,Basic,Basic,Low-skilled,Low-skilled,120,0,0,0,1,0,0,25,0,0,5,0,0,0,0,0,5,0,0,0,0,9.4,-0.8,-3.12,Not on time
2,43,2,9853,1,1,130,1,Basic,Secondary,Clerical/service,High-skilled,124.2,0,0,0,1,0,0,31,0,3,7,8,6,13.666666666666700,0,1,6,8,5,13.5,0,9.4,-0.8,-3.12,Not on time
1,17,1,9238,1,1,120,1,Basic,Secondary,Low-skilled,Clerical/service,113.4,1,0,0,1,0,1,20,0,0,6,10,5,11.857142857142900,0,0,6,8,6,11.666666666666700,0,12.7,3.7,-1.7,Graduate
1,1,4,9238,1,1,133.1,1,Secondary,Basic,Manual skilled,Low-skilled,118,1,0,0,1,0,0,19,0,0,6,0,0,0,0,0,6,0,0,0,0,12.7,3.7,-1.7,Not on time
1,17,1,171,1,1,145,1,Basic,Basic,Clerical/service,Low-skilled,130,1,0,0,1,0,0,23,0,0,0,0,0,0,0,0,0,0,0,0,0,11.1,0.6,2.02,Not on time
1,1,1,9238,1,1,131,1,Basic,Secondary,Low-skilled,Low-skilled,135.9,1,0,0,1,0,0,18,0,0,6,8,5,13.2,0,0,6,6,6,11.333333333333300,0,9.4,-0.8,-3.12,Graduate
1,1,2,9238,1,1,147,1,Basic,Basic,Low-skilled,Manual skilled,135.8,1,0,0,1,0,1,19,0,0,6,8,6,12.714285714285700,0,0,6,12,5,11,0,13.9,-0.3,0.79,Not on time
1,1,1,9254,1,1,138,1,Basic,Basic,Low-skilled,Other/unknown,133.1,0,0,0,1,0,0,18,0,0,6,6,6,12.5,0,0,6,6,6,12.666666666666700,0,15.5,2.8,-4.06,Graduate
1,1,1,9147,1,1,123,1,Secondary,Secondary,Clerical/service,Manual skilled,118.8,1,0,0,1,0,0,21,0,0,5,9,3,10.666666666666700,0,0,5,13,2,12.5,0,7.6,2.6,0.32,Not on time
1,1,2,9773,1,1,129,1,Basic,Basic,Low-skilled,Manual skilled,117.1,1,0,0,1,0,0,20,0,0,6,12,1,17,0,0,6,12,1,17,0,9.4,-0.8,-3.12,Not on time
1,1,1,9085,1,1,125,1,Secondary,Basic,Clerical/service,Low-skilled,114.5,1,0,0,1,0,0,24,0,0,5,6,5,13,1,0,5,9,4,13.25,0,12.7,3.7,-1.7,Graduate
1,1,1,9670,1,1,131,1,Basic,Basic,Low-skilled,Manual skilled,127.2,0,0,0,1,0,1,18,0,0,5,7,3,12.666666666666700,0,0,5,5,4,12.5,0,9.4,-0.8,-3.12,Not on time
1,42,1,9500,1,1,100,1,Higher,Basic,High-skilled,Manual skilled,130,1,0,0,1,0,0,25,0,0,14,14,12,13.291666666666700,1,0,14,14,12,13.291666666666700,1,7.6,2.6,0.32,Graduate
1,17,1,9085,1,1,120,1,Higher,Higher,High-skilled,High-skilled,116.1,0,0,0,1,0,0,20,0,0,5,12,3,11.666666666666700,2,0,5,11,4,11.5,1,9.4,-0.8,-3.12,Graduate
1,17,2,9500,1,1,145,1,Basic,Basic,Clerical/service,Low-skilled,130.5,1,0,0,1,0,0,18,0,0,8,8,7,14.24,0,0,8,8,7,14.24,0,10.8,1.4,1.74,Graduate
1,39,1,9670,1,1,120,1,Unknown,Unknown,Other/unknown,Other/unknown,104,1,0,0,1,0,0,24,0,0,5,10,3,13,0,0,5,11,3,11.333333333333300,0,7.6,2.6,0.32,Not on time
1,17,2,9500,1,1,140,1,Secondary,Secondary,Clerical/service,Other/unknown,128.5,1,0,0,1,0,0,18,0,0,7,9,5,14.06,0,0,7,9,6,12.571428571428600,0,12.4,0.5,1.79,Not on time
1,17,5,9238,1,1,134,1,Basic,Basic,Low-skilled,Low-skilled,126,0,0,1,0,0,0,21,0,0,6,10,5,11.833333333333300,0,0,6,10,5,13.2,0,13.9,-0.3,0.79,Not on time
1,1,1,9773,1,1,140,1,Secondary,Basic,Clerical/service,Other/unknown,141.1,1,0,0,1,0,0,18,0,0,6,6,6,12.833333333333300,0,0,6,6,6,13.333333333333300,0,9.4,-0.8,-3.12,Graduate
1,17,2,9254,1,1,107,1,Secondary,Basic,Clerical/service,Clerical/service,102.8,1,0,0,1,0,0,20,0,0,6,16,1,10,0,0,6,12,0,0,0,10.8,1.4,1.74,Not on time
1,17,5,9147,1,1,133,1,Secondary,Secondary,Clerical/service,Clerical/service,129.2,1,0,0,1,0,0,19,0,0,5,9,2,11,0,0,5,12,2,10,0,7.6,2.6,0.32,Not on time
1,1,1,9500,1,1,127,1,Higher,Secondary,High-skilled,Low-skilled,119.3,1,0,0,1,0,0,20,0,0,7,7,7,14.105714285714300,0,0,8,8,8,13.6625,0,11.1,0.6,2.02,Graduate
1,1,5,9500,1,1,141,1,Basic,Basic,Low-skilled,Manual skilled,126.3,1,0,0,1,0,0,20,0,0,8,12,7,12.471428571428600,0,0,8,12,7,12.471428571428600,0,12.7,3.7,-1.7,Graduate
1,44,1,9085,1,39,140,1,Higher,Secondary,Clerical/service,High-skilled,140,1,0,0,1,0,1,20,0,2,6,11,6,11.833333333333300,0,1,6,17,5,11.857142857142900,0,12.4,0.5,1.79,Graduate
1,1,3,9070,1,1,150,1,Secondary,Secondary,Clerical/service,Manual skilled,131.5,1,0,0,1,0,0,20,0,0,6,6,6,12.5,0,0,6,6,6,12.833333333333300,0,7.6,2.6,0.32,Graduate
1,1,6,9853,1,1,140,1,Basic,Basic,Low-skilled,Manual skilled,137.6,1,0,0,1,0,0,18,0,0,6,7,6,11.666666666666700,0,0,6,7,6,12.333333333333300,0,10.8,1.4,1.74,Not on time
1,1,1,171,1,1,141,1,Higher,Secondary,Clerical/service,Clerical/service,142.8,1,0,0,1,0,0,18,0,0,0,0,0,0,0,0,0,0,0,0,0,12.4,0.5,1.79,Graduate
4,39,1,9991,0,1,150,1,Basic,Basic,Low-skilled,Low-skilled,146.2,0,0,0,1,0,0,30,0,0,5,11,3,10.333333333333300,0,0,5,10,4,12.8,0,12.4,0.5,1.79,Not on time
1,1,2,9085,1,1,160,1,Higher,Basic,High-skilled,Clerical/service,162.1,1,0,0,1,0,0,18,0,0,5,8,5,16.166666666666700,2,0,5,9,5,14.285714285714300,1,9.4,-0.8,-3.12,Graduate
1,39,1,9085,1,19,133.1,1,Basic,Basic,Clerical/service,Manual skilled,140,0,0,0,1,0,0,35,0,0,6,11,3,12.666666666666700,0,0,6,7,0,0,0,11.1,0.6,2.02,Not on time
1,39,1,8014,0,1,133.1,1,Basic,Basic,Manual skilled,Manual skilled,120,0,0,1,0,0,0,31,0,0,6,14,2,10.5,0,0,6,6,3,12.333333333333300,0,11.1,0.6,2.02,Not on time
1,43,1,9254,1,1,134,1,Basic,Basic,Low-skilled,Low-skilled,133.3,1,0,1,1,0,0,19,0,0,6,13,2,11.5,0,0,6,13,1,11,0,7.6,2.6,0.32,Not on time
1,1,4,9238,1,1,130,1,Secondary,Basic,Clerical/service,Clerical/service,124.8,1,0,0,1,0,0,19,0,0,6,6,6,13,0,0,6,8,5,13.4,0,8.9,1.4,3.51,Graduate
1,17,4,9500,1,1,140,1,Basic,Basic,Clerical/service,Manual skilled,133.3,1,0,0,1,0,0,19,0,0,7,7,6,11.966666666666700,0,0,7,7,6,11.966666666666700,0,7.6,2.6,0.32,Graduate
1,17,1,9500,1,1,145,1,Higher,Higher,High-skilled,High-skilled,141.8,0,0,0,1,0,0,19,0,0,8,8,8,13.3475,0,0,8,8,8,13.3475,0,9.4,-0.8,-3.12,Graduate
1,1,3,9085,1,1,133,1,Secondary,Basic,Low-skilled,Other/unknown,128.2,0,0,0,1,0,0,21,0,0,5,7,5,12,0,0,5,7,4,12.5,0,7.6,2.6,0.32,Graduate
1,17,3,9853,1,1,133.1,1,Unknown,Unknown,Other/unknown,Other/unknown,115,0,0,0,1,0,0,18,0,0,6,10,2,10.5,0,0,6,13,0,0,0,7.6,2.6,0.32,Not on time
1,17,1,9238,1,1,132,1,Basic,Basic,Low-skilled,Low-skilled,123.6,1,0,0,1,0,0,18,0,0,6,9,4,11.5,0,0,6,10,4,10.75,0,7.6,2.6,0.32,Not on time
1,1,2,171,1,1,117,1,Basic,Basic,Clerical/service,Low-skilled,120.2,1,0,0,1,1,0,19,0,0,0,0,0,0,0,0,0,0,0,0,0,7.6,2.6,0.32,Graduate
1,1,1,9670,1,1,127,1,Higher,Basic,High-skilled,Low-skilled,127,1,0,0,1,1,0,18,0,0,6,9,6,13.571428571428600,0,0,6,11,4,14,0,12.4,0.5,1.79,Graduate
1,17,1,9085,1,1,134,1,Basic,Basic,High-skilled,High-skilled,120.4,1,0,0,1,1,0,18,0,0,6,10,6,14.7,0,0,6,10,6,12,0,16.2,0.3,-0.92,Graduate
1,39,1,9991,0,1,120,1,Basic,Basic,Low-skilled,Low-skilled,120,1,0,0,0,1,0,25,0,0,5,5,0,0,0,0,5,5,0,0,0,9.4,-0.8,-3.12,Not on time
1,1,1,9500,1,1,136,1,Higher,Higher,High-skilled,High-skilled,120,1,0,0,1,1,0,18,0,0,7,8,6,11.833333333333300,0,0,7,8,6,11.833333333333300,0,7.6,2.6,0.32,Not on time
1,1,3,171,1,1,137,1,Secondary,Higher,Clerical/service,High-skilled,133.9,1,0,0,1,1,0,19,0,0,0,0,0,0,0,0,0,0,0,0,0,12.7,3.7,-1.7,Graduate
1,1,6,9500,1,1,118,1,Basic,Basic,High-skilled,High-skilled,113.5,1,0,0,1,1,0,18,0,0,7,7,7,13.175714285714300,0,0,8,8,8,14.925,0,12.4,0.5,1.79,Graduate
1,39,1,9003,1,1,130,1,Secondary,Secondary,Low-skilled,Low-skilled,126.1,0,0,0,1,1,0,24,0,0,6,7,0,0,0,0,6,10,0,0,0,12.4,0.5,1.79,Not on time
1,1,1,9238,1,1,124,1,Basic,Basic,Manual skilled,Low-skilled,121.2,0,0,0,1,0,0,19,0,0,6,12,2,13,0,0,6,9,6,10.833333333333300,0,7.6,2.6,0.32,Not on time
5,7,1,9500,1,40,150,1,Basic,Basic,Clerical/service,Low-skilled,150,0,0,0,1,0,0,29,0,1,8,11,7,13.742857142857100,0,1,8,11,7,13.742857142857100,0,12.7,3.7,-1.7,Graduate
1,43,1,9991,0,1,161,1,Basic,Basic,Low-skilled,Low-skilled,100,1,0,0,1,0,0,27,0,0,5,5,0,0,0,0,5,5,0,0,0,7.6,2.6,0.32,Not on time
1,17,6,9500,1,1,143,1,Basic,Secondary,Low-skilled,Other/unknown,127.3,1,0,0,1,0,0,18,0,0,7,8,7,12.217142857142900,0,0,8,11,7,12.11875,0,11.1,0.6,2.02,Graduate
2,43,1,9991,0,1,130,1,Basic,Basic,Low-skilled,Low-skilled,103.8,0,0,0,1,0,0,28,0,14,15,15,14,11.071428571428600,0,12,14,16,12,11.333333333333300,1,9.4,-0.8,-3.12,Not on time
2,39,1,9853,1,19,133.1,1,Basic,Basic,Low-skilled,Low-skilled,131,0,0,0,1,0,1,32,0,0,7,10,7,13.428571428571400,0,2,8,8,8,13.25,0,13.9,-0.3,0.79,Graduate
1,39,1,9991,0,1,110,1,Basic,Basic,Manual skilled,Manual skilled,133.9,0,0,0,1,0,0,30,0,0,5,7,5,11.4,0,0,5,6,5,13.666666666666700,0,10.8,1.4,1.74,Not on time
1,7,1,9500,1,2,140,1,Basic,Basic,Manual skilled,Manual skilled,140,0,0,0,1,0,0,29,0,0,8,14,4,11.325,1,0,8,14,4,11.325,1,12.7,3.7,-1.7,Not on time
1,1,2,9238,1,1,145,1,Secondary,Basic,Clerical/service,Manual skilled,121.4,0,0,0,1,0,0,20,0,0,6,13,0,0,0,0,5,11,0,0,0,9.4,-0.8,-3.12,Not on time
1,1,1,9500,1,1,131,1,Secondary,Secondary,Low-skilled,Low-skilled,122,0,0,0,1,0,0,19,0,0,8,8,7,15,0,0,8,8,7,15,0,12.7,3.7,-1.7,Graduate
1,39,2,8014,0,1,141,1,Basic,Basic,Low-skilled,Low-skilled,150.5,0,0,0,1,0,0,29,0,0,6,7,6,13.166666666666700,0,0,6,8,6,15.625,0,12.4,0.5,1.79,Graduate
2,1,1,9238,1,1,145,1,Basic,Unknown,Low-skilled,Manual skilled,139.4,0,0,0,0,0,0,27,0,0,6,12,2,11,0,0,6,14,4,10.5,0,9.4,-0.8,-3.12,Not on time
1,1,1,9238,1,1,122,1,Basic,Basic,Low-skilled,Low-skilled,112.6,0,0,0,1,0,0,19,0,0,6,0,0,0,0,0,6,0,0,0,0,12.4,0.5,1.79,Not on time
1,17,1,9670,1,1,118,1,Basic,Basic,Manual skilled,Manual skilled,115.2,1,0,0,1,0,1,21,0,0,5,7,3,12.333333333333300,0,0,5,5,2,12.5,0,7.6,2.6,0.32,Not on time
2,1,1,9991,0,1,150,1,Basic,Basic,Low-skilled,Low-skilled,131.8,0,0,0,0,0,0,29,0,0,5,6,4,12.25,0,0,5,6,5,10.166666666666700,0,10.8,1.4,1.74,Not on time
2,43,1,9147,1,2,120,1,Basic,Basic,Low-skilled,Low-skilled,122.8,0,0,1,0,0,0,42,0,13,13,13,13,11.923076923076900,0,12,12,12,12,12.5,0,15.5,2.8,-4.06,Not on time
1,1,1,9238,1,1,167,1,Basic,Basic,Low-skilled,Manual skilled,156.2,0,0,0,1,0,1,18,0,0,6,6,6,14.333333333333300,0,0,6,7,6,14.142857142857100,0,15.5,2.8,-4.06,Graduate
1,39,1,9085,1,1,150,1,Basic,Basic,Low-skilled,Low-skilled,132,1,0,0,1,0,0,24,0,0,5,6,5,12,0,0,5,5,5,13,0,10.8,1.4,1.74,Graduate
2,7,1,9500,1,3,130,1,Basic,Basic,Low-skilled,Clerical/service,130,0,0,0,1,0,0,32,0,0,7,9,7,13.761111111111100,0,1,8,11,7,12.06375,0,15.5,2.8,-4.06,Not on time
1,1,1,9147,1,1,151,1,Basic,Secondary,Clerical/service,Other/unknown,138.4,0,0,0,1,0,0,18,0,0,5,6,4,11.25,0,0,5,8,5,11,0,10.8,1.4,1.74,Not on time
1,39,1,9991,0,1,120,1,Basic,Basic,Clerical/service,Manual skilled,146.2,0,0,0,1,0,0,27,0,0,5,10,3,12.333333333333300,0,0,5,10,3,10.666666666666700,0,11.1,0.6,2.02,Graduate
1,1,4,9500,1,1,168,1,Basic,Secondary,Low-skilled,Other/unknown,166,1,0,0,1,0,0,18,0,0,8,8,8,14.88875,0,0,8,8,8,14.88875,0,9.4,-0.8,-3.12,Graduate
1,17,3,9773,1,1,153,1,Unknown,Unknown,Other/unknown,Other/unknown,133.1,1,0,1,1,0,1,19,0,0,6,8,6,12.166666666666700,0,0,6,8,5,12.4,0,9.4,-0.8,-3.12,Not on time
1,1,2,9773,1,1,131,1,Basic,Basic,Low-skilled,Other/unknown,121.9,1,0,0,1,0,1,18,0,0,6,7,6,12.666666666666700,0,0,6,6,6,13.333333333333300,0,11.1,0.6,2.02,Graduate
1,5,4,9853,1,1,116,1,Higher,Basic,High-skilled,Manual skilled,110.4,1,0,0,1,0,0,21,0,0,6,9,5,12.6,0,0,6,9,3,11.666666666666700,0,9.4,-0.8,-3.12,Not on time
1,39,1,9147,1,1,160,1,Basic,Basic,Manual skilled,Low-skilled,121.4,0,1,0,1,0,1,26,0,0,5,8,4,13,0,0,5,10,4,12.25,2,16.2,0.3,-0.92,Graduate
1,1,1,9254,1,1,152,1,Basic,Basic,Low-skilled,Low-skilled,137,1,0,0,1,0,1,22,0,0,6,9,6,13.875,0,0,6,6,6,14.333333333333300,0,9.4,-0.8,-3.12,Graduate
2,39,1,9991,0,1,133.1,1,Basic,Basic,Manual skilled,High-skilled,140,0,0,1,1,1,0,37,0,0,5,10,4,10.75,0,0,5,12,3,13.333333333333300,0,9.4,-0.8,-3.12,Not on time
1,7,1,9085,1,3,150,1,Basic,Basic,Other/unknown,Other/unknown,140,0,0,0,1,1,0,24,0,3,5,10,3,14.666666666666700,1,0,5,5,0,0,0,7.6,2.6,0.32,Not on time
1,18,2,9853,1,1,168,1,Secondary,Basic,High-skilled,Low-skilled,126.8,1,0,0,1,1,0,18,0,0,6,7,5,12.6,0,0,6,6,6,13,0,10.8,1.4,1.74,Not on time
1,17,3,9500,1,1,137,1,Secondary,Secondary,Clerical/service,Other/unknown,124.8,1,0,0,1,1,1,19,0,0,7,11,6,12.4125,0,0,8,12,7,11.2625,0,15.5,2.8,-4.06,Graduate
2,39,1,9130,1,19,133.1,1,Higher,Secondary,Manual skilled,Manual skilled,120,1,0,1,0,1,0,28,0,0,6,12,1,11,0,0,6,9,2,10.5,0,16.2,0.3,-0.92,Not on time
1,1,4,9500,1,1,160,1,Basic,Basic,Manual skilled,Manual skilled,133,1,0,0,1,1,1,18,0,0,8,8,7,14.314285714285700,0,0,8,8,7,14.314285714285700,0,12.7,3.7,-1.7,Graduate
1,1,1,9070,1,1,145,1,Secondary,Basic,Clerical/service,Manual skilled,127.5,1,0,0,1,1,0,20,0,0,6,6,4,12,0,0,6,8,2,11.333333333333300,0,10.8,1.4,1.74,Not on time
1,1,1,9773,1,1,138,1,Secondary,Basic,Clerical/service,Clerical/service,131.7,1,0,0,1,1,0,18,0,0,6,6,6,12.833333333333300,0,0,6,7,6,13.285714285714300,0,15.5,2.8,-4.06,Graduate
2,39,1,9773,1,1,100,1,Basic,Basic,Low-skilled,Low-skilled,133,0,0,0,1,1,0,47,0,0,6,8,5,11.4,0,0,6,10,6,11.666666666666700,0,12.7,3.7,-1.7,Not on time
2,43,1,9991,0,1,140,1,Basic,Basic,Clerical/service,High-skilled,122.7,0,0,0,1,1,0,38,0,0,5,5,5,14.6,0,0,5,6,5,14.333333333333300,0,13.9,-0.3,0.79,Graduate
1,1,1,9070,1,1,124,1,Basic,Basic,Low-skilled,Clerical/service,121.2,0,0,0,1,1,1,20,0,1,6,7,6,13.5,0,1,6,9,5,12.5,0,10.8,1.4,1.74,Graduate
1,44,1,9130,1,39,150,1,Basic,Basic,Low-skilled,High-skilled,150,1,0,0,1,1,0,21,0,1,6,8,6,12.5,0,0,6,11,3,13.333333333333300,0,13.9,-0.3,0.79,Not on time
1,43,1,9070,1,1,125,1,Basic,Basic,Manual skilled,Manual skilled,133.4,1,0,0,1,1,1,19,0,4,6,6,4,13,0,2,6,7,5,12.2,0,13.9,-0.3,0.79,Not on time
1,43,1,33,1,1,143,1,Basic,Secondary,Low-skilled,Other/unknown,121.2,1,0,0,1,1,0,25,0,5,10,13,5,11.6,0,2,8,10,2,13,0,12.4,0.5,1.79,Not on time
1,1,1,9130,1,1,137,1,Higher,Basic,High-skilled,Clerical/service,129.3,1,0,0,1,0,0,18,0,0,5,6,5,11.8,1,0,5,8,5,11.6,0,9.4,-0.8,-3.12,Graduate
4,39,1,9500,1,19,133.1,1,Basic,Basic,Manual skilled,Manual skilled,117.8,0,0,1,0,0,0,46,0,0,7,14,3,12.333333333333300,0,0,7,12,3,11.083333333333300,0,11.1,0.6,2.02,Not on time
1,43,2,9500,1,1,136,1,Basic,Basic,Low-skilled,Clerical/service,131.3,0,0,0,1,0,0,23,0,11,14,15,12,12.625,1,11,14,15,12,12.625,1,7.6,2.6,0.32,Graduate
1,1,1,9070,1,1,132,1,Secondary,Secondary,Low-skilled,Low-skilled,133.8,1,0,0,1,0,1,20,0,0,6,6,6,13.833333333333300,0,0,6,6,6,13.5,0,16.2,0.3,-0.92,Graduate
1,44,1,9070,1,39,120,1,Higher,Basic,High-skilled,Low-skilled,120,0,0,0,1,1,0,20,0,2,7,7,6,12.5,0,5,9,10,7,13.142857142857100,1,16.2,0.3,-0.92,Graduate
1,1,6,9773,1,1,125,1,Secondary,Secondary,Clerical/service,Clerical/service,122.2,0,0,0,1,1,0,19,0,0,6,7,5,13.6,0,0,6,8,5,12.666666666666700,0,15.5,2.8,-4.06,Graduate
1,1,2,9773,1,1,120,105,Secondary,Secondary,Low-skilled,Low-skilled,119,1,0,1,0,0,0,18,1,0,6,6,6,12,0,0,6,6,2,11,0,11.1,0.6,2.02,Not on time
1,1,1,9500,1,1,154,1,Basic,Basic,Low-skilled,Low-skilled,149.5,1,0,0,1,0,1,30,0,0,7,8,7,14.9125,0,0,8,9,1,13.5,0,13.9,-0.3,0.79,Not on time
1,1,1,9147,1,1,180,1,Basic,Basic,Manual skilled,Clerical/service,153.8,1,0,0,1,0,1,20,0,0,5,5,5,13.8,0,0,5,6,5,12,0,9.4,-0.8,-3.12,Graduate
1,10,1,9773,1,1,152,22,Basic,Basic,Clerical/service,Low-skilled,152,1,0,0,1,0,0,22,1,0,6,8,6,11.666666666666700,0,0,6,6,6,13,0,12.7,3.7,-1.7,Graduate